#VRML V2.0 utf8
DEF TXFM_1 Transform {
  center 0 0 0
  rotation 0 0 1 0
  scale 0.00254 0.00254 0.00254
  scaleOrientation 0 0 1 0
  translation 0 0 0
 children [
DEF TXFM_2 Transform {
  center 0 0 0
  rotation 0 0 -1 1.5707963
  scale 1 1 1
  scaleOrientation 0 0 1 0
  translation 60.23622 -45.153543 0.31496063
 children [
DEF TXFM_3 Transform {
  center 0 0 0
  rotation 0 0 1 0
  scale 1 1 1
  scaleOrientation 0 0 1 0
  translation 0 0 0
 children [
DEF TXFM_4 Transform {
  center 0 0 0
  rotation 0 0 1 0
  scale 1 1 1
  scaleOrientation 0 0 1 0
  translation 0 0 0
 children [
DEF TXFM_5 Transform {
  center 0 0 0
  rotation 0 0 1 0
  scale 1 1 1
  scaleOrientation 0 0 1 0
  translation 0 0 0
 children [
DEF SHAPE_1 Shape {
 appearance DEF APP_1 Appearance {
  material Material {
   ambientIntensity 0.13665412
   diffuseColor 0.88300002 0.71100003 0.49200001
   emissiveColor 0 0 0
   shininess 0.1
   specularColor 0.12 0.12 0.12
   transparency 0
} }
 geometry DEF FACE_1 IndexedFaceSet {
  coord DEF COORD_1 Coordinate { point [
  0.9488189 0.31496063 0.31496063,0.9488189 0.30422861 0.39647844,
  0.9488189 0.27276391 0.47244094,0.9488189 0.2227108 0.53767143,
  0.9488189 0.15748031 0.58772454,0.9488189 0.081517809 0.61918924,
  0.9488189 0 0.62992126,0.9488189 -0.081517809 0.61918924,
  0.9488189 -0.15748031 0.58772454,0.9488189 -0.2227108 0.53767143,
  0.9488189 -0.27276391 0.47244094,0.9488189 -0.30422861 0.39647844,
  0.9488189 -0.31496063 0.31496063,0.9488189 -0.30422861 0.23344282,
  0.9488189 -0.27276391 0.15748031,0.9488189 -0.2227108 0.092249833,
  0.9488189 -0.15748031 0.042196723,0.9488189 -0.081517809 0.010732023,
  0.9488189 0 0,0.9488189 0.081517809 0.010732023,
  0.9488189 0.15748031 0.042196723,0.9488189 0.2227108 0.092249833,
  0.9488189 0.27276391 0.15748031,0.9488189 0.30422861 0.23344282,
  0.9488189 0.31496063 0.31496063,1.1456693 0.31496063 0.31496063,
  1.1456693 0.31496063 0.31496063,1.1456693 0.30422861 0.39647844,
  1.1456693 0.27276391 0.47244094,1.1456693 0.2227108 0.53767143,
  1.1456693 0.15748031 0.58772454,1.1456693 0.081517809 0.61918924,
  1.1456693 0 0.62992126,1.1456693 -0.081517809 0.61918924,
  1.1456693 -0.15748031 0.58772454,1.1456693 -0.2227108 0.53767143,
  1.1456693 -0.27276391 0.47244094,1.1456693 -0.30422861 0.39647844,
  1.1456693 -0.31496063 0.31496063,1.1456693 -0.30422861 0.23344282,
  1.1456693 -0.27276391 0.15748031,1.1456693 -0.2227108 0.092249833,
  1.1456693 -0.15748031 0.042196723,1.1456693 -0.081517809 0.010732023,
  1.1456693 0 0,1.1456693 0.081517809 0.010732023,
  1.1456693 0.15748031 0.042196723,1.1456693 0.2227108 0.092249833,
  1.1456693 0.27276391 0.15748031,1.1456693 0.30422861 0.23344282] }
 coordIndex [
  23,24,25,-1,23,25,49,-1,22,49,48,-1,22,23,49,-1,21,48,47,-1,21,22,48,-1,20,47,46,-1,20,21,47,-1,
  19,46,45,-1,19,20,46,-1,18,45,44,-1,18,19,45,-1,17,44,43,-1,17,18,44,-1,16,43,42,-1,16,17,43,-1,
  15,42,41,-1,15,16,42,-1,14,41,40,-1,14,15,41,-1,13,40,39,-1,13,14,40,-1,12,13,39,-1,12,38,37,-1,
  12,39,38,-1,11,12,37,-1,10,11,37,-1,10,37,36,-1,9,10,36,-1,9,36,35,-1,8,9,35,-1,8,35,34,-1,
  7,8,34,-1,7,34,33,-1,6,7,33,-1,6,33,32,-1,5,32,31,-1,5,6,32,-1,4,5,31,-1,4,31,30,-1,
  3,30,29,-1,3,4,30,-1,2,29,28,-1,2,3,29,-1,1,28,27,-1,1,2,28,-1,0,27,26,-1,0,1,27,-1]
  normalPerVertex TRUE
  normal DEF NORM_1 Normal { vector [
  0 0.99144486 0.13052619,0 0.95364993 0.30091828,
  0 0.84327172 0.5374875,0 0.67542593 0.73742784,
  0 0.46155098 0.88711369,0 0.21622209 0.9763442,
  0 -0.04384197 0.99903848,0 -0.30091828 0.95364993,
  0 -0.5374875 0.84327172,0 -0.73742784 0.67542593,
  0 -0.88711369 0.46155098,0 -0.96592583 0.25881905,
  0 -1 0,0 -0.95364993 -0.30091828,
  0 -0.84327172 -0.5374875,0 -0.67542593 -0.73742784,
  0 -0.46155098 -0.88711369,0 -0.21622209 -0.9763442,
  0 0.04384197 -0.99903848,0 0.30091828 -0.95364993,
  0 0.5374875 -0.84327172,0 0.73742784 -0.67542593,
  0 0.88711369 -0.46155098,0 0.9763442 -0.21622209,
  0 0.99144486 -0.13052619,0 0.99144486 -0.13052619,
  0 0.99144486 0.13052619,0 0.9763442 0.21622209,
  0 0.88711369 0.46155098,0 0.73742784 0.67542593,
  0 0.5374875 0.84327172,0 0.30091828 0.95364993,
  0 0.04384197 0.99903848,0 -0.21622209 0.9763442,
  0 -0.46155098 0.88711369,0 -0.67542593 0.73742784,
  0 -0.84327172 0.5374875,0 -0.96592583 0.25881905,
  0 -1 0,0 -0.9763442 -0.21622209,
  0 -0.88711369 -0.46155098,0 -0.73742784 -0.67542593,
  0 -0.5374875 -0.84327172,0 -0.30091828 -0.95364993,
  0 -0.04384197 -0.99903848,0 0.21622209 -0.9763442,
  0 0.46155098 -0.88711369,0 0.67542593 -0.73742784,
  0 0.84327172 -0.5374875,0 0.95364993 -0.30091828] }
}
}
DEF SHAPE_2 Shape {
 appearance USE APP_1
 geometry DEF FACE_2 IndexedFaceSet {
  coord DEF COORD_2 Coordinate { point [
  0.79133858 0.15748031 0.31496063,0.79133858 0.1521143 0.35571953,
  0.79133858 0.13638195 0.39370079,0.79133858 0.1113554 0.42631603,
  0.79133858 0.078740157 0.45134258,0.79133858 0.040758905 0.46707493,
  0.79133858 0 0.47244094,0.79133858 -0.040758905 0.46707493,
  0.79133858 -0.078740157 0.45134258,0.79133858 -0.1113554 0.42631603,
  0.79133858 -0.13638195 0.39370079,0.79133858 -0.1521143 0.35571953,
  0.79133858 -0.15748031 0.31496063,0.79133858 -0.1521143 0.27420173,
  0.79133858 -0.13638195 0.23622047,0.79133858 -0.1113554 0.20360523,
  0.79133858 -0.078740157 0.17857868,0.79133858 -0.040758905 0.16284633,
  0.79133858 0 0.15748031,0.79133858 0.040758905 0.16284633,
  0.79133858 0.078740157 0.17857868,0.79133858 0.1113554 0.20360523,
  0.79133858 0.13638195 0.23622047,0.79133858 0.1521143 0.27420173,
  0.79133858 0.15748031 0.31496063,0.9488189 0.31496063 0.31496063,
  0.90805999 0.30959462 0.31496063,0.87007874 0.29386227 0.31496063,
  0.8374635 0.26883571 0.31496063,0.81243694 0.23622047 0.31496063,
  0.79670459 0.19823922 0.31496063,0.9488189 0.31496063 0.31496063,
  0.9488189 0.30422861 0.39647844,0.9488189 0.27276391 0.47244094,
  0.9488189 0.2227108 0.53767143,0.9488189 0.15748031 0.58772454,
  0.9488189 0.081517809 0.61918924,0.9488189 0 0.62992126,
  0.9488189 -0.081517809 0.61918924,0.9488189 -0.15748031 0.58772454,
  0.9488189 -0.2227108 0.53767143,0.9488189 -0.27276391 0.47244094,
  0.9488189 -0.30422861 0.39647844,0.9488189 -0.31496063 0.31496063,
  0.9488189 -0.30422861 0.23344282,0.9488189 -0.27276391 0.15748031,
  0.9488189 -0.2227108 0.092249833,0.9488189 -0.15748031 0.042196723,
  0.9488189 -0.081517809 0.010732023,0.9488189 0 0,
  0.9488189 0.081517809 0.010732023,0.9488189 0.15748031 0.042196723,
  0.9488189 0.2227108 0.092249833,0.9488189 0.27276391 0.15748031,
  0.9488189 0.30422861 0.23344282,0.90805999 0.30959462 0.31496063,
  0.87007874 0.29386227 0.31496063,0.8374635 0.26883571 0.31496063,
  0.81243694 0.23622047 0.31496063,0.79670459 0.19823922 0.31496063,
  0.90805999 0.29904544 0.23483165,0.87007874 0.28384915 0.23890348,
  0.90805999 0.2681168 0.16016332,0.8374635 0.25967536 0.24538083,
  0.87007874 0.25449219 0.1680295,0.81243694 0.22817146 0.25382227,
  0.90805999 0.21891645 0.096044176,0.8374635 0.23281856 0.18054277,
  0.79670459 0.19148438 0.26365254,0.87007874 0.207792 0.10716863,
  0.81243694 0.20457293 0.19685039,0.90805999 0.15479731 0.046843826,
  0.8374635 0.19009556 0.12486507,0.79670459 0.1716802 0.21584102,
  0.87007874 0.14693113 0.06046844,0.81243694 0.1670331 0.14792753,
  0.8374635 0.13441786 0.082142073,0.79670459 0.1401763 0.17478433,
  0.87007874 0.076057152 0.031111476,0.81243694 0.11811024 0.1103877,
  0.90805999 0 0.0053660116,0.8374635 0.069579803 0.055285271,
  0.79670459 0.09911961 0.14328043,0.87007874 0 0.021098362,
  0.81243694 0.061138357 0.086789175,0.90805999 -0.080128983 0.015915192,
  0.8374635 0 0.046124916,0.79670459 0.051308086 0.12347625,
  0.87007874 -0.076057152 0.031111476,0.81243694 0 0.078740157,
  0.90805999 -0.15479731 0.046843826,0.8374635 -0.069579803 0.055285271,
  0.79670459 0 0.11672141,0.87007874 -0.14693113 0.06046844,
  0.81243694 -0.061138357 0.086789175,0.90805999 -0.21891645 0.096044176,
  0.8374635 -0.13441786 0.082142073,0.79670459 -0.051308086 0.12347625,
  0.87007874 -0.207792 0.10716863,0.81243694 -0.11811024 0.1103877,
  0.8374635 -0.19009556 0.12486507,0.79670459 -0.09911961 0.14328043,
  0.87007874 -0.25449219 0.1680295,0.81243694 -0.1670331 0.14792753,
  0.8374635 -0.23281856 0.18054277,0.79670459 -0.1401763 0.17478433,
  0.87007874 -0.28384915 0.23890348,0.81243694 -0.20457293 0.19685039,
  0.90805999 -0.30959462 0.31496063,0.8374635 -0.25967536 0.24538083,
  0.79670459 -0.1716802 0.21584102,0.87007874 -0.29386227 0.31496063,
  0.81243694 -0.22817146 0.25382227,0.90805999 -0.29904544 0.39508961,
  0.8374635 -0.26883571 0.31496063,0.79670459 -0.19148438 0.26365254,
  0.87007874 -0.28384915 0.39101778,0.81243694 -0.23622047 0.31496063,
  0.8374635 -0.25967536 0.38454043,0.79670459 -0.19823922 0.31496063,
  0.87007874 -0.25449219 0.46189176,0.81243694 -0.22817146 0.37609899,
  0.8374635 -0.23281856 0.44937849,0.79670459 -0.19148438 0.36626872,
  0.87007874 -0.207792 0.52275263,0.81243694 -0.20457293 0.43307087,
  0.90805999 -0.15479731 0.58307743,0.8374635 -0.19009556 0.50505619,
  0.79670459 -0.1716802 0.41408024,0.87007874 -0.14693113 0.56945282,
  0.81243694 -0.1670331 0.48199373,0.90805999 -0.080128983 0.61400607,
  0.8374635 -0.13441786 0.54777919,0.79670459 -0.1401763 0.45513693,
  0.87007874 -0.076057152 0.59880978,0.81243694 -0.11811024 0.51953356,
  0.90805999 0 0.62455525,0.8374635 -0.069579803 0.57463599,
  0.79670459 -0.09911961 0.48664083,0.87007874 0 0.6088229,
  0.81243694 -0.061138357 0.54313208,0.90805999 0.080128983 0.61400607,
  0.8374635 0 0.58379634,0.79670459 -0.051308086 0.50644501,
  0.87007874 0.076057152 0.59880978,0.81243694 0 0.5511811,
  0.90805999 0.15479731 0.58307743,0.8374635 0.069579803 0.57463599,
  0.79670459 0 0.51319985,0.87007874 0.14693113 0.56945282,
  0.81243694 0.061138357 0.54313208,0.90805999 0.21891645 0.53387708,
  0.8374635 0.13441786 0.54777919,0.79670459 0.051308086 0.50644501,
  0.87007874 0.207792 0.52275263,0.81243694 0.11811024 0.51953356,
  0.90805999 0.2681168 0.46975794,0.8374635 0.19009556 0.50505619,
  0.79670459 0.09911961 0.48664083,0.87007874 0.25449219 0.46189176,
  0.81243694 0.1670331 0.48199373,0.90805999 0.29904544 0.39508961,
  0.8374635 0.23281856 0.44937849,0.79670459 0.1401763 0.45513693,
  0.87007874 0.28384915 0.39101778,0.81243694 0.20457293 0.43307087,
  0.8374635 0.25967536 0.38454043,0.79670459 0.1716802 0.41408024,
  0.81243694 0.22817146 0.37609899,0.79670459 0.19148438 0.36626872] }
 coordIndex [
  60,26,25,-1,60,25,54,-1,61,27,26,-1,61,26,60,-1,62,60,54,-1,62,54,53,-1,63,27,61,-1,63,28,27,-1,
  64,60,62,-1,64,61,60,-1,65,29,28,-1,65,28,63,-1,66,53,52,-1,66,62,53,-1,67,63,61,-1,67,61,64,-1,
  68,23,24,-1,68,30,29,-1,68,24,30,-1,68,29,65,-1,69,62,66,-1,69,64,62,-1,70,65,63,-1,70,63,67,-1,
  71,51,50,-1,71,52,51,-1,71,66,52,-1,72,64,69,-1,72,67,64,-1,73,22,23,-1,73,23,68,-1,73,68,65,-1,
  73,65,70,-1,74,69,66,-1,74,66,71,-1,75,67,72,-1,75,70,67,-1,76,72,69,-1,76,69,74,-1,77,70,75,-1,
  77,21,22,-1,77,22,73,-1,77,73,70,-1,78,71,50,-1,78,74,71,-1,79,75,72,-1,79,72,76,-1,80,78,50,-1,
  80,50,49,-1,81,76,74,-1,81,74,78,-1,82,77,75,-1,82,20,21,-1,82,75,79,-1,82,21,77,-1,83,78,80,-1,
  84,76,81,-1,84,79,76,-1,85,49,48,-1,85,80,49,-1,86,81,78,-1,86,78,83,-1,87,19,20,-1,87,20,82,-1,
  87,82,79,-1,87,79,84,-1,88,83,80,-1,88,80,85,-1,89,84,81,-1,89,81,86,-1,90,48,47,-1,90,85,48,-1,
  91,83,88,-1,91,86,83,-1,92,84,89,-1,92,18,19,-1,92,19,87,-1,92,87,84,-1,93,88,85,-1,93,85,90,-1,
  94,89,86,-1,94,86,91,-1,95,90,47,-1,95,46,45,-1,95,47,46,-1,96,91,88,-1,96,88,93,-1,97,18,92,-1,
  97,89,94,-1,97,17,18,-1,97,92,89,-1,98,93,90,-1,98,90,95,-1,98,96,93,-1,99,94,91,-1,99,91,96,-1,
  100,96,98,-1,101,16,17,-1,101,94,99,-1,101,97,94,-1,101,17,97,-1,102,98,95,-1,102,95,45,-1,102,45,44,-1,
  103,99,96,-1,103,96,100,-1,104,98,102,-1,104,100,98,-1,105,15,16,-1,105,16,101,-1,105,99,103,-1,105,101,99,-1,
  106,102,44,-1,107,103,100,-1,107,100,104,-1,108,44,43,-1,108,106,44,-1,109,104,102,-1,109,102,106,-1,110,14,15,-1,
  110,15,105,-1,110,105,103,-1,110,103,107,-1,111,106,108,-1,112,107,104,-1,112,104,109,-1,113,111,108,-1,113,42,41,-1,
  113,43,42,-1,113,108,43,-1,114,109,106,-1,114,106,111,-1,115,13,14,-1,115,14,110,-1,115,110,107,-1,115,107,112,-1,
  116,111,113,-1,117,112,109,-1,117,109,114,-1,118,114,111,-1,118,111,116,-1,118,117,114,-1,119,12,13,-1,119,13,115,-1,
  119,115,112,-1,119,112,117,-1,120,113,41,-1,120,116,113,-1,121,117,118,-1,122,121,118,-1,122,118,116,-1,122,116,120,-1,
  123,11,12,-1,123,12,119,-1,123,119,117,-1,123,117,121,-1,124,122,120,-1,124,41,40,-1,124,120,41,-1,125,121,122,-1,
  126,124,40,-1,126,40,39,-1,127,122,124,-1,127,125,122,-1,128,123,121,-1,128,121,125,-1,128,10,11,-1,128,11,123,-1,
  129,124,126,-1,130,125,127,-1,131,126,39,-1,131,39,38,-1,132,124,129,-1,132,127,124,-1,133,8,9,-1,133,9,10,-1,
  133,10,128,-1,133,125,130,-1,133,128,125,-1,134,129,126,-1,134,126,131,-1,135,130,127,-1,135,127,132,-1,135,133,130,-1,
  136,131,38,-1,136,38,37,-1,137,129,134,-1,137,132,129,-1,138,8,133,-1,138,133,135,-1,139,134,131,-1,139,131,136,-1,
  140,135,132,-1,140,132,137,-1,141,37,36,-1,141,136,37,-1,141,139,136,-1,142,137,134,-1,142,134,139,-1,142,140,137,-1,
  143,6,7,-1,143,7,8,-1,143,8,138,-1,143,138,135,-1,143,135,140,-1,144,139,141,-1,144,142,139,-1,145,140,142,-1,
  145,143,140,-1,146,36,35,-1,146,141,36,-1,146,144,141,-1,147,142,144,-1,148,5,6,-1,148,6,143,-1,148,143,145,-1,
  149,144,146,-1,150,145,142,-1,150,142,147,-1,150,148,145,-1,151,35,34,-1,151,146,35,-1,151,149,146,-1,152,147,144,-1,
  152,144,149,-1,152,150,147,-1,153,4,5,-1,153,148,150,-1,153,5,148,-1,154,149,151,-1,155,150,152,-1,156,34,33,-1,
  156,154,151,-1,156,151,34,-1,157,152,149,-1,157,149,154,-1,158,150,155,-1,158,3,4,-1,158,4,153,-1,158,153,150,-1,
  159,154,156,-1,160,155,152,-1,160,152,157,-1,161,32,31,-1,161,33,32,-1,161,31,55,-1,161,156,33,-1,162,160,157,-1,
  162,157,154,-1,162,154,159,-1,163,155,160,-1,163,158,155,-1,163,3,158,-1,164,161,55,-1,164,156,161,-1,164,55,56,-1,
  164,159,156,-1,165,160,162,-1,166,162,159,-1,166,159,164,-1,166,164,56,-1,166,56,57,-1,167,163,160,-1,167,2,3,-1,
  167,160,165,-1,167,3,163,-1,168,165,162,-1,168,162,166,-1,168,166,57,-1,168,57,58,-1,169,0,1,-1,169,1,2,-1,
  169,165,168,-1,169,167,165,-1,169,168,58,-1,169,58,59,-1,169,59,0,-1,169,2,167,-1]
  normalPerVertex TRUE
  normal DEF NORM_2 Normal { vector [
  -0.99129851 0.13050692 0.017181563,-0.99144486 0.12607862 0.033782664,
  -0.99142302 0.11635538 0.059513207,-0.99144486 0.092295956 0.092295956,
  -0.99142302 0.059513207 0.11635538,-0.99142302 0.027370355 0.12779382,
  -0.99142302 -0.0066377404 0.13052332,-0.99144486 -0.033782664 0.12607862,
  -0.99144486 -0.065263096 0.113039,-0.99144486 -0.092295956 0.092295956,
  -0.99142302 -0.10971764 0.07101011,-0.99142302 -0.12435787 0.040193485,
  -0.99142302 -0.13052332 0.0066377404,-0.99142302 -0.12779382 -0.027370355,
  -0.99142302 -0.11635538 -0.059513207,-0.99142302 -0.096987514 -0.087600331,
  -0.99142302 -0.07101011 -0.10971764,-0.99142302 -0.040193485 -0.12435787,
  -0.99142302 -0.0066377404 -0.13052332,-0.99142302 0.027370355 -0.12779382,
  -0.99142302 0.059513207 -0.11635538,-0.99142302 0.087600331 -0.096987514,
  -0.99142302 0.10971764 -0.07101011,-0.99142302 0.12435787 -0.040193485,
  -0.99129851 0.13050692 -0.017181563,-0.12942831 0.9831056 -0.12942831,
  -0.29714344 0.94666413 -0.1246307,-0.53204783 0.83947055 -0.11051839,
  -0.73201727 0.67545758 -0.088925678,-0.88315253 0.46507283 -0.061228,
  -0.96536557 0.25866892 -0.03405441,-0.12942831 0.9831056 0.12942831,
  -0.13052619 0.9576622 0.25660481,-0.13040562 0.87930931 0.45804967,
  -0.13040562 0.7307956 0.67002401,-0.13040562 0.53247937 0.83633731,
  -0.13040562 0.29787555 0.94565561,-0.13040562 0.042972003 0.99052904,
  -0.13040562 -0.21486001 0.96789955,-0.13040562 -0.45804967 0.87930931,
  -0.23312922 -0.6882395 0.68700594,-0.24001095 -0.82248498 0.51566772,
  -0.13052619 -0.9576622 0.25660481,-0.13040562 -0.99052904 0.042972003,
  -0.24001095 -0.92792411 -0.28522199,-0.23312922 -0.84259853 -0.48546729,
  -0.13052619 -0.70105738 -0.70105738,-0.13040562 -0.53247937 -0.83633731,
  -0.13040562 -0.29787555 -0.94565561,-0.13040562 -0.042972003 -0.99052904,
  -0.21573078 0.2527246 -0.94318106,-0.13052619 0.49572243 -0.85861644,
  -0.13040562 0.67002401 -0.7307956,-0.13040562 0.83633731 -0.53247937,
  -0.13040562 0.94565561 -0.29787555,-0.29714344 0.94666413 0.1246307,
  -0.53204783 0.83947055 0.11051839,-0.73201727 0.67545758 0.088925678,
  -0.88315253 0.46507283 0.061228,-0.96536557 0.25866892 0.03405441,
  -0.25736518 0.93414216 -0.24726826,-0.49734052 0.83940278 -0.21921539,
  -0.25736518 0.8383143 -0.48061658,-0.70373729 0.6881272 -0.17673368,
  -0.49734052 0.7540637 -0.42899923,-0.86268606 0.49057891 -0.12290279,
  -0.25736518 0.68535671 -0.68121167,-0.70373729 0.61893779 -0.34881205,
  -0.96355382 0.26133389 -0.057171924,-0.49734052 0.61733643 -0.60954749,
  -0.86268606 0.44205326 -0.24568614,-0.24001095 0.45445903 -0.85782384,
  -0.70373729 0.50756879 -0.49711946,-0.96355382 0.23763197 -0.12286203,
  -0.49734052 0.43853871 -0.74855609,-0.86268606 0.3634024 -0.35172639,
  -0.70373729 0.36160982 -0.61154899,-0.96355382 0.19773582 -0.18017928,
  -0.4041125 0.22642814 -0.88624115,-0.86268606 0.25998628 -0.43379707,
  -0.27611017 0.038224486 -0.96036559,-0.70373729 0.19100774 -0.68430247,
  -0.96355382 0.14436431 -0.22521762,-0.52096585 -0.019599614 -0.85335247,
  -0.86268606 0.13885252 -0.48630519,-0.25736518 -0.24726826 -0.93414216,
  -0.70373729 0.0073887986 -0.71042187,-0.96355382 0.081154606 -0.25490775,
  -0.49734052 -0.21921539 -0.83940278,-0.86268606 0.0082561864 -0.50567242,
  -0.25736518 -0.48061658 -0.8383143,-0.70373729 -0.17673368 -0.6881272,
  -0.96355382 0.01241435 -0.26722634,-0.47589606 -0.41743129 -0.77412794,
  -0.86268606 -0.12290279 -0.49057891,-0.24001095 -0.71097155 -0.66099486,
  -0.68963852 -0.37074593 -0.62204997,-0.96355382 -0.057171924 -0.26133389,
  -0.51270915 -0.59367634 -0.62022394,-0.86268606 -0.24568614 -0.44205326,
  -0.72359323 -0.49824633 -0.47766456,-0.96355382 -0.12286203 -0.23763197,
  -0.37736293 -0.81994038 -0.43045906,-0.86268606 -0.35172639 -0.3634024,
  -0.70373729 -0.61154899 -0.36160982,-0.96355382 -0.18017928 -0.19773582,
  -0.40871864 -0.88448245 -0.22503304,-0.86268606 -0.43379707 -0.25998628,
  -0.2582905 -0.96395328 -0.063875587,-0.70373729 -0.68430247 -0.19100774,
  -0.96355382 -0.22521762 -0.14436431,-0.49699306 -0.86693186 0.037776246,
  -0.86268606 -0.48630519 -0.13885252,-0.25768728 -0.92893281 0.26585919,
  -0.68667757 -0.72661087 -0.02259531,-0.96355382 -0.25490775 -0.081154606,
  -0.52096585 -0.81920244 0.23979565,-0.85241542 -0.52283081 0.0059912085,
  -0.70341471 -0.69396561 0.15368627,-0.96355382 -0.26722634 -0.01241435,
  -0.38084566 -0.80041831 0.46291156,-0.86249668 -0.48250632 0.15260119,
  -0.68963852 -0.63210038 0.35333812,-0.96355382 -0.26133389 0.057171924,
  -0.39803126 -0.6663587 0.63050551,-0.86249668 -0.42656923 0.27228326,
  -0.27611017 -0.51328617 0.81258875,-0.73492886 -0.47952037 0.47952037,
  -0.96355382 -0.23763197 0.12286203,-0.52096585 -0.40970247 0.74882473,
  -0.8660254 -0.35355339 0.35355339,-0.25736518 -0.25293049 0.93262497,
  -0.70373729 -0.36160982 0.61154899,-0.96244757 -0.19195661 0.19195661,
  -0.49734052 -0.22985529 0.83655183,-0.87111678 -0.2571317 0.41837643,
  -0.23286842 -0.026675333 0.97214234,-0.68667757 -0.20988613 0.69600411,
  -0.96592583 -0.12940952 0.22414387,-0.46018805 0 0.88782147,
  -0.8411942 -0.13995203 0.5223081,-0.25713997 0.20938179 0.94341841,
  -0.70206354 0 0.71211431,-0.96244757 -0.070260995 0.2622176,
  -0.51270915 0.24029151 0.82425076,-0.8771783 -0.0088098298 0.48008396,
  -0.25713997 0.44642193 0.85708021,-0.70710678 0.1830127 0.6830127,
  -0.96355382 0.01241435 0.26722634,-0.49699306 0.46618112 0.73189689,
  -0.861037 0.13162044 0.49121415,-0.25713997 0.65303916 0.71233342,
  -0.71597418 0.33440767 0.61282337,-0.97133658 0.06429227 0.22884874,
  -0.49699306 0.63972524 0.58630156,-0.8771783 0.24767152 0.41135999,
  -0.2749294 0.82280361 0.4974013,-0.68667757 0.49781418 0.52976877,
  -0.96359865 0.12685147 0.23534302,-0.52096585 0.74882473 0.40970247,
  -0.85241542 0.37393363 0.36546079,-0.21573078 0.94318106 0.2527246,
  -0.71597418 0.59601723 0.36351677,-0.95760281 0.1953018 0.21178778,
  -0.46018805 0.85756968 0.2297851,-0.8771783 0.42016982 0.23241244,
  -0.6734796 0.71401798 0.19132054,-0.96355382 0.22521762 0.14436431,
  -0.8411942 0.5223081 0.13995203,-0.96244757 0.2622176 0.070260995] }
}
}
DEF SHAPE_3 Shape {
 appearance USE APP_1
 geometry DEF FACE_3 IndexedFaceSet {
  coord DEF COORD_3 Coordinate { point [
  1.1456693 0.31496063 0.31496063,1.1456693 0.30422861 0.39647844,
  1.1456693 0.27276391 0.47244094,1.1456693 0.2227108 0.53767143,
  1.1456693 0.15748031 0.58772454,1.1456693 0.081517809 0.61918924,
  1.1456693 0 0.62992126,1.1456693 -0.081517809 0.61918924,
  1.1456693 -0.15748031 0.58772454,1.1456693 -0.2227108 0.53767143,
  1.1456693 -0.27276391 0.47244094,1.1456693 -0.30422861 0.39647844,
  1.1456693 -0.31496063 0.31496063,1.1456693 -0.30422861 0.23344282,
  1.1456693 -0.27276391 0.15748031,1.1456693 -0.2227108 0.092249833,
  1.1456693 -0.15748031 0.042196723,1.1456693 -0.081517809 0.010732023,
  1.1456693 0 0,1.1456693 0.081517809 0.010732023,
  1.1456693 0.15748031 0.042196723,1.1456693 0.2227108 0.092249833,
  1.1456693 0.27276391 0.15748031,1.1456693 0.30422861 0.23344282,
  1.1456693 0.28346457 0.31496063,1.1456693 0.27380575 0.2415946,
  1.1456693 0.24548752 0.17322835,1.1456693 0.20043972 0.11452091,
  1.1456693 0.14173228 0.069473114,1.1456693 0.073366029 0.041154884,
  1.1456693 0 0.031496063,1.1456693 -0.073366029 0.041154884,
  1.1456693 -0.14173228 0.069473114,1.1456693 -0.20043972 0.11452091,
  1.1456693 -0.24548752 0.17322835,1.1456693 -0.27380575 0.2415946,
  1.1456693 -0.28346457 0.31496063,1.1456693 -0.27380575 0.38832666,
  1.1456693 -0.24548752 0.45669291,1.1456693 -0.20043972 0.51540035,
  1.1456693 -0.14173228 0.56044815,1.1456693 -0.073366029 0.58876638,
  1.1456693 0 0.5984252,1.1456693 0.073366029 0.58876638,
  1.1456693 0.14173228 0.56044815,1.1456693 0.20043972 0.51540035,
  1.1456693 0.24548752 0.45669291,1.1456693 0.27380575 0.38832666] }
 coordIndex [
  45,3,4,-1,46,2,3,-1,46,3,45,-1,44,45,4,-1,5,44,4,-1,47,1,2,-1,47,2,46,-1,43,44,5,-1,
  6,43,5,-1,24,0,1,-1,24,1,47,-1,42,43,6,-1,25,23,0,-1,25,0,24,-1,41,6,7,-1,41,42,6,-1,
  40,7,8,-1,40,41,7,-1,26,22,23,-1,26,23,25,-1,9,39,40,-1,9,40,8,-1,27,22,26,-1,21,22,27,-1,
  10,38,39,-1,10,39,9,-1,20,21,27,-1,20,27,28,-1,37,38,10,-1,29,20,28,-1,11,37,10,-1,19,20,29,-1,
  30,19,29,-1,12,37,11,-1,12,36,37,-1,18,19,30,-1,35,36,12,-1,31,18,30,-1,17,18,31,-1,13,35,12,-1,
  16,17,31,-1,16,31,32,-1,14,33,34,-1,14,34,35,-1,14,35,13,-1,15,33,14,-1,15,32,33,-1,15,16,32,-1]
  normalPerVertex TRUE
  normal DEF NORM_3 Normal { vector [
  1 0 0,1 0 0,
  1 0 0,1 0 0,
  1 0 0,1 0 0,
  1 0 0,1 0 0,
  1 0 0,1 0 0,
  1 0 0,1 0 0,
  1 0 0,1 0 0,
  1 0 0,1 0 0,
  1 0 0,1 0 0,
  1 0 0,1 0 0,
  1 0 0,1 0 0,
  1 0 0,1 0 0,
  1 0 0,1 0 0,
  1 0 0,1 0 0,
  1 0 0,1 0 0,
  1 0 0,1 0 0,
  1 0 0,1 0 0,
  1 0 0,1 0 0,
  1 0 0,1 0 0,
  1 0 0,1 0 0,
  1 0 0,1 0 0,
  1 0 0,1 0 0,
  1 0 0,1 0 0,
  1 0 0,1 0 0] }
}
}
DEF SHAPE_4 Shape {
 appearance USE APP_1
 geometry DEF FACE_4 IndexedFaceSet {
  coord DEF COORD_4 Coordinate { point [
  0.79133858 0.15748031 0.31496063,0.79133858 0.1521143 0.35571953,
  0.79133858 0.13638195 0.39370079,0.79133858 0.1113554 0.42631603,
  0.79133858 0.078740157 0.45134258,0.79133858 0.040758905 0.46707493,
  0.79133858 0 0.47244094,0.79133858 -0.040758905 0.46707493,
  0.79133858 -0.078740157 0.45134258,0.79133858 -0.1113554 0.42631603,
  0.79133858 -0.13638195 0.39370079,0.79133858 -0.1521143 0.35571953,
  0.79133858 -0.15748031 0.31496063,0.79133858 -0.1521143 0.27420173,
  0.79133858 -0.13638195 0.23622047,0.79133858 -0.1113554 0.20360523,
  0.79133858 -0.078740157 0.17857868,0.79133858 -0.040758905 0.16284633,
  0.79133858 0 0.15748031,0.79133858 0.040758905 0.16284633,
  0.79133858 0.078740157 0.17857868,0.79133858 0.1113554 0.20360523,
  0.79133858 0.13638195 0.23622047,0.79133858 0.1521143 0.27420173,
  0.79133858 0 0.21653543,0.79133858 0.025474315 0.21988919,
  0.79133858 0.049212598 0.22972191,0.79133858 0.069597124 0.24536351,
  0.79133858 0.085238721 0.26574803,0.79133858 0.09507144 0.28948631,
  0.79133858 0.098425197 0.31496063,0.79133858 0.09507144 0.34043495,
  0.79133858 0.085238721 0.36417323,0.79133858 0.069597124 0.38455775,
  0.79133858 0.049212598 0.40019935,0.79133858 0.025474315 0.41003207,
  0.79133858 0 0.41338583,0.79133858 -0.025474315 0.41003207,
  0.79133858 -0.049212598 0.40019935,0.79133858 -0.069597124 0.38455775,
  0.79133858 -0.085238721 0.36417323,0.79133858 -0.09507144 0.34043495,
  0.79133858 -0.098425197 0.31496063,0.79133858 -0.09507144 0.28948631,
  0.79133858 -0.085238721 0.26574803,0.79133858 -0.069597124 0.24536351,
  0.79133858 -0.049212598 0.22972191,0.79133858 -0.025474315 0.21988919] }
 coordIndex [
  34,4,3,-1,34,3,33,-1,32,3,2,-1,32,33,3,-1,31,2,1,-1,31,32,2,-1,35,5,4,-1,35,4,34,-1,
  30,1,0,-1,30,31,1,-1,36,6,5,-1,36,5,35,-1,29,0,23,-1,29,30,0,-1,37,7,6,-1,37,6,36,-1,
  28,23,22,-1,28,29,23,-1,38,8,7,-1,38,7,37,-1,39,9,8,-1,39,8,38,-1,21,27,28,-1,21,28,22,-1,
  10,9,39,-1,10,39,40,-1,20,26,27,-1,20,27,21,-1,25,26,20,-1,11,10,40,-1,11,40,41,-1,19,25,20,-1,
  18,25,19,-1,18,24,25,-1,12,11,41,-1,12,41,42,-1,12,42,43,-1,17,24,18,-1,17,47,24,-1,13,12,43,-1,
  16,47,17,-1,16,46,47,-1,14,13,43,-1,14,43,44,-1,15,46,16,-1,15,44,45,-1,15,14,44,-1,15,45,46,-1]
  normalPerVertex TRUE
  normal DEF NORM_4 Normal { vector [
  -1 0 0,-1 0 0,
  -1 0 0,-1 0 0,
  -1 0 0,-1 0 0,
  -1 0 0,-1 0 0,
  -1 0 0,-1 0 0,
  -1 0 0,-1 0 0,
  -1 0 0,-1 0 0,
  -1 0 0,-1 0 0,
  -1 0 0,-1 0 0,
  -1 0 0,-1 0 0,
  -1 0 0,-1 0 0,
  -1 0 0,-1 0 0,
  -1 0 0,-1 0 0,
  -1 0 0,-1 0 0,
  -1 0 0,-1 0 0,
  -1 0 0,-1 0 0,
  -1 0 0,-1 0 0,
  -1 0 0,-1 0 0,
  -1 0 0,-1 0 0,
  -1 0 0,-1 0 0,
  -1 0 0,-1 0 0,
  -1 0 0,-1 0 0,
  -1 0 0,-1 0 0,
  -1 0 0,-1 0 0] }
}
}
DEF SHAPE_5 Shape {
 appearance USE APP_1
 geometry DEF FACE_5 IndexedFaceSet {
  coord DEF COORD_5 Coordinate { point [
  1.8543307 0.28346457 0.31496063,1.8543307 0.27380575 0.2415946,
  1.8543307 0.24548752 0.17322835,1.8543307 0.20043972 0.11452091,
  1.8543307 0.14173228 0.069473114,1.8543307 0.073366029 0.041154884,
  1.8543307 0 0.031496063,1.8543307 -0.073366029 0.041154884,
  1.8543307 -0.14173228 0.069473114,1.8543307 -0.20043972 0.11452091,
  1.8543307 -0.24548752 0.17322835,1.8543307 -0.27380575 0.2415946,
  1.8543307 -0.28346457 0.31496063,1.8543307 -0.27380575 0.38832666,
  1.8543307 -0.24548752 0.45669291,1.8543307 -0.20043972 0.51540035,
  1.8543307 -0.14173228 0.56044815,1.8543307 -0.073366029 0.58876638,
  1.8543307 0 0.5984252,1.8543307 0.073366029 0.58876638,
  1.8543307 0.14173228 0.56044815,1.8543307 0.20043972 0.51540035,
  1.8543307 0.24548752 0.45669291,1.8543307 0.27380575 0.38832666,
  1.8543307 0.28346457 0.31496063,1.1456693 0.28346457 0.31496063,
  1.1456693 0.28346457 0.31496063,1.1456693 0.27380575 0.2415946,
  1.1456693 0.24548752 0.17322835,1.1456693 0.20043972 0.11452091,
  1.1456693 0.14173228 0.069473114,1.1456693 0.073366029 0.041154884,
  1.1456693 0 0.031496063,1.1456693 -0.073366029 0.041154884,
  1.1456693 -0.14173228 0.069473114,1.1456693 -0.20043972 0.11452091,
  1.1456693 -0.24548752 0.17322835,1.1456693 -0.27380575 0.2415946,
  1.1456693 -0.28346457 0.31496063,1.1456693 -0.27380575 0.38832666,
  1.1456693 -0.24548752 0.45669291,1.1456693 -0.20043972 0.51540035,
  1.1456693 -0.14173228 0.56044815,1.1456693 -0.073366029 0.58876638,
  1.1456693 0 0.5984252,1.1456693 0.073366029 0.58876638,
  1.1456693 0.14173228 0.56044815,1.1456693 0.20043972 0.51540035,
  1.1456693 0.24548752 0.45669291,1.1456693 0.27380575 0.38832666] }
 coordIndex [
  27,0,1,-1,27,26,0,-1,28,1,2,-1,28,27,1,-1,29,2,3,-1,29,28,2,-1,30,3,4,-1,30,4,5,-1,
  30,29,3,-1,31,30,5,-1,32,5,6,-1,32,31,5,-1,33,6,7,-1,33,32,6,-1,34,7,8,-1,34,33,7,-1,
  35,8,9,-1,35,9,10,-1,35,34,8,-1,36,35,10,-1,37,10,11,-1,37,36,10,-1,38,37,11,-1,38,11,12,-1,
  39,38,12,-1,39,12,13,-1,39,13,14,-1,40,39,14,-1,41,40,14,-1,41,14,15,-1,42,41,15,-1,42,15,16,-1,
  43,16,17,-1,43,42,16,-1,44,17,18,-1,44,18,19,-1,44,43,17,-1,45,44,19,-1,46,19,20,-1,46,45,19,-1,
  47,20,21,-1,47,46,20,-1,48,21,22,-1,48,47,21,-1,49,22,23,-1,49,48,22,-1,25,23,24,-1,25,49,23,-1]
  normalPerVertex TRUE
  normal DEF NORM_5 Normal { vector [
  0 0.99144486 -0.13052619,0 0.95364993 -0.30091828,
  0 0.84327172 -0.5374875,0 0.67542593 -0.73742784,
  0 0.5 -0.8660254,0 0.25881905 -0.96592583,
  0 -0.04384197 -0.99903848,0 -0.30091828 -0.95364993,
  0 -0.5374875 -0.84327172,0 -0.70710678 -0.70710678,
  0 -0.8660254 -0.5,0 -0.9763442 -0.21622209,
  0 -0.99903848 0.04384197,0 -0.96592583 0.25881905,
  0 -0.8660254 0.5,0 -0.67542593 0.73742784,
  0 -0.46155098 0.88711369,0 -0.21622209 0.9763442,
  0 0 1,0 0.25881905 0.96592583,
  0 0.5374875 0.84327172,0 0.73742784 0.67542593,
  0 0.88711369 0.46155098,0 0.9763442 0.21622209,
  0 0.99144486 0.13052619,0 0.99144486 0.13052619,
  0 0.99144486 -0.13052619,0 0.9763442 -0.21622209,
  0 0.88711369 -0.46155098,0 0.73742784 -0.67542593,
  0 0.5 -0.8660254,0 0.25881905 -0.96592583,
  0 0.04384197 -0.99903848,0 -0.21622209 -0.9763442,
  0 -0.46155098 -0.88711369,0 -0.70710678 -0.70710678,
  0 -0.8660254 -0.5,0 -0.95364993 -0.30091828,
  0 -0.99903848 -0.04384197,0 -0.96592583 0.25881905,
  0 -0.8660254 0.5,0 -0.73742784 0.67542593,
  0 -0.5374875 0.84327172,0 -0.30091828 0.95364993,
  0 0 1,0 0.25881905 0.96592583,
  0 0.46155098 0.88711369,0 0.67542593 0.73742784,
  0 0.84327172 0.5374875,0 0.95364993 0.30091828] }
}
}
DEF SHAPE_6 Shape {
 appearance DEF APP_2 Appearance {
  material Material {
   ambientIntensity 0.122244
   diffuseColor 0.824 0.81999999 0.78100002
   emissiveColor 0 0 0
   shininess 0.1
   specularColor 0.12 0.12 0.12
   transparency 0
} }
 geometry DEF FACE_6 IndexedFaceSet {
  coord DEF COORD_6 Coordinate { point [
  0.29527559 0 0.21653543,0.29527559 -0.025474315 0.21988919,
  0.29527559 -0.049212598 0.22972191,0.29527559 -0.069597124 0.24536351,
  0.29527559 -0.085238721 0.26574803,0.29527559 -0.09507144 0.28948631,
  0.29527559 -0.098425197 0.31496063,0.29527559 -0.09507144 0.34043495,
  0.29527559 -0.085238721 0.36417323,0.29527559 -0.069597124 0.38455775,
  0.29527559 -0.049212598 0.40019935,0.29527559 -0.025474315 0.41003207,
  0.29527559 0 0.41338583,0.29527559 0.025474315 0.41003207,
  0.29527559 0.049212598 0.40019935,0.29527559 0.069597124 0.38455775,
  0.29527559 0.085238721 0.36417323,0.29527559 0.09507144 0.34043495,
  0.29527559 0.098425197 0.31496063,0.29527559 0.09507144 0.28948631,
  0.29527559 0.085238721 0.26574803,0.29527559 0.069597124 0.24536351,
  0.29527559 0.049212598 0.22972191,0.29527559 0.025474315 0.21988919,
  0.29527559 0 0.21653543,0.79133858 0 0.21653543,
  0.79133858 0 0.21653543,0.79133858 0.025474315 0.21988919,
  0.79133858 0.049212598 0.22972191,0.79133858 0.069597124 0.24536351,
  0.79133858 0.085238721 0.26574803,0.79133858 0.09507144 0.28948631,
  0.79133858 0.098425197 0.31496063,0.79133858 0.09507144 0.34043495,
  0.79133858 0.085238721 0.36417323,0.79133858 0.069597124 0.38455775,
  0.79133858 0.049212598 0.40019935,0.79133858 0.025474315 0.41003207,
  0.79133858 0 0.41338583,0.79133858 -0.025474315 0.41003207,
  0.79133858 -0.049212598 0.40019935,0.79133858 -0.069597124 0.38455775,
  0.79133858 -0.085238721 0.36417323,0.79133858 -0.09507144 0.34043495,
  0.79133858 -0.098425197 0.31496063,0.79133858 -0.09507144 0.28948631,
  0.79133858 -0.085238721 0.26574803,0.79133858 -0.069597124 0.24536351,
  0.79133858 -0.049212598 0.22972191,0.79133858 -0.025474315 0.21988919] }
 coordIndex [
  27,24,23,-1,27,26,24,-1,28,23,22,-1,28,27,23,-1,29,22,21,-1,29,28,22,-1,30,21,20,-1,30,29,21,-1,
  31,20,19,-1,31,30,20,-1,32,19,18,-1,32,31,19,-1,33,18,17,-1,33,32,18,-1,34,17,16,-1,34,33,17,-1,
  35,16,15,-1,35,34,16,-1,36,15,14,-1,36,35,15,-1,37,14,13,-1,37,36,14,-1,38,37,13,-1,38,13,12,-1,
  39,38,12,-1,39,12,11,-1,40,11,10,-1,40,39,11,-1,41,40,10,-1,41,10,9,-1,42,8,7,-1,42,9,8,-1,
  42,41,9,-1,43,7,6,-1,43,42,7,-1,44,43,6,-1,45,6,5,-1,45,44,6,-1,46,5,4,-1,46,45,5,-1,
  47,3,2,-1,47,4,3,-1,47,46,4,-1,48,2,1,-1,48,47,2,-1,49,48,1,-1,25,1,0,-1,25,49,1,-1]
  normalPerVertex TRUE
  normal DEF NORM_6 Normal { vector [
  0 -0.13052619 -0.99144486,0 -0.25881905 -0.96592583,
  0 -0.5374875 -0.84327172,0 -0.70710678 -0.70710678,
  0 -0.84327172 -0.5374875,0 -0.95364993 -0.30091828,
  0 -1 0,0 -0.95364993 0.30091828,
  0 -0.8660254 0.5,0 -0.73742784 0.67542593,
  0 -0.5374875 0.84327172,0 -0.30091828 0.95364993,
  0 -0.04384197 0.99903848,0 0.21622209 0.9763442,
  0 0.46155098 0.88711369,0 0.67542593 0.73742784,
  0 0.84327172 0.5374875,0 0.95364993 0.30091828,
  0 0.99903848 0.04384197,0 0.9763442 -0.21622209,
  0 0.88711369 -0.46155098,0 0.73742784 -0.67542593,
  0 0.5374875 -0.84327172,0 0.30091828 -0.95364993,
  0 0.13052619 -0.99144486,0 -0.13052619 -0.99144486,
  0 0.13052619 -0.99144486,0 0.21622209 -0.9763442,
  0 0.46155098 -0.88711369,0 0.67542593 -0.73742784,
  0 0.84327172 -0.5374875,0 0.95364993 -0.30091828,
  0 0.99903848 -0.04384197,0 0.9763442 0.21622209,
  0 0.88711369 0.46155098,0 0.73742784 0.67542593,
  0 0.5374875 0.84327172,0 0.30091828 0.95364993,
  0 0.04384197 0.99903848,0 -0.21622209 0.9763442,
  0 -0.46155098 0.88711369,0 -0.67542593 0.73742784,
  0 -0.8660254 0.5,0 -0.9763442 0.21622209,
  0 -1 0,0 -0.9763442 -0.21622209,
  0 -0.88711369 -0.46155098,0 -0.70710678 -0.70710678,
  0 -0.46155098 -0.88711369,0 -0.25881905 -0.96592583] }
}
}
DEF SHAPE_7 Shape {
 appearance USE APP_1
 geometry DEF FACE_7 IndexedFaceSet {
  coord DEF COORD_7 Coordinate { point [
  1.8543307 0.31496063 0.31496063,1.8543307 0.30422861 0.39647844,
  1.8543307 0.27276391 0.47244094,1.8543307 0.2227108 0.53767143,
  1.8543307 0.15748031 0.58772454,1.8543307 0.081517809 0.61918924,
  1.8543307 0 0.62992126,1.8543307 -0.081517809 0.61918924,
  1.8543307 -0.15748031 0.58772454,1.8543307 -0.2227108 0.53767143,
  1.8543307 -0.27276391 0.47244094,1.8543307 -0.30422861 0.39647844,
  1.8543307 -0.31496063 0.31496063,1.8543307 -0.30422861 0.23344282,
  1.8543307 -0.27276391 0.15748031,1.8543307 -0.2227108 0.092249833,
  1.8543307 -0.15748031 0.042196723,1.8543307 -0.081517809 0.010732023,
  1.8543307 0 0,1.8543307 0.081517809 0.010732023,
  1.8543307 0.15748031 0.042196723,1.8543307 0.2227108 0.092249833,
  1.8543307 0.27276391 0.15748031,1.8543307 0.30422861 0.23344282,
  1.8543307 0.28346457 0.31496063,1.8543307 0.27380575 0.2415946,
  1.8543307 0.24548752 0.17322835,1.8543307 0.20043972 0.11452091,
  1.8543307 0.14173228 0.069473114,1.8543307 0.073366029 0.041154884,
  1.8543307 0 0.031496063,1.8543307 -0.073366029 0.041154884,
  1.8543307 -0.14173228 0.069473114,1.8543307 -0.20043972 0.11452091,
  1.8543307 -0.24548752 0.17322835,1.8543307 -0.27380575 0.2415946,
  1.8543307 -0.28346457 0.31496063,1.8543307 -0.27380575 0.38832666,
  1.8543307 -0.24548752 0.45669291,1.8543307 -0.20043972 0.51540035,
  1.8543307 -0.14173228 0.56044815,1.8543307 -0.073366029 0.58876638,
  1.8543307 0 0.5984252,1.8543307 0.073366029 0.58876638,
  1.8543307 0.14173228 0.56044815,1.8543307 0.20043972 0.51540035,
  1.8543307 0.24548752 0.45669291,1.8543307 0.27380575 0.38832666] }
 coordIndex [
  45,4,3,-1,46,3,2,-1,46,45,3,-1,44,4,45,-1,5,4,44,-1,47,2,1,-1,47,46,2,-1,43,5,44,-1,
  6,5,43,-1,24,1,0,-1,24,47,1,-1,42,6,43,-1,25,0,23,-1,25,24,0,-1,41,7,6,-1,41,6,42,-1,
  40,8,7,-1,40,7,41,-1,26,23,22,-1,26,25,23,-1,9,40,39,-1,9,8,40,-1,27,26,22,-1,21,27,22,-1,
  10,39,38,-1,10,9,39,-1,20,27,21,-1,20,28,27,-1,37,10,38,-1,29,28,20,-1,11,10,37,-1,19,29,20,-1,
  30,29,19,-1,12,11,37,-1,12,37,36,-1,18,30,19,-1,35,12,36,-1,31,30,18,-1,17,31,18,-1,13,12,35,-1,
  16,31,17,-1,16,32,31,-1,14,34,33,-1,14,35,34,-1,14,13,35,-1,15,14,33,-1,15,33,32,-1,15,32,16,-1]
  normalPerVertex TRUE
  normal DEF NORM_7 Normal { vector [
  -1 0 0,-1 0 0,
  -1 0 0,-1 0 0,
  -1 0 0,-1 0 0,
  -1 0 0,-1 0 0,
  -1 0 0,-1 0 0,
  -1 0 0,-1 0 0,
  -1 0 0,-1 0 0,
  -1 0 0,-1 0 0,
  -1 0 0,-1 0 0,
  -1 0 0,-1 0 0,
  -1 0 0,-1 0 0,
  -1 0 0,-1 0 0,
  -1 0 0,-1 0 0,
  -1 0 0,-1 0 0,
  -1 0 0,-1 0 0,
  -1 0 0,-1 0 0,
  -1 0 0,-1 0 0,
  -1 0 0,-1 0 0,
  -1 0 0,-1 0 0,
  -1 0 0,-1 0 0,
  -1 0 0,-1 0 0,
  -1 0 0,-1 0 0,
  -1 0 0,-1 0 0,
  -1 0 0,-1 0 0] }
}
}
DEF SHAPE_8 Shape {
 appearance USE APP_2
 geometry DEF FACE_8 IndexedFaceSet {
  coord DEF COORD_8 Coordinate { point [
  0.098425197 0 0.019685039,0.10336065 0 0.063488373,
  0.11791951 0 0.10509522,0.14137176 0 0.14241925,
  0.17254138 0 0.17358887,0.20986541 0 0.19704112,
  0.25147226 0 0.21159998,0.29527559 0 0.21653543,
  0.29527559 -0.025474315 0.21988919,0.29527559 -0.049212598 0.22972191,
  0.29527559 -0.069597124 0.24536351,0.29527559 -0.085238721 0.26574803,
  0.29527559 -0.09507144 0.28948631,0.29527559 -0.098425197 0.31496063,
  0.29527559 -0.09507144 0.34043495,0.29527559 -0.085238721 0.36417323,
  0.29527559 -0.069597124 0.38455775,0.29527559 -0.049212598 0.40019935,
  0.29527559 -0.025474315 0.41003207,0.29527559 0 0.41338583,
  0.29527559 0.025474315 0.41003207,0.29527559 0.049212598 0.40019935,
  0.29527559 0.069597124 0.38455775,0.29527559 0.085238721 0.36417323,
  0.29527559 0.09507144 0.34043495,0.29527559 0.098425197 0.31496063,
  0.29527559 0.09507144 0.28948631,0.29527559 0.085238721 0.26574803,
  0.29527559 0.069597124 0.24536351,0.29527559 0.049212598 0.22972191,
  0.29527559 0.025474315 0.21988919,0.29527559 0 0.21653543,
  0.098425197 0 0.019685039,0.10336065 0 0.063488373,
  0.11791951 0 0.10509522,0.14137176 0 0.14241925,
  0.17254138 0 0.17358887,0.20986541 0 0.19704112,
  0.25147226 0 0.21159998,0.09507144 0.025474315 0.019685039,
  0.085238721 0.049212598 0.019685039,0.069597124 0.069597124 0.019685039,
  0.049212598 0.085238721 0.019685039,0.025474315 0.09507144 0.019685039,
  0 0.098425197 0.019685039,-0.025474315 0.09507144 0.019685039,
  -0.049212598 0.085238721 0.019685039,-0.069597124 0.069597124 0.019685039,
  -0.085238721 0.049212598 0.019685039,-0.09507144 0.025474315 0.019685039,
  -0.098425197 0 0.019685039,-0.09507144 -0.025474315 0.019685039,
  -0.085238721 -0.049212598 0.019685039,-0.069597124 -0.069597124 0.019685039,
  -0.049212598 -0.085238721 0.019685039,-0.025474315 -0.09507144 0.019685039,
  0 -0.098425197 0.019685039,0.025474315 -0.09507144 0.019685039,
  0.049212598 -0.085238721 0.019685039,0.069597124 -0.069597124 0.019685039,
  0.085238721 -0.049212598 0.019685039,0.09507144 -0.025474315 0.019685039,
  0.10009098 -0.025474315 0.064234654,0.090504784 -0.049212598 0.06642264,
  0.075255354 -0.069597124 0.069903222,0.11489788 -0.025474315 0.10655036,
  0.055381911 -0.085238721 0.074439206,0.10603891 -0.049212598 0.11081662,
  0.032238797 -0.09507144 0.079721471,0.091946318 -0.069597124 0.11760326,
  0.13874968 -0.025474315 0.14451029,0.0074031755 -0.098425197 0.08539004,
  0.073580495 -0.085238721 0.12644777,0.13106215 -0.049212598 0.15064089,
  -0.017432446 -0.09507144 0.091058608,0.052193041 -0.09507144 0.13674743,
  0.11883306 -0.069597124 0.16039326,0.17045034 -0.025474315 0.17621095,
  -0.04057556 -0.085238721 0.096340873,0.029241476 -0.098425197 0.14780032,
  0.1028958 -0.085238721 0.17310281,0.16431974 -0.049212598 0.18389848,
  -0.060449003 -0.069597124 0.10087686,0.0062899108 -0.09507144 0.15885321,
  0.08433646 -0.09507144 0.18790338,0.15456737 -0.069597124 0.19612757,
  -0.075698433 -0.049212598 0.10435744,0.20841026 -0.025474315 0.20006275,
  -0.015097543 -0.085238721 0.16915286,0.064419838 -0.098425197 0.20378636,
  0.14185782 -0.085238721 0.21206483,-0.085284625 -0.025474315 0.10654543,
  0.20414401 -0.049212598 0.20892172,-0.033463366 -0.069597124 0.17799738,
  0.044503216 -0.09507144 0.21966933,0.12705725 -0.09507144 0.23062417,
  -0.088554296 0 0.10729171,0.19735737 -0.069597124 0.22301431,
  -0.047555958 -0.049212598 0.18478401,0.25072598 -0.025474315 0.21486965,
  0.025943879 -0.085238721 0.23446991,0.11117427 -0.098425197 0.25054079,
  -0.085284625 0.025474315 0.10654543,0.18851286 -0.085238721 0.24138013,
  -0.056414931 -0.025474315 0.18905027,0.24853799 -0.049212598 0.22445585,
  0.010006615 -0.069597124 0.24717946,0.095291295 -0.09507144 0.27045741,
  -0.075698433 0.049212598 0.10435744,0.1782132 -0.09507144 0.26276759,
  -0.059436562 0 0.19050541,0.24505741 -0.069597124 0.23970528,
  -0.0022224776 -0.049212598 0.25693183,0.080490718 -0.085238721 0.28901675,
  -0.060449003 0.069597124 0.10087686,0.16716031 -0.098425197 0.28571915,
  -0.056414931 0.025474315 0.18905027,0.24052142 -0.085238721 0.25957872,
  -0.0099100067 -0.025474315 0.26306243,0.067781174 -0.069597124 0.30495401,
  -0.04057556 0.085238721 0.096340873,0.15610742 -0.09507144 0.30867072,
  -0.047555958 0.049212598 0.18478401,0.23523916 -0.09507144 0.28272183,
  -0.01253208 0 0.26515347,0.058028798 -0.049212598 0.31718311,
  -0.017432446 0.09507144 0.091058608,0.14580777 -0.085238721 0.33005817,
  -0.033463366 0.069597124 0.17799738,0.22957059 -0.098425197 0.30755745,
  -0.0099100067 0.025474315 0.26306243,0.051898198 -0.025474315 0.32487064,
  0.0074031755 0.098425197 0.08539004,0.13696325 -0.069597124 0.348424,
  -0.015097543 0.085238721 0.16915286,0.22390202 -0.09507144 0.33239308,
  -0.0022224776 0.049212598 0.25693183,0.049807165 0 0.32749271,
  0.032238797 0.09507144 0.079721471,0.13017662 -0.049212598 0.36251659,
  0.0062899108 0.09507144 0.15885321,0.21861976 -0.085238721 0.35553619,
  0.010006615 0.069597124 0.24717946,0.051898198 0.025474315 0.32487064,
  0.055381911 0.085238721 0.074439206,0.12591036 -0.025474315 0.37137556,
  0.029241476 0.098425197 0.14780032,0.21408377 -0.069597124 0.37540963,
  0.025943879 0.085238721 0.23446991,0.058028798 0.049212598 0.31718311,
  0.075255354 0.069597124 0.069903222,0.12445522 0 0.37439719,
  0.052193041 0.09507144 0.13674743,0.21060319 -0.049212598 0.39065906,
  0.044503216 0.09507144 0.21966933,0.067781174 0.069597124 0.30495401,
  0.090504784 0.049212598 0.06642264,0.12591036 0.025474315 0.37137556,
  0.073580495 0.085238721 0.12644777,0.2084152 -0.025474315 0.40024525,
  0.064419838 0.098425197 0.20378636,0.080490718 0.085238721 0.28901675,
  0.10009098 0.025474315 0.064234654,0.13017662 0.049212598 0.36251659,
  0.091946318 0.069597124 0.11760326,0.20766892 0 0.40351493,
  0.08433646 0.09507144 0.18790338,0.095291295 0.09507144 0.27045741,
  0.13696325 0.069597124 0.348424,0.10603891 0.049212598 0.11081662,
  0.2084152 0.025474315 0.40024525,0.1028958 0.085238721 0.17310281,
  0.11117427 0.098425197 0.25054079,0.14580777 0.085238721 0.33005817,
  0.11489788 0.025474315 0.10655036,0.21060319 0.049212598 0.39065906,
  0.11883306 0.069597124 0.16039326,0.12705725 0.09507144 0.23062417,
  0.15610742 0.09507144 0.30867072,0.21408377 0.069597124 0.37540963,
  0.13106215 0.049212598 0.15064089,0.14185782 0.085238721 0.21206483,
  0.16716031 0.098425197 0.28571915,0.21861976 0.085238721 0.35553619,
  0.13874968 0.025474315 0.14451029,0.15456737 0.069597124 0.19612757,
  0.1782132 0.09507144 0.26276759,0.22390202 0.09507144 0.33239308,
  0.16431974 0.049212598 0.18389848,0.18851286 0.085238721 0.24138013,
  0.22957059 0.098425197 0.30755745,0.17045034 0.025474315 0.17621095,
  0.19735737 0.069597124 0.22301431,0.23523916 0.09507144 0.28272183,
  0.20414401 0.049212598 0.20892172,0.24052142 0.085238721 0.25957872,
  0.20841026 0.025474315 0.20006275,0.24505741 0.069597124 0.23970528,
  0.24853799 0.049212598 0.22445585,0.25072598 0.025474315 0.21486965] }
 coordIndex [
  8,6,7,-1,62,0,1,-1,62,61,0,-1,63,60,61,-1,63,61,62,-1,64,60,63,-1,64,59,60,-1,65,1,2,-1,
  65,62,1,-1,66,58,59,-1,66,59,64,-1,67,62,65,-1,67,63,62,-1,68,57,58,-1,68,58,66,-1,69,64,63,-1,
  69,63,67,-1,70,2,3,-1,70,65,2,-1,71,57,68,-1,71,56,57,-1,72,66,64,-1,72,64,69,-1,73,67,65,-1,
  73,65,70,-1,74,56,71,-1,74,55,56,-1,75,66,72,-1,75,68,66,-1,76,67,73,-1,76,69,67,-1,77,3,4,-1,
  77,70,3,-1,78,55,74,-1,78,54,55,-1,79,71,68,-1,79,68,75,-1,80,69,76,-1,80,72,69,-1,81,70,77,-1,
  81,73,70,-1,82,53,54,-1,82,54,78,-1,83,74,71,-1,83,71,79,-1,84,75,72,-1,84,72,80,-1,85,76,73,-1,
  85,73,81,-1,86,52,53,-1,86,53,82,-1,87,4,5,-1,87,77,4,-1,88,74,83,-1,88,78,74,-1,89,79,75,-1,
  89,75,84,-1,90,80,76,-1,90,76,85,-1,91,52,86,-1,91,51,52,-1,92,81,77,-1,92,77,87,-1,93,78,88,-1,
  93,82,78,-1,94,83,79,-1,94,79,89,-1,95,80,90,-1,95,84,80,-1,96,51,91,-1,96,50,51,-1,97,81,92,-1,
  97,85,81,-1,98,82,93,-1,98,86,82,-1,99,87,5,-1,99,5,6,-1,99,6,8,-1,100,83,94,-1,100,88,83,-1,
  101,89,84,-1,101,84,95,-1,102,50,96,-1,102,49,50,-1,103,90,85,-1,103,85,97,-1,104,86,98,-1,104,91,86,-1,
  105,8,9,-1,105,92,87,-1,105,99,8,-1,105,87,99,-1,106,88,100,-1,106,93,88,-1,107,94,89,-1,107,89,101,-1,
  108,49,102,-1,108,48,49,-1,109,95,90,-1,109,90,103,-1,110,96,91,-1,110,91,104,-1,111,9,10,-1,111,105,9,-1,
  111,92,105,-1,111,97,92,-1,112,98,93,-1,112,93,106,-1,113,100,94,-1,113,94,107,-1,114,47,48,-1,114,48,108,-1,
  115,101,95,-1,115,95,109,-1,116,102,96,-1,116,96,110,-1,117,10,11,-1,117,103,97,-1,117,97,111,-1,117,111,10,-1,
  118,98,112,-1,118,104,98,-1,119,106,100,-1,119,100,113,-1,120,46,47,-1,120,47,114,-1,121,101,115,-1,121,107,101,-1,
  122,108,102,-1,122,102,116,-1,123,11,12,-1,123,109,103,-1,123,117,11,-1,123,103,117,-1,124,110,104,-1,124,104,118,-1,
  125,106,119,-1,125,112,106,-1,126,45,46,-1,126,46,120,-1,127,113,107,-1,127,107,121,-1,128,108,122,-1,128,114,108,-1,
  129,109,123,-1,129,12,13,-1,129,115,109,-1,129,123,12,-1,130,116,110,-1,130,110,124,-1,131,112,125,-1,131,118,112,-1,
  132,44,45,-1,132,45,126,-1,133,113,127,-1,133,119,113,-1,134,114,128,-1,134,120,114,-1,135,13,14,-1,135,115,129,-1,
  135,121,115,-1,135,129,13,-1,136,122,116,-1,136,116,130,-1,137,118,131,-1,137,124,118,-1,138,44,132,-1,138,43,44,-1,
  139,119,133,-1,139,125,119,-1,140,126,120,-1,140,120,134,-1,140,132,126,-1,141,14,15,-1,141,135,14,-1,141,121,135,-1,
  141,127,121,-1,142,128,122,-1,142,134,128,-1,142,122,136,-1,143,130,124,-1,143,124,137,-1,144,42,43,-1,144,43,138,-1,
  145,131,125,-1,145,125,139,-1,146,132,140,-1,147,15,16,-1,147,133,127,-1,147,141,15,-1,147,127,141,-1,148,134,142,-1,
  149,130,143,-1,149,136,130,-1,150,41,42,-1,150,42,144,-1,151,137,131,-1,151,131,145,-1,152,138,132,-1,152,132,146,-1,
  153,133,147,-1,153,16,17,-1,153,147,16,-1,153,139,133,-1,154,140,134,-1,154,134,148,-1,155,142,136,-1,155,136,149,-1,
  156,40,41,-1,156,41,150,-1,157,137,151,-1,157,143,137,-1,158,138,152,-1,158,144,138,-1,159,17,18,-1,159,145,139,-1,
  159,153,17,-1,159,139,153,-1,160,146,140,-1,160,140,154,-1,161,148,142,-1,161,142,155,-1,162,40,156,-1,162,33,32,-1,
  162,32,39,-1,162,39,40,-1,163,149,143,-1,163,143,157,-1,164,144,158,-1,164,150,144,-1,165,145,159,-1,165,18,19,-1,
  165,151,145,-1,165,159,18,-1,166,146,160,-1,166,152,146,-1,167,160,154,-1,167,148,161,-1,167,154,148,-1,168,149,163,-1,
  168,155,149,-1,169,156,150,-1,169,150,164,-1,170,157,151,-1,170,19,20,-1,170,151,165,-1,170,165,19,-1,171,152,166,-1,
  171,158,152,-1,172,160,167,-1,173,155,168,-1,173,161,155,-1,174,156,169,-1,174,34,33,-1,174,162,156,-1,174,33,162,-1,
  175,20,21,-1,175,163,157,-1,175,21,22,-1,175,170,20,-1,175,157,170,-1,176,158,171,-1,176,164,158,-1,177,166,160,-1,
  177,160,172,-1,177,171,166,-1,178,167,161,-1,178,161,173,-1,179,168,163,-1,179,163,175,-1,179,175,22,-1,180,164,176,-1,
  180,169,164,-1,181,176,171,-1,181,171,177,-1,182,172,167,-1,182,167,178,-1,183,22,23,-1,183,23,24,-1,183,168,179,-1,
  183,173,168,-1,183,179,22,-1,184,34,174,-1,184,35,34,-1,184,174,169,-1,184,169,180,-1,185,180,176,-1,185,176,181,-1,
  186,177,172,-1,186,172,182,-1,187,178,173,-1,187,183,24,-1,187,173,183,-1,188,180,185,-1,189,181,177,-1,189,177,186,-1,
  190,24,25,-1,190,187,24,-1,190,182,178,-1,190,178,187,-1,191,36,35,-1,191,35,184,-1,191,184,180,-1,191,180,188,-1,
  192,181,189,-1,192,185,181,-1,193,182,190,-1,193,25,26,-1,193,190,25,-1,193,186,182,-1,194,185,192,-1,194,188,185,-1,
  195,186,193,-1,195,26,27,-1,195,193,26,-1,195,189,186,-1,196,191,188,-1,196,37,36,-1,196,188,194,-1,196,36,191,-1,
  197,189,195,-1,197,27,28,-1,197,195,27,-1,197,192,189,-1,198,192,197,-1,198,194,192,-1,198,197,28,-1,198,28,29,-1,
  199,194,198,-1,199,37,196,-1,199,198,29,-1,199,29,30,-1,199,30,31,-1,199,38,37,-1,199,31,38,-1,199,196,194,-1]
  normalPerVertex TRUE
  normal DEF NORM_8 Normal { vector [
  0.98531609 -0.12971932 -0.11101846,0.95752916 -0.13043374 -0.25714772,
  0.87630115 -0.13043374 -0.46377077,0.75113175 -0.13043374 -0.64713842,
  0.58829746 -0.13043374 -0.79805585,0.39596348 -0.13043374 -0.90895542,
  0.18377424 -0.13043374 -0.97427618,0.11101846 -0.12971932 -0.98531609,
  0.10813296 -0.25936582 -0.95970654,0.094460929 -0.53686409 -0.83836393,
  0.07567167 -0.73703527 -0.67160465,0.051662269 -0.88718358 -0.45851532,
  0.024061321 -0.97663575 -0.21355013,-0.0052153291 -0.99891455 0.046287326,
  -0.034112001 -0.95245859 0.30275238,-0.060609559 -0.8408112 0.53792472,
  -0.08289572 -0.67219386 0.73571986,-0.099496411 -0.45860026 0.88305507,
  -0.1093539 -0.2146826 0.97054269,-0.11185937 0.043319171 0.9927794,
  -0.10686026 0.2984918 0.94841106,-0.097116382 0.49763652 0.86193173,
  -0.079677007 0.70255691 0.707153,-0.056247282 0.86465437 0.49920843,
  -0.029698756 0.96417923 0.26358375,0.00464774 0.99913805 -0.041249833,
  0.033601815 0.95390416 -0.29822436,0.06021426 0.84307379 -0.53441634,
  0.082646599 0.67463642 -0.73350885,0.099386865 0.46049119 -0.88208283,
  0.10819482 0.2572997 -0.96025556,0.11101846 0.12971932 -0.98531609,
  0.98531609 0.12971932 -0.11101846,0.95752916 0.13043374 -0.25714772,
  0.87630115 0.13043374 -0.46377077,0.75113175 0.13043374 -0.64713842,
  0.58829746 0.13043374 -0.79805585,0.39596348 0.13043374 -0.90895542,
  0.22061724 0.13052619 -0.96658727,0.96025556 0.2572997 -0.10819482,
  0.88208283 0.46049119 -0.099386865,0.73350885 0.67463642 -0.082646599,
  0.53441634 0.84307379 -0.06021426,0.29822436 0.95390416 -0.033601815,
  0.041249833 0.99913805 -0.00464774,-0.21848129 0.97553059 0.024616929,
  -0.46274684 0.88495586 0.052139047,-0.67469288 0.73417336 0.076019631,
  -0.84013568 0.53405188 0.094660557,-0.94841106 0.2984918 0.10686026,
  -0.9927794 0.043319171 0.11185937,-0.97054269 -0.2146826 0.1093539,
  -0.88305507 -0.45860026 0.099496411,-0.73571986 -0.67219386 0.08289572,
  -0.53792472 -0.8408112 0.060609559,-0.30275238 -0.95245859 0.034112001,
  -0.046287326 -0.99891455 0.0052153291,0.21355013 -0.97663575 -0.024061321,
  0.45851532 -0.88718358 -0.051662269,0.67160465 -0.73703527 -0.07567167,
  0.83836393 -0.53686409 -0.094460929,0.94777365 -0.30053509 -0.10678844,
  0.94136776 -0.26020726 -0.21475318,0.84313624 -0.5022923 -0.19189511,
  0.6872804 -0.70956991 -0.15542265,0.86997862 -0.26020726 -0.4188429,
  0.48472748 -0.86797855 -0.10794682,0.77929637 -0.5022923 -0.37469936,
  0.24942905 -0.96694551 -0.052929579,0.63546405 -0.70956991 -0.30446016,
  0.75496513 -0.26020726 -0.60193009,-0.002590778 -0.99998061 0.0056629463,
  0.44855392 -0.86797855 -0.21310237,0.67637933 -0.5022923 -0.53871462,
  -0.25427085 -0.96503356 0.063691184,0.2313974 -0.96694551 -0.10710571,
  0.55178288 -0.70956991 -0.43823076,0.60209453 -0.26020726 -0.75483399,
  -0.4886136 -0.86460155 0.11713627,-0.0012656977 -0.99998061 0.0060974668,
  0.389888 -0.86797855 -0.30757209,0.53954581 -0.5022923 -0.67571648,
  -0.68979834 -0.70556175 0.16236029,-0.23372312 -0.96503356 0.1186749,
  0.20176252 -0.96694551 -0.15591111,0.44043302 -0.70956991 -0.55002664,
  -0.84423377 -0.49872091 0.19633335,0.4190324 -0.26020726 -0.86988737,
  -0.45029777 -0.86460155 0.22292617,0.00012285001 -0.99998061 0.0062262348,
  0.31167146 -0.86797855 -0.38661886,-0.94147375 -0.25810055 0.21682087,
  0.37565721 -0.5022923 -0.7788351,-0.63637509 -0.70556175 0.31178415,
  -0.20145555 -0.96503356 0.16770776,0.16201043 -0.96694551 -0.19689848,
  -0.97492791 0 0.22252093,0.306998 -0.70956991 -0.63424189,
  -0.77937879 -0.49872091 0.37927055,0.2379699 -0.23359123 -0.9427648,
  -0.38940212 -0.86460155 0.31753763,0.0015052375 -0.99998061 0.0060427934,
  -0.94231359 0.25810055 0.2131413,0.21782642 -0.86797855 -0.44627894,
  -0.86962185 -0.25810055 0.42088234,0.19725855 -0.46278249 -0.86424616,
  -0.55104134 -0.70556175 0.44557385,-0.15908615 -0.96503356 0.20833105,
  -0.8458142 0.49872091 0.18940907,0.11413446 -0.96694551 -0.22801253,
  -0.90096887 0 0.43388374,0.16378138 -0.67695233 -0.71757313,
  -0.6754425 -0.49872091 0.54318954,-0.30898023 -0.86460155 0.39622642,
  -0.69193232 0.70556175 0.15301072,0.0028121461 -0.99998061 0.0055563411,
  -0.87125942 0.25810055 0.4174819,0.119135 -0.84460635 -0.52196452,
  -0.75416349 -0.25810055 0.603839,-0.43807607 -0.70556175 0.55702062,
  -0.49104917 0.86460155 0.10646537,-0.10873951 -0.96503356 0.23850776,
  -0.78246038 0.49872091 0.37287156,0.066398658 -0.95444314 -0.29091153,
  -0.78183148 0 0.6234898,-0.5376367 -0.49872091 0.67987074,
  -0.28049986 0.95830079 0.054584092,-0.21306478 -0.86460155 0.45504676,
  -0.66215575 0.68748102 0.29819392,0.0091790506 -0.99914885 -0.040216048,
  -0.75651666 0.25810055 0.60088821,-0.60088821 -0.25810055 0.75651666,
  -0.023219864 0.99972481 0.0033384317,-0.30314384 -0.70556175 0.64053605,
  -0.46517065 0.85471487 0.23038827,-0.048631397 -0.97582631 0.21306807,
  -0.67987074 0.49872091 0.5376367,-0.6234898 0 0.78183148,
  0.24769309 0.96694551 -0.060535305,-0.37287156 -0.49872091 0.78246038,
  -0.22337925 0.9695804 0.10007777,-0.10311111 -0.88616119 0.45175928,
  -0.55229707 0.71830265 0.42309484,-0.603839 0.25810055 0.75416349,
  0.48356073 0.86797855 -0.11305865,-0.4174819 -0.25810055 0.87125942,
  0.020853748 0.99969667 -0.013103278,-0.15056899 -0.73630399 0.65968584,
  -0.3688379 0.87815386 0.30463814,-0.54318954 0.49872091 0.6754425,
  0.6866536 0.70956991 -0.15816882,-0.43388374 0 0.90096887,
  0.22801253 0.96694551 -0.11413446,-0.18779103 -0.5364608 0.82276627,
  -0.22903849 0.95830079 0.1708829,-0.44557385 0.70556175 0.55104134,
  0.84289967 0.5022923 -0.19293158,-0.42088234 0.25810055 0.86962185,
  0.44627894 0.86797855 -0.21782642,-0.21225669 -0.30021079 0.9299573,
  -0.019471884 0.99972481 0.013082545,-0.31753763 0.86460155 0.38940212,
  0.94885804 0.26003292 -0.17902876,-0.37927055 0.49872091 0.77937879,
  0.63424189 0.70956991 -0.306998,-0.2223094 -0.043592757 0.97400113,
  0.18290696 0.97285193 -0.14178918,-0.15783563 0.9695804 0.18708758,
  -0.31178415 0.70556175 0.63637509,0.7788351 0.5022923 -0.37565721,
  -0.21726905 0.21597785 0.95191792,0.35896106 0.8883699 -0.2862619,
  0.013103278 0.99969667 -0.020853748,-0.22292617 0.86460155 0.45029777,
  0.88523054 0.26003292 -0.38568091,-0.18291677 0.48208962 0.85681448,
  0.52659151 0.73915458 -0.41994271,0.17155014 0.96223701 -0.21135392,
  -0.1186749 0.96503356 0.23372312,-0.17970996 0.68748102 0.70361508,
  0.65940768 0.51901713 -0.5438775,0.33380884 0.84460635 -0.41858305,
  -0.0060974668 0.99998061 0.0012656977,-0.10990435 0.85471487 0.50732979,
  0.77721389 0.26003292 -0.57299341,0.45890524 0.67695233 -0.57544897,
  0.10710571 0.96694551 -0.2313974,-0.072525762 0.95830079 0.27640479,
  0.53178002 0.47780838 -0.69922039,0.21310237 0.86797855 -0.44855392,
  -0.010300039 0.99892814 0.04512742,0.63022449 0.26003292 -0.73157363,
  0.30446016 0.70956991 -0.63546405,0.047533136 0.97691859 -0.20825627,
  0.37469936 0.5022923 -0.77929637,0.10216569 0.8883699 -0.44761713,
  0.45163299 0.26003292 -0.8534697,0.14987582 0.73915458 -0.65664887,
  0.18739143 0.53927543 -0.82101551,0.21481437 0.2608956 -0.94116326] }
}
}
DEF SHAPE_9 Shape {
 appearance USE APP_1
 geometry DEF FACE_9 IndexedFaceSet {
  coord DEF COORD_9 Coordinate { point [
  1.8543307 0.31496063 0.31496063,1.8543307 0.30422861 0.39647844,
  1.8543307 0.27276391 0.47244094,1.8543307 0.2227108 0.53767143,
  1.8543307 0.15748031 0.58772454,1.8543307 0.081517809 0.61918924,
  1.8543307 0 0.62992126,1.8543307 -0.081517809 0.61918924,
  1.8543307 -0.15748031 0.58772454,1.8543307 -0.2227108 0.53767143,
  1.8543307 -0.27276391 0.47244094,1.8543307 -0.30422861 0.39647844,
  1.8543307 -0.31496063 0.31496063,1.8543307 -0.30422861 0.23344282,
  1.8543307 -0.27276391 0.15748031,1.8543307 -0.2227108 0.092249833,
  1.8543307 -0.15748031 0.042196723,1.8543307 -0.081517809 0.010732023,
  1.8543307 0 0,1.8543307 0.081517809 0.010732023,
  1.8543307 0.15748031 0.042196723,1.8543307 0.2227108 0.092249833,
  1.8543307 0.27276391 0.15748031,1.8543307 0.30422861 0.23344282,
  1.8543307 0.31496063 0.31496063,2.0511811 0.31496063 0.31496063,
  2.0511811 0.31496063 0.31496063,2.0511811 0.30422861 0.39647844,
  2.0511811 0.27276391 0.47244094,2.0511811 0.2227108 0.53767143,
  2.0511811 0.15748031 0.58772454,2.0511811 0.081517809 0.61918924,
  2.0511811 0 0.62992126,2.0511811 -0.081517809 0.61918924,
  2.0511811 -0.15748031 0.58772454,2.0511811 -0.2227108 0.53767143,
  2.0511811 -0.27276391 0.47244094,2.0511811 -0.30422861 0.39647844,
  2.0511811 -0.31496063 0.31496063,2.0511811 -0.30422861 0.23344282,
  2.0511811 -0.27276391 0.15748031,2.0511811 -0.2227108 0.092249833,
  2.0511811 -0.15748031 0.042196723,2.0511811 -0.081517809 0.010732023,
  2.0511811 0 0,2.0511811 0.081517809 0.010732023,
  2.0511811 0.15748031 0.042196723,2.0511811 0.2227108 0.092249833,
  2.0511811 0.27276391 0.15748031,2.0511811 0.30422861 0.23344282] }
 coordIndex [
  23,24,25,-1,23,25,49,-1,22,49,48,-1,22,23,49,-1,21,48,47,-1,21,22,48,-1,20,47,46,-1,20,21,47,-1,
  19,46,45,-1,19,20,46,-1,18,45,44,-1,18,19,45,-1,17,44,43,-1,17,18,44,-1,16,43,42,-1,16,17,43,-1,
  15,42,41,-1,15,16,42,-1,14,41,40,-1,14,15,41,-1,13,40,39,-1,13,14,40,-1,12,13,39,-1,12,39,38,-1,
  11,12,38,-1,11,38,37,-1,10,11,37,-1,10,37,36,-1,9,10,36,-1,9,35,34,-1,9,36,35,-1,8,9,34,-1,
  7,8,34,-1,7,34,33,-1,6,7,33,-1,6,33,32,-1,5,32,31,-1,5,6,32,-1,4,5,31,-1,4,31,30,-1,
  3,30,29,-1,3,4,30,-1,2,28,27,-1,2,29,28,-1,2,3,29,-1,1,2,27,-1,0,27,26,-1,0,1,27,-1]
  normalPerVertex TRUE
  normal DEF NORM_9 Normal { vector [
  0 0.99144486 0.13052619,0 0.96592583 0.25881905,
  0 0.8660254 0.5,0 0.67542593 0.73742784,
  0 0.46155098 0.88711369,0 0.21622209 0.9763442,
  0 -0.04384197 0.99903848,0 -0.30091828 0.95364993,
  0 -0.5 0.8660254,0 -0.70710678 0.70710678,
  0 -0.88711369 0.46155098,0 -0.9763442 0.21622209,
  0 -0.99903848 -0.04384197,0 -0.95364993 -0.30091828,
  0 -0.84327172 -0.5374875,0 -0.67542593 -0.73742784,
  0 -0.46155098 -0.88711369,0 -0.21622209 -0.9763442,
  0 0.04384197 -0.99903848,0 0.30091828 -0.95364993,
  0 0.5374875 -0.84327172,0 0.73742784 -0.67542593,
  0 0.88711369 -0.46155098,0 0.9763442 -0.21622209,
  0 0.99144486 -0.13052619,0 0.99144486 -0.13052619,
  0 0.99144486 0.13052619,0 0.96592583 0.25881905,
  0 0.8660254 0.5,0 0.73742784 0.67542593,
  0 0.5374875 0.84327172,0 0.30091828 0.95364993,
  0 0.04384197 0.99903848,0 -0.21622209 0.9763442,
  0 -0.5 0.8660254,0 -0.70710678 0.70710678,
  0 -0.84327172 0.5374875,0 -0.95364993 0.30091828,
  0 -0.99903848 0.04384197,0 -0.9763442 -0.21622209,
  0 -0.88711369 -0.46155098,0 -0.73742784 -0.67542593,
  0 -0.5374875 -0.84327172,0 -0.30091828 -0.95364993,
  0 -0.04384197 -0.99903848,0 0.21622209 -0.9763442,
  0 0.46155098 -0.88711369,0 0.67542593 -0.73742784,
  0 0.84327172 -0.5374875,0 0.95364993 -0.30091828] }
}
}
DEF SHAPE_10 Shape {
 appearance USE APP_2
 geometry DEF FACE_10 IndexedFaceSet {
  coord DEF COORD_10 Coordinate { point [
  0.098425197 0 -1.1811024,0.098425197 0 0.019685039,
  0.098425197 0 0.019685039,0.09507144 0.025474315 0.019685039,
  0.085238721 0.049212598 0.019685039,0.069597124 0.069597124 0.019685039,
  0.049212598 0.085238721 0.019685039,0.025474315 0.09507144 0.019685039,
  0 0.098425197 0.019685039,-0.025474315 0.09507144 0.019685039,
  -0.049212598 0.085238721 0.019685039,-0.069597124 0.069597124 0.019685039,
  -0.085238721 0.049212598 0.019685039,-0.09507144 0.025474315 0.019685039,
  -0.098425197 0 0.019685039,-0.09507144 -0.025474315 0.019685039,
  -0.085238721 -0.049212598 0.019685039,-0.069597124 -0.069597124 0.019685039,
  -0.049212598 -0.085238721 0.019685039,-0.025474315 -0.09507144 0.019685039,
  0 -0.098425197 0.019685039,0.025474315 -0.09507144 0.019685039,
  0.049212598 -0.085238721 0.019685039,0.069597124 -0.069597124 0.019685039,
  0.085238721 -0.049212598 0.019685039,0.09507144 -0.025474315 0.019685039,
  0.098425197 0 -1.1811024,0.09507144 0.025474315 -1.1811024,
  0.085238721 0.049212598 -1.1811024,0.069597124 0.069597124 -1.1811024,
  0.049212598 0.085238721 -1.1811024,0.025474315 0.09507144 -1.1811024,
  0 0.098425197 -1.1811024,-0.025474315 0.09507144 -1.1811024,
  -0.049212598 0.085238721 -1.1811024,-0.069597124 0.069597124 -1.1811024,
  -0.085238721 0.049212598 -1.1811024,-0.09507144 0.025474315 -1.1811024,
  -0.098425197 0 -1.1811024,-0.09507144 -0.025474315 -1.1811024,
  -0.085238721 -0.049212598 -1.1811024,-0.069597124 -0.069597124 -1.1811024,
  -0.049212598 -0.085238721 -1.1811024,-0.025474315 -0.09507144 -1.1811024,
  0 -0.098425197 -1.1811024,0.025474315 -0.09507144 -1.1811024,
  0.049212598 -0.085238721 -1.1811024,0.069597124 -0.069597124 -1.1811024,
  0.085238721 -0.049212598 -1.1811024,0.09507144 -0.025474315 -1.1811024] }
 coordIndex [
  3,2,26,-1,3,26,27,-1,4,27,28,-1,4,3,27,-1,5,28,29,-1,5,4,28,-1,6,29,30,-1,6,5,29,-1,
  7,30,31,-1,7,31,32,-1,7,6,30,-1,8,7,32,-1,9,32,33,-1,9,8,32,-1,10,33,34,-1,10,9,33,-1,
  11,34,35,-1,11,10,34,-1,12,35,36,-1,12,11,35,-1,13,36,37,-1,13,37,38,-1,13,12,36,-1,14,13,38,-1,
  15,14,38,-1,15,38,39,-1,16,15,39,-1,16,39,40,-1,17,16,40,-1,17,40,41,-1,18,17,41,-1,18,41,42,-1,
  19,18,42,-1,19,42,43,-1,20,19,43,-1,20,43,44,-1,21,20,44,-1,21,44,45,-1,22,21,45,-1,22,45,46,-1,
  22,46,47,-1,23,22,47,-1,24,23,47,-1,24,47,48,-1,25,24,48,-1,25,48,49,-1,1,49,0,-1,1,25,49,-1]
  normalPerVertex TRUE
  normal DEF NORM_10 Normal { vector [
  0.99144486 -0.13052619 0,0.99144486 -0.13052619 0,
  0.99144486 0.13052619 0,0.9763442 0.21622209 0,
  0.88711369 0.46155098 0,0.73742784 0.67542593 0,
  0.5374875 0.84327172 0,0.25881905 0.96592583 0,
  0 1 0,-0.21622209 0.9763442 0,
  -0.46155098 0.88711369 0,-0.67542593 0.73742784 0,
  -0.84327172 0.5374875 0,-0.96592583 0.25881905 0,
  -1 0 0,-0.9763442 -0.21622209 0,
  -0.88711369 -0.46155098 0,-0.73742784 -0.67542593 0,
  -0.5374875 -0.84327172 0,-0.30091828 -0.95364993 0,
  -0.04384197 -0.99903848 0,0.21622209 -0.9763442 0,
  0.5 -0.8660254 0,0.70710678 -0.70710678 0,
  0.84327172 -0.5374875 0,0.95364993 -0.30091828 0,
  0.99144486 0.13052619 0,0.95364993 0.30091828 0,
  0.84327172 0.5374875 0,0.67542593 0.73742784 0,
  0.46155098 0.88711369 0,0.25881905 0.96592583 0,
  0 1 0,-0.30091828 0.95364993 0,
  -0.5374875 0.84327172 0,-0.73742784 0.67542593 0,
  -0.88711369 0.46155098 0,-0.96592583 0.25881905 0,
  -1 0 0,-0.95364993 -0.30091828 0,
  -0.84327172 -0.5374875 0,-0.67542593 -0.73742784 0,
  -0.46155098 -0.88711369 0,-0.21622209 -0.9763442 0,
  0.04384197 -0.99903848 0,0.30091828 -0.95364993 0,
  0.5 -0.8660254 0,0.70710678 -0.70710678 0,
  0.88711369 -0.46155098 0,0.9763442 -0.21622209 0] }
}
}
DEF SHAPE_11 Shape {
 appearance USE APP_1
 geometry DEF FACE_11 IndexedFaceSet {
  coord DEF COORD_11 Coordinate { point [
  2.0511811 0.31496063 0.31496063,2.09194 0.30959462 0.31496063,
  2.1299213 0.29386227 0.31496063,2.1625365 0.26883571 0.31496063,
  2.1875631 0.23622047 0.31496063,2.2032954 0.19823922 0.31496063,
  2.2086614 0.15748031 0.31496063,2.0511811 0.30422861 0.39647844,
  2.0511811 0.27276391 0.47244094,2.0511811 0.2227108 0.53767143,
  2.0511811 0.15748031 0.58772454,2.0511811 0.081517809 0.61918924,
  2.0511811 0 0.62992126,2.0511811 -0.081517809 0.61918924,
  2.0511811 -0.15748031 0.58772454,2.0511811 -0.2227108 0.53767143,
  2.0511811 -0.27276391 0.47244094,2.0511811 -0.30422861 0.39647844,
  2.0511811 -0.31496063 0.31496063,2.0511811 -0.30422861 0.23344282,
  2.0511811 -0.27276391 0.15748031,2.0511811 -0.2227108 0.092249833,
  2.0511811 -0.15748031 0.042196723,2.0511811 -0.081517809 0.010732023,
  2.0511811 0 0,2.0511811 0.081517809 0.010732023,
  2.0511811 0.15748031 0.042196723,2.0511811 0.2227108 0.092249833,
  2.0511811 0.27276391 0.15748031,2.0511811 0.30422861 0.23344282,
  2.0511811 0.31496063 0.31496063,2.09194 0.30959462 0.31496063,
  2.1299213 0.29386227 0.31496063,2.1625365 0.26883571 0.31496063,
  2.1875631 0.23622047 0.31496063,2.2032954 0.19823922 0.31496063,
  2.2086614 0.15748031 0.31496063,2.2086614 0.1521143 0.35571953,
  2.2086614 0.13638195 0.39370079,2.2086614 0.1113554 0.42631603,
  2.2086614 0.078740157 0.45134258,2.2086614 0.040758905 0.46707493,
  2.2086614 0 0.47244094,2.2086614 -0.040758905 0.46707493,
  2.2086614 -0.078740157 0.45134258,2.2086614 -0.1113554 0.42631603,
  2.2086614 -0.13638195 0.39370079,2.2086614 -0.1521143 0.35571953,
  2.2086614 -0.15748031 0.31496063,2.2086614 -0.1521143 0.27420173,
  2.2086614 -0.13638195 0.23622047,2.2086614 -0.1113554 0.20360523,
  2.2086614 -0.078740157 0.17857868,2.2086614 -0.040758905 0.16284633,
  2.2086614 0 0.15748031,2.2086614 0.040758905 0.16284633,
  2.2086614 0.078740157 0.17857868,2.2086614 0.1113554 0.20360523,
  2.2086614 0.13638195 0.23622047,2.2086614 0.1521143 0.27420173,
  2.1299213 0.28384915 0.39101778,2.1625365 0.25967536 0.38454043,
  2.1299213 0.25449219 0.46189176,2.1875631 0.22817146 0.37609899,
  2.09194 0.21891645 0.53387708,2.1625365 0.23281856 0.44937849,
  2.2032954 0.19148438 0.36626872,2.1299213 0.207792 0.52275263,
  2.1875631 0.20457293 0.43307087,2.09194 0.15479731 0.58307743,
  2.1625365 0.19009556 0.50505619,2.2032954 0.1716802 0.41408024,
  2.1299213 0.14693113 0.56945282,2.1875631 0.1670331 0.48199373,
  2.09194 0.080128983 0.61400607,2.1625365 0.13441786 0.54777919,
  2.2032954 0.1401763 0.45513693,2.1299213 0.076057152 0.59880978,
  2.1875631 0.11811024 0.51953356,2.09194 0 0.62455525,
  2.1625365 0.069579803 0.57463599,2.2032954 0.09911961 0.48664083,
  2.1299213 0 0.6088229,2.1875631 0.061138357 0.54313208,
  2.09194 -0.080128983 0.61400607,2.1625365 0 0.58379634,
  2.2032954 0.051308086 0.50644501,2.1299213 -0.076057152 0.59880978,
  2.1875631 0 0.5511811,2.1625365 -0.069579803 0.57463599,
  2.2032954 0 0.51319985,2.1299213 -0.14693113 0.56945282,
  2.1875631 -0.061138357 0.54313208,2.1625365 -0.13441786 0.54777919,
  2.2032954 -0.051308086 0.50644501,2.1299213 -0.207792 0.52275263,
  2.1875631 -0.11811024 0.51953356,2.1625365 -0.19009556 0.50505619,
  2.2032954 -0.09911961 0.48664083,2.1299213 -0.25449219 0.46189176,
  2.1875631 -0.1670331 0.48199373,2.09194 -0.29904544 0.39508961,
  2.1625365 -0.23281856 0.44937849,2.2032954 -0.1401763 0.45513693,
  2.1299213 -0.28384915 0.39101778,2.1875631 -0.20457293 0.43307087,
  2.09194 -0.30959462 0.31496063,2.1625365 -0.25967536 0.38454043,
  2.2032954 -0.1716802 0.41408024,2.1299213 -0.29386227 0.31496063,
  2.1875631 -0.22817146 0.37609899,2.1625365 -0.26883571 0.31496063,
  2.2032954 -0.19148438 0.36626872,2.1299213 -0.28384915 0.23890348,
  2.1875631 -0.23622047 0.31496063,2.1625365 -0.25967536 0.24538083,
  2.2032954 -0.19823922 0.31496063,2.1299213 -0.25449219 0.1680295,
  2.1875631 -0.22817146 0.25382227,2.09194 -0.21891645 0.096044176,
  2.1625365 -0.23281856 0.18054277,2.2032954 -0.19148438 0.26365254,
  2.1299213 -0.207792 0.10716863,2.1875631 -0.20457293 0.19685039,
  2.09194 -0.15479731 0.046843826,2.1625365 -0.19009556 0.12486507,
  2.2032954 -0.1716802 0.21584102,2.1299213 -0.14693113 0.06046844,
  2.1875631 -0.1670331 0.14792753,2.09194 -0.080128983 0.015915192,
  2.1625365 -0.13441786 0.082142073,2.2032954 -0.1401763 0.17478433,
  2.1299213 -0.076057152 0.031111476,2.1875631 -0.11811024 0.1103877,
  2.1625365 -0.069579803 0.055285271,2.2032954 -0.09911961 0.14328043,
  2.1299213 0 0.021098362,2.1875631 -0.061138357 0.086789175,
  2.09194 0.080128983 0.015915192,2.1625365 0 0.046124916,
  2.2032954 -0.051308086 0.12347625,2.1299213 0.076057152 0.031111476,
  2.1875631 0 0.078740157,2.09194 0.15479731 0.046843826,
  2.1625365 0.069579803 0.055285271,2.2032954 0 0.11672141,
  2.1299213 0.14693113 0.06046844,2.1875631 0.061138357 0.086789175,
  2.1625365 0.13441786 0.082142073,2.2032954 0.051308086 0.12347625,
  2.1299213 0.207792 0.10716863,2.1875631 0.11811024 0.1103877,
  2.1625365 0.19009556 0.12486507,2.2032954 0.09911961 0.14328043,
  2.1299213 0.25449219 0.1680295,2.1875631 0.1670331 0.14792753,
  2.09194 0.29904544 0.23483165,2.1625365 0.23281856 0.18054277,
  2.2032954 0.1401763 0.17478433,2.1299213 0.28384915 0.23890348,
  2.1875631 0.20457293 0.19685039,2.1625365 0.25967536 0.24538083,
  2.2032954 0.1716802 0.21584102,2.1875631 0.22817146 0.25382227,
  2.2032954 0.19148438 0.26365254] }
 coordIndex [
  7,1,0,-1,60,2,1,-1,60,1,7,-1,61,3,2,-1,61,2,60,-1,62,7,8,-1,62,60,7,-1,63,4,3,-1,
  63,3,61,-1,64,8,9,-1,64,62,8,-1,65,61,60,-1,65,60,62,-1,66,5,4,-1,66,6,5,-1,66,37,6,-1,
  66,4,63,-1,67,62,64,-1,68,61,65,-1,68,63,61,-1,69,9,10,-1,69,64,9,-1,70,65,62,-1,70,62,67,-1,
  71,66,63,-1,71,38,37,-1,71,37,66,-1,71,63,68,-1,72,67,64,-1,72,64,69,-1,73,68,65,-1,73,65,70,-1,
  74,10,11,-1,74,69,10,-1,75,70,67,-1,75,67,72,-1,76,39,38,-1,76,68,73,-1,76,71,68,-1,76,38,71,-1,
  77,72,69,-1,77,69,74,-1,78,73,70,-1,78,70,75,-1,79,11,12,-1,79,12,13,-1,79,74,11,-1,80,72,77,-1,
  80,75,72,-1,81,40,39,-1,81,76,73,-1,81,73,78,-1,81,39,76,-1,82,74,79,-1,82,77,74,-1,83,78,75,-1,
  83,75,80,-1,84,13,14,-1,84,79,13,-1,85,80,77,-1,85,77,82,-1,86,78,83,-1,86,40,81,-1,86,41,40,-1,
  86,81,78,-1,87,82,79,-1,87,79,84,-1,88,80,85,-1,88,83,80,-1,89,88,85,-1,89,85,82,-1,89,82,87,-1,
  90,83,88,-1,90,42,41,-1,90,86,83,-1,90,41,86,-1,91,84,14,-1,91,87,84,-1,92,88,89,-1,93,89,87,-1,
  93,87,91,-1,94,88,92,-1,94,43,42,-1,94,90,88,-1,94,42,90,-1,95,14,15,-1,95,91,14,-1,96,89,93,-1,
  96,92,89,-1,97,93,91,-1,97,91,95,-1,98,92,96,-1,98,94,92,-1,98,43,94,-1,98,44,43,-1,99,95,15,-1,
  99,15,16,-1,100,96,93,-1,100,93,97,-1,101,16,17,-1,101,99,16,-1,102,97,95,-1,102,95,99,-1,103,96,100,-1,
  103,44,98,-1,103,45,44,-1,103,98,96,-1,104,99,101,-1,105,97,102,-1,105,100,97,-1,106,17,18,-1,106,18,19,-1,
  106,101,17,-1,107,102,99,-1,107,99,104,-1,108,103,100,-1,108,100,105,-1,108,46,45,-1,108,45,103,-1,109,101,106,-1,
  109,104,101,-1,110,105,102,-1,110,102,107,-1,111,104,109,-1,111,107,104,-1,112,108,105,-1,112,46,108,-1,112,47,46,-1,
  112,105,110,-1,113,106,19,-1,113,109,106,-1,113,111,109,-1,114,110,107,-1,114,107,111,-1,115,111,113,-1,115,114,111,-1,
  116,48,47,-1,116,47,112,-1,116,112,110,-1,116,110,114,-1,117,19,20,-1,117,113,19,-1,118,114,115,-1,119,117,20,-1,
  119,20,21,-1,120,115,113,-1,120,113,117,-1,120,118,115,-1,121,49,48,-1,121,48,116,-1,121,116,114,-1,121,114,118,-1,
  122,117,119,-1,122,120,117,-1,123,118,120,-1,124,21,22,-1,124,119,21,-1,125,120,122,-1,125,123,120,-1,126,121,118,-1,
  126,118,123,-1,126,50,49,-1,126,49,121,-1,127,119,124,-1,127,122,119,-1,128,123,125,-1,129,22,23,-1,129,23,24,-1,
  129,124,22,-1,130,125,122,-1,130,122,127,-1,131,126,123,-1,131,50,126,-1,131,123,128,-1,131,51,50,-1,132,127,124,-1,
  132,124,129,-1,133,128,125,-1,133,125,130,-1,134,130,127,-1,134,127,132,-1,135,128,133,-1,135,131,128,-1,135,51,131,-1,
  135,52,51,-1,135,53,52,-1,136,132,129,-1,136,129,24,-1,137,133,130,-1,137,130,134,-1,138,136,24,-1,138,24,25,-1,
  139,134,132,-1,139,132,136,-1,140,133,137,-1,140,135,133,-1,140,53,135,-1,140,54,53,-1,141,136,138,-1,142,137,134,-1,
  142,134,139,-1,143,138,25,-1,143,25,26,-1,143,26,27,-1,144,142,139,-1,144,139,136,-1,144,136,141,-1,145,140,137,-1,
  145,137,142,-1,145,54,140,-1,146,138,143,-1,146,141,138,-1,147,142,144,-1,148,144,141,-1,148,141,146,-1,149,55,54,-1,
  149,54,145,-1,149,145,142,-1,149,142,147,-1,150,143,27,-1,150,146,143,-1,151,147,144,-1,151,144,148,-1,152,148,146,-1,
  152,146,150,-1,153,55,149,-1,153,56,55,-1,153,149,147,-1,153,147,151,-1,154,27,28,-1,154,150,27,-1,155,151,148,-1,
  155,148,152,-1,156,28,29,-1,156,29,30,-1,156,30,31,-1,156,31,32,-1,156,154,28,-1,157,152,150,-1,157,150,154,-1,
  158,57,56,-1,158,151,155,-1,158,56,153,-1,158,153,151,-1,159,156,32,-1,159,154,156,-1,159,32,33,-1,159,157,154,-1,
  160,155,152,-1,160,152,157,-1,161,159,33,-1,161,157,159,-1,162,58,57,-1,162,57,158,-1,162,158,155,-1,162,155,160,-1,
  163,160,157,-1,163,157,161,-1,163,161,33,-1,163,33,34,-1,164,58,162,-1,164,160,163,-1,164,162,160,-1,164,163,34,-1,
  164,34,35,-1,164,35,36,-1,164,59,58,-1,164,36,59,-1]
  normalPerVertex TRUE
  normal DEF NORM_11 Normal { vector [
  0.12942831 0.9831056 0.12942831,0.25551962 0.9536122 0.15916502,
  0.53204783 0.83947055 0.11051839,0.73201727 0.67545758 0.088925678,
  0.88315253 0.46507283 0.061228,0.96536557 0.25866892 0.03405441,
  0.99129851 0.13050692 0.017181563,0.24001095 0.92792411 0.28522199,
  0.23312922 0.84259853 0.48546729,0.13040562 0.67002401 0.7307956,
  0.13040562 0.45804967 0.87930931,0.13040562 0.21486001 0.96789955,
  0.13052619 0 0.99144486,0.13040562 -0.21486001 0.96789955,
  0.24001095 -0.51566772 0.82248498,0.25860754 -0.71103548 0.65387361,
  0.23312922 -0.84172627 0.48697809,0.13040562 -0.96789955 0.21486001,
  0.13052619 -0.99144486 0,0.24001095 -0.92792411 -0.28522199,
  0.23312922 -0.84259853 -0.48546729,0.13040562 -0.67002401 -0.7307956,
  0.13040562 -0.45804967 -0.87930931,0.13052619 -0.25660481 -0.9576622,
  0.21573078 0 -0.97645288,0.13040562 0.29787555 -0.94565561,
  0.13052619 0.49572243 -0.85861644,0.24001095 0.71097155 -0.66099486,
  0.23312922 0.84172627 -0.48697809,0.13052619 0.9576622 -0.25660481,
  0.12942831 0.9831056 -0.12942831,0.25675137 0.95820914 -0.12615063,
  0.45707639 0.88181827 -0.11609358,0.69899838 0.70900527 -0.093342315,
  0.88315253 0.46507283 -0.061228,0.96536557 0.25866892 -0.03405441,
  0.99129851 0.13050692 -0.017181563,0.99142302 0.12435787 0.040193485,
  0.99142302 0.10971764 0.07101011,0.99142302 0.087600331 0.096987514,
  0.99142302 0.059513207 0.11635538,0.99142302 0.027370355 0.12779382,
  0.99142302 -0.0066377404 0.13052332,0.99142302 -0.040193485 0.12435787,
  0.99142302 -0.07101011 0.10971764,0.99142302 -0.096987514 0.087600331,
  0.99142302 -0.11635538 0.059513207,0.99142302 -0.12779382 0.027370355,
  0.99142302 -0.13052332 -0.0066377404,0.99142302 -0.12435787 -0.040193485,
  0.99142302 -0.10971764 -0.07101011,0.99142302 -0.087600331 -0.096987514,
  0.99144486 -0.065263096 -0.113039,0.99142302 -0.040193485 -0.12435787,
  0.99144486 0 -0.13052619,0.99142302 0.040193485 -0.12435787,
  0.99142302 0.07101011 -0.10971764,0.99142302 0.096987514 -0.087600331,
  0.99142302 0.11635538 -0.059513207,0.99144486 0.12607862 -0.033782664,
  0.4087126 0.87817375 0.2485254,0.70373729 0.6881272 0.17673368,
  0.37756275 0.8107824 0.4473011,0.86268606 0.49057891 0.12290279,
  0.27611017 0.70610981 0.65205223,0.70373729 0.61893779 0.34881205,
  0.96355382 0.26133389 0.057171924,0.52096585 0.5895523 0.61727034,
  0.86268606 0.44205326 0.24568614,0.25736518 0.4856932 0.83538332,
  0.70373729 0.50756879 0.49711946,0.96355382 0.23763197 0.12286203,
  0.49734052 0.43853871 0.74855609,0.86268606 0.3634024 0.35172639,
  0.25736518 0.25293049 0.93262497,0.70373729 0.36160982 0.61154899,
  0.96355382 0.19773582 0.18017928,0.49734052 0.22985529 0.83655183,
  0.86268606 0.25998628 0.43379707,0.23897066 -0.016667875 0.97088372,
  0.70373729 0.19100774 0.68430247,0.96355382 0.14436431 0.22521762,
  0.49734052 0.005507618 0.86753794,0.86268606 0.13885252 0.48630519,
  0.2582905 -0.31118855 0.91457515,0.68667757 0.02259531 0.72661087,
  0.96355382 0.081154606 0.25490775,0.49734052 -0.21921539 0.83940278,
  0.85241542 -0.0059912085 0.52283081,0.71597418 -0.16440265 0.678493,
  0.96355382 0.01241435 0.26722634,0.4087126 -0.46734519 0.7839276,
  0.8771783 -0.13276451 0.46144535,0.70373729 -0.34881205 0.61893779,
  0.96355382 -0.057171924 0.26133389,0.37836701 -0.64043947 0.668338,
  0.86268606 -0.24568614 0.44205326,0.70373729 -0.49711946 0.50756879,
  0.96355382 -0.12286203 0.23763197,0.37756275 -0.79276531 0.47850761,
  0.86268606 -0.35172639 0.3634024,0.27611017 -0.9177487 0.28548292,
  0.70373729 -0.61154899 0.36160982,0.96355382 -0.18017928 0.19773582,
  0.52096585 -0.82934795 0.2019321,0.86268606 -0.43379707 0.25998628,
  0.24001095 -0.97012675 -0.035338858,0.70373729 -0.68430247 0.19100774,
  0.96355382 -0.22521762 0.14436431,0.47589606 -0.8791301 0.02555787,
  0.86268606 -0.48630519 0.13885252,0.6734796 -0.73920581 0,
  0.96355382 -0.25490775 0.081154606,0.43070149 -0.87160151 -0.23410903,
  0.85241542 -0.52283081 -0.0059912085,0.72359323 -0.67032626 -0.16454647,
  0.96355382 -0.26722634 0.01241435,0.35269195 -0.82508658 -0.44140743,
  0.86249668 -0.48250632 -0.15260119,0.27611017 -0.70610981 -0.65205223,
  0.68963852 -0.63210038 -0.35333812,0.96355382 -0.26133389 -0.057171924,
  0.5353272 -0.59725405 -0.59725405,0.86249668 -0.42656923 -0.27228326,
  0.25736518 -0.4856932 -0.83538332,0.73492886 -0.47952037 -0.47952037,
  0.96355382 -0.23763197 -0.12286203,0.49734052 -0.43853871 -0.74855609,
  0.8771783 -0.33324113 -0.34570012,0.24001095 -0.21695256 -0.94621685,
  0.70373729 -0.36160982 -0.61154899,0.96355382 -0.19773582 -0.18017928,
  0.49734052 -0.22985529 -0.83655183,0.86268606 -0.25998628 -0.43379707,
  0.70373729 -0.19100774 -0.68430247,0.96785453 -0.13340951 -0.21321237,
  0.4041125 0.010663296 -0.91464713,0.86268606 -0.13885252 -0.48630519,
  0.27611017 0.21163889 -0.93753515,0.68667757 -0.02259531 -0.72661087,
  0.96359865 -0.076715109 -0.25611018,0.52096585 0.23979565 -0.81920244,
  0.85241542 0.0059912085 -0.52283081,0.24001095 0.51566772 -0.82248498,
  0.71597418 0.16440265 -0.678493,0.95760281 -0.011657349 -0.28785581,
  0.49734052 0.42899923 -0.7540637,0.8771783 0.13276451 -0.46144535,
  0.70373729 0.34881205 -0.61893779,0.96355382 0.057171924 -0.26133389,
  0.4087126 0.65431618 -0.63625808,0.86268606 0.24568614 -0.44205326,
  0.70373729 0.49711946 -0.50756879,0.96355382 0.12286203 -0.23763197,
  0.35269195 0.79481334 -0.49384223,0.86268606 0.35172639 -0.3634024,
  0.25768728 0.92893281 -0.26585919,0.68963852 0.63210038 -0.35333812,
  0.96355382 0.18017928 -0.19773582,0.5353272 0.8158642 -0.21861015,
  0.86268606 0.43379707 -0.25998628,0.70710678 0.6830127 -0.1830127,
  0.96355382 0.22521762 -0.14436431,0.8411942 0.5223081 -0.13995203,
  0.96244757 0.2622176 -0.070260995] }
}
}
DEF SHAPE_12 Shape {
 appearance USE APP_2
 geometry DEF FACE_12 IndexedFaceSet {
  coord DEF COORD_12 Coordinate { point [
  0.098425197 0 -1.1811024,0.09507144 0.025474315 -1.1811024,
  0.085238721 0.049212598 -1.1811024,0.069597124 0.069597124 -1.1811024,
  0.049212598 0.085238721 -1.1811024,0.025474315 0.09507144 -1.1811024,
  0 0.098425197 -1.1811024,-0.025474315 0.09507144 -1.1811024,
  -0.049212598 0.085238721 -1.1811024,-0.069597124 0.069597124 -1.1811024,
  -0.085238721 0.049212598 -1.1811024,-0.09507144 0.025474315 -1.1811024,
  -0.098425197 0 -1.1811024,-0.09507144 -0.025474315 -1.1811024,
  -0.085238721 -0.049212598 -1.1811024,-0.069597124 -0.069597124 -1.1811024,
  -0.049212598 -0.085238721 -1.1811024,-0.025474315 -0.09507144 -1.1811024,
  0 -0.098425197 -1.1811024,0.025474315 -0.09507144 -1.1811024,
  0.049212598 -0.085238721 -1.1811024,0.069597124 -0.069597124 -1.1811024,
  0.085238721 -0.049212598 -1.1811024,0.09507144 -0.025474315 -1.1811024] }
 coordIndex [
  9,1,0,-1,9,2,1,-1,9,3,2,-1,9,4,3,-1,9,5,4,-1,9,6,5,-1,9,7,6,-1,9,8,7,-1,
  9,11,10,-1,9,12,11,-1,9,13,12,-1,9,14,13,-1,9,15,14,-1,9,16,15,-1,9,17,16,-1,9,18,17,-1,
  9,19,18,-1,9,20,19,-1,9,21,20,-1,9,22,21,-1,9,23,22,-1,9,0,23,-1]
  normalPerVertex TRUE
  normal DEF NORM_12 Normal { vector [
  0 0 -1,0 0 -1,
  0 0 -1,0 0 -1,
  0 0 -1,0 0 -1,
  0 0 -1,0 0 -1,
  0 0 -1,0 0 -1,
  0 0 -1,0 0 -1,
  0 0 -1,0 0 -1,
  0 0 -1,0 0 -1,
  0 0 -1,0 0 -1,
  0 0 -1,0 0 -1,
  0 0 -1,0 0 -1,
  0 0 -1,0 0 -1] }
}
}
DEF SHAPE_13 Shape {
 appearance USE APP_1
 geometry DEF FACE_13 IndexedFaceSet {
  coord DEF COORD_13 Coordinate { point [
  2.2086614 0.15748031 0.31496063,2.2086614 0.1521143 0.35571953,
  2.2086614 0.13638195 0.39370079,2.2086614 0.1113554 0.42631603,
  2.2086614 0.078740157 0.45134258,2.2086614 0.040758905 0.46707493,
  2.2086614 0 0.47244094,2.2086614 -0.040758905 0.46707493,
  2.2086614 -0.078740157 0.45134258,2.2086614 -0.1113554 0.42631603,
  2.2086614 -0.13638195 0.39370079,2.2086614 -0.1521143 0.35571953,
  2.2086614 -0.15748031 0.31496063,2.2086614 -0.1521143 0.27420173,
  2.2086614 -0.13638195 0.23622047,2.2086614 -0.1113554 0.20360523,
  2.2086614 -0.078740157 0.17857868,2.2086614 -0.040758905 0.16284633,
  2.2086614 0 0.15748031,2.2086614 0.040758905 0.16284633,
  2.2086614 0.078740157 0.17857868,2.2086614 0.1113554 0.20360523,
  2.2086614 0.13638195 0.23622047,2.2086614 0.1521143 0.27420173,
  2.2086614 0 0.21653543,2.2086614 0.025474315 0.21988919,
  2.2086614 0.049212598 0.22972191,2.2086614 0.069597124 0.24536351,
  2.2086614 0.085238721 0.26574803,2.2086614 0.09507144 0.28948631,
  2.2086614 0.098425197 0.31496063,2.2086614 0.09507144 0.34043495,
  2.2086614 0.085238721 0.36417323,2.2086614 0.069597124 0.38455775,
  2.2086614 0.049212598 0.40019935,2.2086614 0.025474315 0.41003207,
  2.2086614 0 0.41338583,2.2086614 -0.025474315 0.41003207,
  2.2086614 -0.049212598 0.40019935,2.2086614 -0.069597124 0.38455775,
  2.2086614 -0.085238721 0.36417323,2.2086614 -0.09507144 0.34043495,
  2.2086614 -0.098425197 0.31496063,2.2086614 -0.09507144 0.28948631,
  2.2086614 -0.085238721 0.26574803,2.2086614 -0.069597124 0.24536351,
  2.2086614 -0.049212598 0.22972191,2.2086614 -0.025474315 0.21988919] }
 coordIndex [
  34,3,4,-1,34,33,3,-1,32,2,3,-1,32,3,33,-1,31,1,2,-1,31,2,32,-1,35,4,5,-1,35,34,4,-1,
  30,0,1,-1,30,1,31,-1,36,5,6,-1,36,35,5,-1,29,23,0,-1,29,0,30,-1,37,6,7,-1,37,36,6,-1,
  28,22,23,-1,28,23,29,-1,38,7,8,-1,38,37,7,-1,39,8,9,-1,39,38,8,-1,21,28,27,-1,21,22,28,-1,
  10,39,9,-1,10,40,39,-1,20,27,26,-1,20,21,27,-1,25,20,26,-1,11,40,10,-1,11,41,40,-1,19,20,25,-1,
  18,19,25,-1,18,25,24,-1,12,41,11,-1,12,42,41,-1,12,43,42,-1,17,18,24,-1,17,24,47,-1,13,43,12,-1,
  16,17,47,-1,16,47,46,-1,14,43,13,-1,14,44,43,-1,15,16,46,-1,15,45,44,-1,15,44,14,-1,15,46,45,-1]
  normalPerVertex TRUE
  normal DEF NORM_13 Normal { vector [
  1 0 0,1 0 0,
  1 0 0,1 0 0,
  1 0 0,1 0 0,
  1 0 0,1 0 0,
  1 0 0,1 0 0,
  1 0 0,1 0 0,
  1 0 0,1 0 0,
  1 0 0,1 0 0,
  1 0 0,1 0 0,
  1 0 0,1 0 0,
  1 0 0,1 0 0,
  1 0 0,1 0 0,
  1 0 0,1 0 0,
  1 0 0,1 0 0,
  1 0 0,1 0 0,
  1 0 0,1 0 0,
  1 0 0,1 0 0,
  1 0 0,1 0 0,
  1 0 0,1 0 0,
  1 0 0,1 0 0,
  1 0 0,1 0 0,
  1 0 0,1 0 0,
  1 0 0,1 0 0,
  1 0 0,1 0 0] }
}
}
DEF SHAPE_14 Shape {
 appearance USE APP_2
 geometry DEF FACE_14 IndexedFaceSet {
  coord DEF COORD_14 Coordinate { point [
  2.2086614 0 0.21653543,2.2086614 0.025474315 0.21988919,
  2.2086614 0.049212598 0.22972191,2.2086614 0.069597124 0.24536351,
  2.2086614 0.085238721 0.26574803,2.2086614 0.09507144 0.28948631,
  2.2086614 0.098425197 0.31496063,2.2086614 0.09507144 0.34043495,
  2.2086614 0.085238721 0.36417323,2.2086614 0.069597124 0.38455775,
  2.2086614 0.049212598 0.40019935,2.2086614 0.025474315 0.41003207,
  2.2086614 0 0.41338583,2.2086614 -0.025474315 0.41003207,
  2.2086614 -0.049212598 0.40019935,2.2086614 -0.069597124 0.38455775,
  2.2086614 -0.085238721 0.36417323,2.2086614 -0.09507144 0.34043495,
  2.2086614 -0.098425197 0.31496063,2.2086614 -0.09507144 0.28948631,
  2.2086614 -0.085238721 0.26574803,2.2086614 -0.069597124 0.24536351,
  2.2086614 -0.049212598 0.22972191,2.2086614 -0.025474315 0.21988919,
  2.2086614 0 0.21653543,2.7047244 0 0.21653543,
  2.7047244 0 0.21653543,2.7047244 0.025474315 0.21988919,
  2.7047244 0.049212598 0.22972191,2.7047244 0.069597124 0.24536351,
  2.7047244 0.085238721 0.26574803,2.7047244 0.09507144 0.28948631,
  2.7047244 0.098425197 0.31496063,2.7047244 0.09507144 0.34043495,
  2.7047244 0.085238721 0.36417323,2.7047244 0.069597124 0.38455775,
  2.7047244 0.049212598 0.40019935,2.7047244 0.025474315 0.41003207,
  2.7047244 0 0.41338583,2.7047244 -0.025474315 0.41003207,
  2.7047244 -0.049212598 0.40019935,2.7047244 -0.069597124 0.38455775,
  2.7047244 -0.085238721 0.36417323,2.7047244 -0.09507144 0.34043495,
  2.7047244 -0.098425197 0.31496063,2.7047244 -0.09507144 0.28948631,
  2.7047244 -0.085238721 0.26574803,2.7047244 -0.069597124 0.24536351,
  2.7047244 -0.049212598 0.22972191,2.7047244 -0.025474315 0.21988919] }
 coordIndex [
  27,0,1,-1,27,26,0,-1,28,1,2,-1,28,27,1,-1,29,2,3,-1,29,28,2,-1,30,3,4,-1,30,29,3,-1,
  31,4,5,-1,31,30,4,-1,32,5,6,-1,32,31,5,-1,33,6,7,-1,33,7,8,-1,33,32,6,-1,34,33,8,-1,
  35,8,9,-1,35,34,8,-1,36,9,10,-1,36,35,9,-1,37,10,11,-1,37,36,10,-1,38,37,11,-1,38,11,12,-1,
  39,38,12,-1,39,12,13,-1,39,13,14,-1,40,39,14,-1,41,40,14,-1,41,14,15,-1,42,41,15,-1,42,15,16,-1,
  42,16,17,-1,43,42,17,-1,43,17,18,-1,44,43,18,-1,45,18,19,-1,45,44,18,-1,46,19,20,-1,46,45,19,-1,
  47,20,21,-1,47,21,22,-1,47,46,20,-1,48,47,22,-1,49,22,23,-1,49,48,22,-1,25,23,24,-1,25,49,23,-1]
  normalPerVertex TRUE
  normal DEF NORM_14 Normal { vector [
  0 0.13052619 -0.99144486,0 0.30091828 -0.95364993,
  0 0.5374875 -0.84327172,0 0.73742784 -0.67542593,
  0 0.88711369 -0.46155098,0 0.9763442 -0.21622209,
  0 0.99903848 0.04384197,0 0.96592583 0.25881905,
  0 0.8660254 0.5,0 0.67542593 0.73742784,
  0 0.46155098 0.88711369,0 0.21622209 0.9763442,
  0 -0.04384197 0.99903848,0 -0.25881905 0.96592583,
  0 -0.5 0.8660254,0 -0.73742784 0.67542593,
  0 -0.8660254 0.5,0 -0.95364993 0.30091828,
  0 -1 0,0 -0.95364993 -0.30091828,
  0 -0.84327172 -0.5374875,0 -0.70710678 -0.70710678,
  0 -0.5 -0.8660254,0 -0.21622209 -0.9763442,
  0 -0.13052619 -0.99144486,0 -0.13052619 -0.99144486,
  0 0.13052619 -0.99144486,0 0.21622209 -0.9763442,
  0 0.46155098 -0.88711369,0 0.67542593 -0.73742784,
  0 0.84327172 -0.5374875,0 0.95364993 -0.30091828,
  0 0.99903848 -0.04384197,0 0.96592583 0.25881905,
  0 0.8660254 0.5,0 0.73742784 0.67542593,
  0 0.5374875 0.84327172,0 0.30091828 0.95364993,
  0 0.04384197 0.99903848,0 -0.25881905 0.96592583,
  0 -0.5 0.8660254,0 -0.67542593 0.73742784,
  0 -0.8660254 0.5,0 -0.9763442 0.21622209,
  0 -1 0,0 -0.9763442 -0.21622209,
  0 -0.88711369 -0.46155098,0 -0.70710678 -0.70710678,
  0 -0.5 -0.8660254,0 -0.30091828 -0.95364993] }
}
}
DEF SHAPE_15 Shape {
 appearance USE APP_2
 geometry DEF FACE_15 IndexedFaceSet {
  coord DEF COORD_15 Coordinate { point [
  2.7047244 0 0.21653543,2.755673 0 0.20982792,
  2.8031496 0 0.19016248,2.8439187 0 0.15887929,
  2.8752019 0 0.11811024,2.8948673 0 0.07063367,
  2.9015748 0 0.019685039,2.9049286 -0.025474315 0.019685039,
  2.9147613 -0.049212598 0.019685039,2.9304029 -0.069597124 0.019685039,
  2.9507874 -0.085238721 0.019685039,2.9745257 -0.09507144 0.019685039,
  3 -0.098425197 0.019685039,3.0254743 -0.09507144 0.019685039,
  3.0492126 -0.085238721 0.019685039,3.0695971 -0.069597124 0.019685039,
  3.0852387 -0.049212598 0.019685039,3.0950714 -0.025474315 0.019685039,
  3.0984252 0 0.019685039,3.0950714 0.025474315 0.019685039,
  3.0852387 0.049212598 0.019685039,3.0695971 0.069597124 0.019685039,
  3.0492126 0.085238721 0.019685039,3.0254743 0.09507144 0.019685039,
  3 0.098425197 0.019685039,2.9745257 0.09507144 0.019685039,
  2.9507874 0.085238721 0.019685039,2.9304029 0.069597124 0.019685039,
  2.9147613 0.049212598 0.019685039,2.9049286 0.025474315 0.019685039,
  2.9015748 0 0.019685039,2.7047244 0 0.21653543,
  2.755673 0 0.20982792,2.8031496 0 0.19016248,
  2.8439187 0 0.15887929,2.8752019 0 0.11811024,
  2.8948673 0 0.07063367,2.7047244 0.025474315 0.21988919,
  2.7047244 0.049212598 0.22972191,2.7047244 0.069597124 0.24536351,
  2.7047244 0.085238721 0.26574803,2.7047244 0.09507144 0.28948631,
  2.7047244 0.098425197 0.31496063,2.7047244 0.09507144 0.34043495,
  2.7047244 0.085238721 0.36417323,2.7047244 0.069597124 0.38455775,
  2.7047244 0.049212598 0.40019935,2.7047244 0.025474315 0.41003207,
  2.7047244 0 0.41338583,2.7047244 -0.025474315 0.41003207,
  2.7047244 -0.049212598 0.40019935,2.7047244 -0.069597124 0.38455775,
  2.7047244 -0.085238721 0.36417323,2.7047244 -0.09507144 0.34043495,
  2.7047244 -0.098425197 0.31496063,2.7047244 -0.09507144 0.28948631,
  2.7047244 -0.085238721 0.26574803,2.7047244 -0.069597124 0.24536351,
  2.7047244 -0.049212598 0.22972191,2.7047244 -0.025474315 0.21988919,
  2.7565411 -0.025474315 0.2130674,2.759086 -0.049212598 0.22256508,
  2.7631343 -0.069597124 0.2376737,2.8048265 -0.025474315 0.19306692,
  2.7684102 -0.085238721 0.25736364,2.8097428 -0.049212598 0.2015823,
  2.7745541 -0.09507144 0.28029306,2.8175636 -0.069597124 0.21512832,
  2.7811474 -0.098425197 0.30489936,2.8462901 -0.025474315 0.16125075,
  2.8277559 -0.085238721 0.23278184,2.7877406 -0.09507144 0.32950566,
  2.8532429 -0.049212598 0.16820353,2.839625 -0.09507144 0.2533398,
  2.7938845 -0.085238721 0.35243508,2.8643032 -0.069597124 0.17926381,
  2.8523622 -0.098425197 0.2754012,2.7991604 -0.069597124 0.37212502,
  2.8781063 -0.025474315 0.11978711,2.8787172 -0.085238721 0.19367785,
  2.8650994 -0.09507144 0.29746261,2.8032088 -0.049212598 0.38723364,
  2.8866217 -0.049212598 0.12470347,2.8955027 -0.09507144 0.21046335,
  2.8769685 -0.085238721 0.31802056,2.8057537 -0.025474315 0.39673132,
  2.9001677 -0.069597124 0.13252427,2.9135158 -0.098425197 0.22847641,
  2.8871608 -0.069597124 0.33567408,2.8981068 -0.025474315 0.071501687,
  2.8066217 0 0.3999708,2.9178212 -0.085238721 0.14271654,
  2.9315288 -0.09507144 0.24648947,2.8949816 -0.049212598 0.3492201,
  2.9076044 -0.049212598 0.074046581,2.8057537 0.025474315 0.39673132,
  2.9383792 -0.09507144 0.15458568,2.9483143 -0.085238721 0.26327497,
  2.8998979 -0.025474315 0.35773548,2.9227131 -0.069597124 0.078094925,
  2.8032088 0.049212598 0.38723364,2.9604406 -0.098425197 0.16732283,
  2.9627284 -0.069597124 0.27768901,2.9015748 0 0.36063992,
  2.942403 -0.085238721 0.083370828,2.7991604 0.069597124 0.37212502,
  2.982502 -0.09507144 0.18005999,2.9737887 -0.049212598 0.28874929,
  2.8998979 0.025474315 0.35773548,2.9653324 -0.09507144 0.089514748,
  2.7938845 0.085238721 0.35243508,3.0030599 -0.085238721 0.19192913,
  2.9807414 -0.025474315 0.29570207,2.8949816 0.049212598 0.3492201,
  2.9899387 -0.098425197 0.096107986,2.7877406 0.09507144 0.32950566,
  3.0207134 -0.069597124 0.2021214,2.9831129 0 0.29807354,
  2.8871608 0.069597124 0.33567408,3.014545 -0.09507144 0.10270122,
  2.7811474 0.098425197 0.30489936,3.0342595 -0.049212598 0.2099422,
  2.9807414 0.025474315 0.29570207,2.8769685 0.085238721 0.31802056,
  3.0374744 -0.085238721 0.10884514,2.7745541 0.09507144 0.28029306,
  3.0427749 -0.025474315 0.21485855,2.9737887 0.049212598 0.28874929,
  2.8650994 0.09507144 0.29746261,3.0571644 -0.069597124 0.11412105,
  2.7684102 0.085238721 0.25736364,3.0456793 0 0.21653543,
  2.9627284 0.069597124 0.27768901,2.8523622 0.098425197 0.2754012,
  3.072273 -0.049212598 0.11816939,2.7631343 0.069597124 0.2376737,
  3.0427749 0.025474315 0.21485855,2.9483143 0.085238721 0.26327497,
  2.839625 0.09507144 0.2533398,3.0817707 -0.025474315 0.12071428,
  2.759086 0.049212598 0.22256508,3.0342595 0.049212598 0.2099422,
  2.9315288 0.09507144 0.24648947,2.8277559 0.085238721 0.23278184,
  3.0850102 0 0.1215823,2.7565411 0.025474315 0.2130674,
  3.0207134 0.069597124 0.2021214,2.9135158 0.098425197 0.22847641,
  2.8175636 0.069597124 0.21512832,3.0817707 0.025474315 0.12071428,
  3.0030599 0.085238721 0.19192913,2.8955027 0.09507144 0.21046335,
  2.8097428 0.049212598 0.2015823,3.072273 0.049212598 0.11816939,
  2.982502 0.09507144 0.18005999,2.8787172 0.085238721 0.19367785,
  2.8048265 0.025474315 0.19306692,3.0571644 0.069597124 0.11412105,
  2.9604406 0.098425197 0.16732283,2.8643032 0.069597124 0.17926381,
  3.0374744 0.085238721 0.10884514,2.9383792 0.09507144 0.15458568,
  2.8532429 0.049212598 0.16820353,3.014545 0.09507144 0.10270122,
  2.9178212 0.085238721 0.14271654,2.8462901 0.025474315 0.16125075,
  2.9899387 0.098425197 0.096107986,2.9001677 0.069597124 0.13252427,
  2.9653324 0.09507144 0.089514748,2.8866217 0.049212598 0.12470347,
  2.942403 0.085238721 0.083370828,2.8781063 0.025474315 0.11978711,
  2.9227131 0.069597124 0.078094925,2.9076044 0.049212598 0.074046581,
  2.8981068 0.025474315 0.071501687] }
 coordIndex [
  60,0,1,-1,60,59,0,-1,61,59,60,-1,61,58,59,-1,62,57,58,-1,62,58,61,-1,63,1,2,-1,63,60,1,-1,
  64,56,57,-1,64,57,62,-1,65,60,63,-1,65,61,60,-1,66,55,56,-1,66,56,64,-1,67,62,61,-1,67,61,65,-1,
  68,54,55,-1,68,55,66,-1,69,2,3,-1,69,63,2,-1,70,64,62,-1,70,62,67,-1,71,54,68,-1,71,53,54,-1,
  72,63,69,-1,72,65,63,-1,73,64,70,-1,73,66,64,-1,74,52,53,-1,74,53,71,-1,75,65,72,-1,75,67,65,-1,
  76,68,66,-1,76,66,73,-1,77,52,74,-1,77,51,52,-1,78,3,4,-1,78,69,3,-1,79,67,75,-1,79,70,67,-1,
  80,68,76,-1,80,71,68,-1,81,50,51,-1,81,51,77,-1,82,72,69,-1,82,69,78,-1,83,70,79,-1,83,73,70,-1,
  84,74,71,-1,84,71,80,-1,85,50,81,-1,85,49,50,-1,86,72,82,-1,86,75,72,-1,87,76,73,-1,87,73,83,-1,
  88,74,84,-1,88,77,74,-1,89,4,5,-1,89,5,6,-1,89,6,7,-1,89,78,4,-1,90,48,49,-1,90,49,85,-1,
  91,79,75,-1,91,75,86,-1,92,80,76,-1,92,76,87,-1,93,77,88,-1,93,81,77,-1,94,78,89,-1,94,7,8,-1,
  94,89,7,-1,94,82,78,-1,95,48,90,-1,95,47,48,-1,96,83,79,-1,96,79,91,-1,97,80,92,-1,97,84,80,-1,
  98,81,93,-1,98,85,81,-1,99,94,8,-1,99,8,9,-1,99,82,94,-1,99,86,82,-1,100,47,95,-1,100,46,47,-1,
  101,83,96,-1,101,87,83,-1,102,88,84,-1,102,84,97,-1,103,85,98,-1,103,90,85,-1,104,9,10,-1,104,86,99,-1,
  104,91,86,-1,104,99,9,-1,105,46,100,-1,105,45,46,-1,106,87,101,-1,106,92,87,-1,107,88,102,-1,107,93,88,-1,
  108,90,103,-1,108,95,90,-1,109,10,11,-1,109,104,10,-1,109,91,104,-1,109,96,91,-1,110,44,45,-1,110,45,105,-1,
  111,97,92,-1,111,92,106,-1,112,93,107,-1,112,98,93,-1,113,100,95,-1,113,95,108,-1,114,96,109,-1,114,101,96,-1,
  114,11,12,-1,114,109,11,-1,115,43,44,-1,115,44,110,-1,116,97,111,-1,116,102,97,-1,117,103,98,-1,117,98,112,-1,
  118,105,100,-1,118,100,113,-1,119,12,13,-1,119,101,114,-1,119,106,101,-1,119,114,12,-1,120,42,43,-1,120,43,115,-1,
  121,107,102,-1,121,102,116,-1,122,108,103,-1,122,103,117,-1,123,110,105,-1,123,105,118,-1,124,13,14,-1,124,14,15,-1,
  124,119,13,-1,124,111,106,-1,124,106,119,-1,125,41,42,-1,125,42,120,-1,126,107,121,-1,126,112,107,-1,127,108,122,-1,
  127,113,108,-1,128,115,110,-1,128,110,123,-1,129,121,116,-1,129,111,124,-1,129,116,111,-1,129,124,15,-1,130,41,125,-1,
  130,40,41,-1,131,112,126,-1,131,117,112,-1,132,113,127,-1,132,118,113,-1,133,115,128,-1,133,120,115,-1,134,121,129,-1,
  134,15,16,-1,134,129,15,-1,135,40,130,-1,135,39,40,-1,136,117,131,-1,136,122,117,-1,137,118,132,-1,137,123,118,-1,
  138,120,133,-1,138,125,120,-1,139,16,17,-1,139,121,134,-1,139,126,121,-1,139,134,16,-1,140,38,39,-1,140,39,135,-1,
  141,127,122,-1,141,122,136,-1,142,123,137,-1,142,128,123,-1,143,125,138,-1,143,130,125,-1,144,131,126,-1,144,17,18,-1,
  144,139,17,-1,144,126,139,-1,145,32,31,-1,145,31,37,-1,145,37,38,-1,145,38,140,-1,146,132,127,-1,146,127,141,-1,
  147,128,142,-1,147,133,128,-1,148,130,143,-1,148,135,130,-1,149,18,19,-1,149,136,131,-1,149,144,18,-1,149,141,136,-1,
  149,131,144,-1,150,132,146,-1,150,137,132,-1,151,138,133,-1,151,133,147,-1,152,140,135,-1,152,135,148,-1,153,19,20,-1,
  153,149,19,-1,153,141,149,-1,154,137,150,-1,154,142,137,-1,155,143,138,-1,155,138,151,-1,156,33,32,-1,156,145,140,-1,
  156,140,152,-1,156,32,145,-1,157,150,146,-1,157,20,21,-1,157,146,141,-1,157,153,20,-1,157,141,153,-1,158,147,142,-1,
  158,142,154,-1,159,143,155,-1,159,148,143,-1,160,21,22,-1,160,22,23,-1,160,157,21,-1,160,150,157,-1,161,147,158,-1,
  161,151,147,-1,162,148,159,-1,162,152,148,-1,163,160,23,-1,163,150,160,-1,163,154,150,-1,164,155,151,-1,164,151,161,-1,
  165,152,162,-1,165,33,156,-1,165,34,33,-1,165,156,152,-1,166,23,24,-1,166,154,163,-1,166,163,23,-1,166,158,154,-1,
  167,155,164,-1,167,159,155,-1,168,166,24,-1,168,24,25,-1,168,25,26,-1,168,158,166,-1,168,161,158,-1,169,159,167,-1,
  169,162,159,-1,170,164,161,-1,170,168,26,-1,170,161,168,-1,171,165,162,-1,171,162,169,-1,171,34,165,-1,171,35,34,-1,
  172,26,27,-1,172,169,167,-1,172,164,170,-1,172,170,26,-1,172,167,164,-1,173,27,28,-1,173,169,172,-1,173,172,27,-1,
  174,171,169,-1,174,28,29,-1,174,29,30,-1,174,36,35,-1,174,30,36,-1,174,173,28,-1,174,35,171,-1,174,169,173,-1]
  normalPerVertex TRUE
  normal DEF NORM_15 Normal { vector [
  -0.12942831 -0.12942831 -0.9831056,-0.29881654 -0.13040003 -0.94535946,
  -0.53331165 -0.13040003 -0.8358077,-0.73146245 -0.13040003 -0.66929704,
  -0.87976529 -0.13040003 -0.45717488,-0.9576622 -0.13052619 -0.25660481,
  -0.9831056 -0.12942831 -0.12942831,-0.94580583 -0.2999111 -0.1245177,
  -0.83700103 -0.53599134 -0.11019328,-0.67090338 -0.73626568 -0.088326106,
  -0.45829198 -0.88675144 -0.060335284,-0.21352755 -0.9765325 -0.028111436,
  0.046287096 -0.99890959 0.0060938118,0.30268806 -0.95225624 0.039849639,
  0.49892023 -0.86415519 0.065684095,0.70633452 -0.70174374 0.092990703,
  0.88146282 -0.45777335 0.11604678,0.96842993 -0.21421526 0.12749622,
  0.99051841 0.043220515 0.13040422,0.94643928 0.29787122 0.12460109,
  0.83876414 0.53318003 0.11042539,0.67398191 0.73339971 0.088731401,
  0.49892023 0.86415519 0.065684095,0.2635413 0.96402395 0.03469587,
  -0.041249671 0.99913411 -0.0054306221,-0.25866892 0.96536557 -0.03405441,
  -0.49385056 0.86711272 -0.065016659,-0.73259552 0.67379639 -0.09644803,
  -0.88049582 0.45966269 -0.11591947,-0.95820914 0.25675137 -0.12615063,
  -0.9831056 0.12942831 -0.12942831,-0.12942831 0.12942831 -0.9831056,
  -0.29881654 0.13040003 -0.94535946,-0.53331165 0.13040003 -0.8358077,
  -0.73146245 0.13040003 -0.66929704,-0.87976529 0.13040003 -0.45717488,
  -0.9576622 0.13052619 -0.25660481,-0.12615063 0.25675137 -0.95820914,
  -0.11591947 0.45966269 -0.88049582,-0.09644803 0.67379639 -0.73259552,
  -0.070310702 0.84251607 -0.5340628,-0.039253888 0.95370752 -0.29816288,
  -0.0054306221 0.99913411 -0.041249671,0.028760424 0.97542264 0.21845711,
  0.060891553 0.88451682 0.46251727,0.088731401 0.73339971 0.67398191,
  0.11042539 0.53318003 0.83876414,0.12460109 0.29787122 0.94643928,
  0.13040422 0.043220515 0.99051841,0.12749622 -0.21421526 0.96842993,
  0.11604678 -0.45777335 0.88146282,0.096738026 -0.67135183 0.73479826,
  0.070771667 -0.84024766 0.53756418,0.039849639 -0.95225624 0.30268806,
  0.0060938118 -0.99890959 0.046287096,-0.028111436 -0.9765325 -0.21352755,
  -0.060335284 -0.88675144 -0.45829198,-0.088326106 -0.73626568 -0.67090338,
  -0.11019328 -0.53599134 -0.83700103,-0.1245177 -0.2999111 -0.94580583,
  -0.24978476 -0.26020726 -0.93268417,-0.22320029 -0.50229227 -0.83539458,
  -0.18078298 -0.70956965 -0.68104951,-0.48266998 -0.26020726 -0.83625467,
  -0.12556915 -0.86797746 -0.48046594,-0.43181095 -0.50229227 -0.74916072,
  -0.061584173 -0.96694282 -0.24744489,-0.35089153 -0.70956965 -0.61105323,
  0.0065603353 -0.99997614 0.0021616456,-0.68266203 -0.26020726 -0.6828358,
  -0.24564422 -0.86797746 -0.43159478,0.074050855 -0.9650282 0.25146976,
  -0.61099441 -0.50229227 -0.61187279,-0.1235292 -0.96694282 -0.22307426,
  0.1362139 -0.86459682 0.48365081,-0.4970874 -0.70956965 -0.49941469,
  0.0068962723 -0.99997614 0.00039004957,0.18881853 -0.70555879 0.6830332,
  -0.8361318 -0.26020726 -0.4828828,-0.34897904 -0.86797746 -0.35331114,
  0.1366128 -0.9650282 0.22373537,0.22834024 -0.49871977 0.83614552,
  -0.74853961 -0.50229227 -0.43288674,-0.17705591 -0.96694282 -0.18350148,
  0.25675057 -0.86459682 0.43191606,0.25217896 -0.25810038 0.93262531,
  -0.60940759 -0.70956965 -0.35374186,0.0067622398 -0.99997614 -0.0014081277,
  0.3591667 -0.70555879 0.61088958,-0.94297323 -0.21670234 -0.25266892,
  0.25881905 0 0.96592583,-0.42853152 -0.86797746 -0.25094993,
  0.1898648 -0.9650282 0.18075378,0.43697012 -0.49871977 0.74855575,
  -0.85626607 -0.46278249 -0.2294358,0.24791927 0.25810038 0.93376669,
  -0.21851655 -0.96694282 -0.13142338,0.35979011 -0.86459682 0.35074694,
  0.48496736 -0.25810038 0.83557815,-0.71094736 -0.67695233 -0.19049777,
  0.22032431 0.49871977 0.83829338,0.0061673718 -0.99997614 -0.0031103433,
  0.50503825 -0.70555879 0.49711484,0.5 0 0.8660254,
  -0.51714492 -0.84460635 -0.13856856,0.17799496 0.70555879 0.68593337,
  0.23017784 -0.9650282 0.12545411,0.61582121 -0.49871977 0.60995314,
  0.48114823 0.25810038 0.83778313,-0.28822537 -0.95444314 -0.077229755,
  0.1238607 0.86459682 0.48696084,0.43831054 -0.86459682 0.24567499,
  0.68470604 -0.25810038 0.68158773,0.42978323 0.49871977 0.7527051,
  -0.03984471 -0.99914885 -0.010676358,0.06160496 0.9650282 0.25480463,
  0.58900262 -0.72456848 0.35787767,0.70710678 0 0.70710678,
  0.34946254 0.70555879 0.61649228,0.21110069 -0.97582631 0.056564259,
  -0.0046005942 0.99997614 0.0051522076,0.75150857 -0.51448771 0.41296157,
  0.68158773 0.25810038 0.68470604,0.24567499 0.86459682 0.43831054,
  0.47329608 -0.87349379 0.114015,-0.070388989 0.96694282 -0.24508565,
  0.83778313 -0.25810038 0.48114823,0.60995314 0.49871977 0.61582121,
  0.12545411 0.9650282 0.23017784,0.6761184 -0.70522893 0.21334494,
  -0.1314869 0.86797746 -0.47888029,0.8660254 0 0.5,
  0.49711484 0.70555879 0.50503825,-0.0031103433 0.99997614 0.0061673718,
  0.82905316 -0.52176953 0.20106569,-0.1839621 0.70956965 -0.68019766,
  0.82862085 0.23304748 0.50899544,0.35074694 0.86459682 0.35979011,
  -0.13142338 0.96694282 -0.21851655,0.92137046 -0.30021079 0.24688047,
  -0.22440017 0.50229227 -0.83507307,0.76585005 0.48207624 0.42553049,
  0.18075378 0.9650282 0.1898648,-0.25094993 0.86797746 -0.42853152,
  0.9650076 -0.043592757 0.25857301,-0.20837629 0.25996932 -0.94286546,
  0.61777628 0.68743742 0.38181442,-0.0014081277 0.99997614 0.0067622398,
  -0.35374186 0.70956965 -0.60940759,0.93317643 0.23977969 0.26774513,
  0.45287662 0.85470973 0.25372042,-0.18350148 0.96694282 -0.17705591,
  -0.43288674 0.50229227 -0.74853961,0.85539868 0.47640689 0.20329678,
  0.22373537 0.9650282 0.1366128,-0.35331114 0.86797746 -0.34897904,
  -0.44530758 0.25996932 -0.85680635,0.69460563 0.69179035 0.19735535,
  0.00039004957 0.99997614 0.0068962723,-0.49941469 0.70956965 -0.4970874,
  0.49093849 0.86440168 0.10857777,-0.22307426 0.96694282 -0.1235292,
  -0.61187279 0.50229227 -0.61099441,0.27309429 0.95828597 0.084306015,
  -0.43159478 0.86797746 -0.24564422,-0.65189189 0.25996932 -0.7123573,
  0.044710732 0.99892814 0.011980204,-0.58612567 0.72664903 -0.35838232,
  -0.22953305 0.97175985 -0.05474832,-0.74834927 0.51899832 -0.41305461,
  -0.45622947 0.8797821 -0.13355949,-0.81405085 0.25996932 -0.51936227,
  -0.66339835 0.7232073 -0.1920256,-0.82829876 0.52380773 -0.19886332,
  -0.93247294 0.2608956 -0.24985537] }
}
}
DEF SHAPE_16 Shape {
 appearance USE APP_2
 geometry DEF FACE_16 IndexedFaceSet {
  coord DEF COORD_16 Coordinate { point [
  2.9015748 0 0.019685039,2.9015748 0 -1.1811024,
  2.9015748 0 -1.1811024,2.9049286 0.025474315 -1.1811024,
  2.9147613 0.049212598 -1.1811024,2.9304029 0.069597124 -1.1811024,
  2.9507874 0.085238721 -1.1811024,2.9745257 0.09507144 -1.1811024,
  3 0.098425197 -1.1811024,3.0254743 0.09507144 -1.1811024,
  3.0492126 0.085238721 -1.1811024,3.0695971 0.069597124 -1.1811024,
  3.0852387 0.049212598 -1.1811024,3.0950714 0.025474315 -1.1811024,
  3.0984252 0 -1.1811024,3.0950714 -0.025474315 -1.1811024,
  3.0852387 -0.049212598 -1.1811024,3.0695971 -0.069597124 -1.1811024,
  3.0492126 -0.085238721 -1.1811024,3.0254743 -0.09507144 -1.1811024,
  3 -0.098425197 -1.1811024,2.9745257 -0.09507144 -1.1811024,
  2.9507874 -0.085238721 -1.1811024,2.9304029 -0.069597124 -1.1811024,
  2.9147613 -0.049212598 -1.1811024,2.9049286 -0.025474315 -1.1811024,
  2.9015748 0 0.019685039,2.9049286 -0.025474315 0.019685039,
  2.9147613 -0.049212598 0.019685039,2.9304029 -0.069597124 0.019685039,
  2.9507874 -0.085238721 0.019685039,2.9745257 -0.09507144 0.019685039,
  3 -0.098425197 0.019685039,3.0254743 -0.09507144 0.019685039,
  3.0492126 -0.085238721 0.019685039,3.0695971 -0.069597124 0.019685039,
  3.0852387 -0.049212598 0.019685039,3.0950714 -0.025474315 0.019685039,
  3.0984252 0 0.019685039,3.0950714 0.025474315 0.019685039,
  3.0852387 0.049212598 0.019685039,3.0695971 0.069597124 0.019685039,
  3.0492126 0.085238721 0.019685039,3.0254743 0.09507144 0.019685039,
  3 0.098425197 0.019685039,2.9745257 0.09507144 0.019685039,
  2.9507874 0.085238721 0.019685039,2.9304029 0.069597124 0.019685039,
  2.9147613 0.049212598 0.019685039,2.9049286 0.025474315 0.019685039] }
 coordIndex [
  3,2,26,-1,3,26,49,-1,4,49,48,-1,4,3,49,-1,5,48,47,-1,5,4,48,-1,6,47,46,-1,6,5,47,-1,
  7,46,45,-1,7,6,46,-1,8,45,44,-1,8,7,45,-1,9,44,43,-1,9,8,44,-1,10,43,42,-1,10,9,43,-1,
  11,42,41,-1,11,10,42,-1,12,41,40,-1,12,11,41,-1,13,40,39,-1,13,12,40,-1,14,13,39,-1,14,39,38,-1,
  15,14,38,-1,15,38,37,-1,16,15,37,-1,16,36,35,-1,16,37,36,-1,17,16,35,-1,17,35,34,-1,18,17,34,-1,
  19,18,34,-1,19,33,32,-1,19,34,33,-1,20,19,32,-1,21,20,32,-1,21,32,31,-1,22,31,30,-1,22,21,31,-1,
  23,30,29,-1,23,22,30,-1,24,29,28,-1,24,23,29,-1,25,28,27,-1,25,24,28,-1,1,27,0,-1,1,25,27,-1]
  normalPerVertex TRUE
  normal DEF NORM_16 Normal { vector [
  -0.99144486 -0.13052619 0,-0.99144486 -0.13052619 0,
  -0.99144486 0.13052619 0,-0.9763442 0.21622209 0,
  -0.88711369 0.46155098 0,-0.73742784 0.67542593 0,
  -0.5374875 0.84327172 0,-0.30091828 0.95364993 0,
  -0.04384197 0.99903848 0,0.21622209 0.9763442 0,
  0.46155098 0.88711369 0,0.67542593 0.73742784 0,
  0.84327172 0.5374875 0,0.95364993 0.30091828 0,
  0.99903848 0.04384197 0,0.9763442 -0.21622209 0,
  0.8660254 -0.5 0,0.67542593 -0.73742784 0,
  0.5 -0.8660254 0,0.25881905 -0.96592583 0,
  0 -1 0,-0.21622209 -0.9763442 0,
  -0.46155098 -0.88711369 0,-0.67542593 -0.73742784 0,
  -0.84327172 -0.5374875 0,-0.95364993 -0.30091828 0,
  -0.99144486 0.13052619 0,-0.9763442 -0.21622209 0,
  -0.88711369 -0.46155098 0,-0.73742784 -0.67542593 0,
  -0.5374875 -0.84327172 0,-0.30091828 -0.95364993 0,
  0 -1 0,0.25881905 -0.96592583 0,
  0.5 -0.8660254 0,0.73742784 -0.67542593 0,
  0.8660254 -0.5 0,0.95364993 -0.30091828 0,
  0.99903848 -0.04384197 0,0.9763442 0.21622209 0,
  0.88711369 0.46155098 0,0.73742784 0.67542593 0,
  0.5374875 0.84327172 0,0.30091828 0.95364993 0,
  0.04384197 0.99903848 0,-0.21622209 0.9763442 0,
  -0.46155098 0.88711369 0,-0.67542593 0.73742784 0,
  -0.84327172 0.5374875 0,-0.95364993 0.30091828 0] }
}
}
DEF SHAPE_17 Shape {
 appearance USE APP_2
 geometry DEF FACE_17 IndexedFaceSet {
  coord DEF COORD_17 Coordinate { point [
  2.9015748 0 -1.1811024,2.9049286 0.025474315 -1.1811024,
  2.9147613 0.049212598 -1.1811024,2.9304029 0.069597124 -1.1811024,
  2.9507874 0.085238721 -1.1811024,2.9745257 0.09507144 -1.1811024,
  3 0.098425197 -1.1811024,3.0254743 0.09507144 -1.1811024,
  3.0492126 0.085238721 -1.1811024,3.0695971 0.069597124 -1.1811024,
  3.0852387 0.049212598 -1.1811024,3.0950714 0.025474315 -1.1811024,
  3.0984252 0 -1.1811024,3.0950714 -0.025474315 -1.1811024,
  3.0852387 -0.049212598 -1.1811024,3.0695971 -0.069597124 -1.1811024,
  3.0492126 -0.085238721 -1.1811024,3.0254743 -0.09507144 -1.1811024,
  3 -0.098425197 -1.1811024,2.9745257 -0.09507144 -1.1811024,
  2.9507874 -0.085238721 -1.1811024,2.9304029 -0.069597124 -1.1811024,
  2.9147613 -0.049212598 -1.1811024,2.9049286 -0.025474315 -1.1811024] }
 coordIndex [
  9,0,1,-1,9,1,2,-1,9,2,3,-1,9,3,4,-1,9,4,5,-1,9,5,6,-1,9,6,7,-1,9,7,8,-1,
  9,10,11,-1,9,11,12,-1,9,12,13,-1,9,13,14,-1,9,14,15,-1,9,15,16,-1,9,16,17,-1,9,17,18,-1,
  9,18,19,-1,9,19,20,-1,9,20,21,-1,9,21,22,-1,9,22,23,-1,9,23,0,-1]
  normalPerVertex TRUE
  normal DEF NORM_17 Normal { vector [
  0 0 -1,0 0 -1,
  0 0 -1,0 0 -1,
  0 0 -1,0 0 -1,
  0 0 -1,0 0 -1,
  0 0 -1,0 0 -1,
  0 0 -1,0 0 -1,
  0 0 -1,0 0 -1,
  0 0 -1,0 0 -1,
  0 0 -1,0 0 -1,
  0 0 -1,0 0 -1,
  0 0 -1,0 0 -1,
  0 0 -1,0 0 -1] }
}
}
] }
] }
] }
] }
DEF TXFM_6 Transform {
  center 0 0 0
  rotation 0 0 -1 1.5707963
  scale 1 1 1
  scaleOrientation 0 0 1 0
  translation 56.645669 -44.822835 0.31496063
 children [
USE TXFM_3
] }
DEF TXFM_7 Transform {
  center 0 0 0
  rotation 0 0 1 0
  scale 1 1 1
  scaleOrientation 0 0 1 0
  translation 54.133858 -42.418307 0.31496063
 children [
DEF TXFM_8 Transform {
  center 0 0 0
  rotation 0 0 1 0
  scale 1 1 1
  scaleOrientation 0 0 1 0
  translation 0 0 0
 children [
DEF TXFM_9 Transform {
  center 0 0 0
  rotation 0 0 1 0
  scale 1 1 1
  scaleOrientation 0 0 1 0
  translation 0 0 0
 children [
DEF TXFM_10 Transform {
  center 0 0 0
  rotation 0 0 1 0
  scale 1 1 1
  scaleOrientation 0 0 1 0
  translation 0 0 0
 children [
DEF SHAPE_18 Shape {
 appearance DEF APP_3 Appearance {
  material Material {
   ambientIntensity 0.12230745
   diffuseColor 0.82352942 0.81960785 0.78039217
   emissiveColor 0 0 0
   shininess 0.1
   specularColor 0.12 0.12 0.12
   transparency 0
} }
 geometry DEF FACE_18 IndexedFaceSet {
  coord DEF COORD_18 Coordinate { point [
  1.4035351 -0.34049786 1.7078613,1.4035351 -0.1161377 1.7679785,
  1.4035351 0.11613739 1.7679786,1.4035351 0.34049786 1.7078613,
  1.0629921 0.34049786 1.7078613,1.0629921 -0.34049786 1.7078613,
  1.0629921 -0.11613748 1.7679785,1.0629921 0.11613748 1.7679785] }
 coordIndex [
  2,3,4,-1,2,4,7,-1,1,7,6,-1,1,2,7,-1,0,6,5,-1,0,1,6,-1]
  normalPerVertex TRUE
  normal DEF NORM_18 Normal { vector [
  -1.3455309e-07 -0.25881924 0.96592578,-2.1841263e-07 -0.08693394 0.99621408,
  -1.6076491e-07 0.17386758 0.98476904,0 0.25881933 0.96592575,
  -9.9696075e-08 0.25881919 0.96592579,0 -0.25881905 0.96592583,
  -1.2462081e-07 -0.17386769 0.98476902,-1.9499663e-07 0.086933689 0.9962141] }
}
}
DEF SHAPE_19 Shape {
 appearance USE APP_3
 geometry DEF FACE_19 IndexedFaceSet {
  coord DEF COORD_19 Coordinate { point [
  1.0629921 -0.34049786 1.7078613,1.4035351 -0.34049786 1.7078613,
  1.4325996 -0.33910798 1.7045058,1.4602393 -0.33494817 1.6944632,
  1.4839915 -0.32838907 1.6786281,1.522619 -0.31773531 1.6529077,
  1.5669298 -0.31106648 1.6368077,1.6141732 -0.30879657 1.6313276,
  1.6614167 -0.31106648 1.6368077,1.7057275 -0.31773531 1.6529077,
  1.744355 -0.32838907 1.6786281,1.7681072 -0.33494817 1.6944632,
  1.7957468 -0.33910798 1.7045058,1.8248114 -0.34049786 1.7078613,
  4.8425197 -0.34049786 1.7078613,4.8609171 -0.3397046 1.7059462,
  4.878392 -0.33736459 1.7002969,4.8940681 -0.33359518 1.6911968,
  4.9071593 -0.32858538 1.6791021,4.9170092 -0.3225864 1.6646192,
  4.923124 -0.31589906 1.6484746,4.9251969 -0.30885868 1.6314776,
  4.9251969 -0.23729386 1.4587048,4.9212598 -0.23729386 1.4587048,
  4.9212598 -0.30885868 1.6314776,4.8425197 -0.33899123 1.704224,
  4.860041 -0.33823574 1.7024001,4.8766838 -0.33600717 1.6970198,
  4.8916134 -0.33241725 1.688353,4.9040812 -0.32764602 1.6768342,
  4.9134621 -0.3219327 1.6630411,4.9192857 -0.3155638 1.6476652,
  1.8248114 -0.33899123 1.704224,1.744355 -0.32688245 1.6749908,
  1.7680942 -0.33343883 1.6908193,1.7957612 -0.33760274 1.7008719,
  1.4839915 -0.32688245 1.6749908,1.522619 -0.31622868 1.6492703,
  1.5669298 -0.30955986 1.6331704,1.6141732 -0.30728995 1.6276903,
  1.6614167 -0.30955986 1.6331704,1.7057275 -0.31622868 1.6492703,
  1.4035351 -0.33899123 1.704224,1.4325853 -0.33760274 1.7008719,
  1.4602523 -0.33343883 1.6908193,1.0629921 -0.33899123 1.704224,
  0.98425197 -0.30885868 1.6314776,0.98622615 -0.3155638 1.6476652,
  0.9920497 -0.3219327 1.6630411,1.0014306 -0.32764602 1.6768342,
  1.0138984 -0.33241725 1.688353,1.0288281 -0.33600717 1.6970198,
  1.0454708 -0.33823574 1.7024001,0.98425197 -0.23729386 1.4587048,
  1.0629921 -0.23729386 1.4587048,1.0629921 -0.23578723 1.4550675,
  0.98031496 -0.23578723 1.4550675,0.98031496 -0.30885868 1.6314776,
  0.98238785 -0.31589906 1.6484746,0.98850257 -0.3225864 1.6646192,
  0.99835252 -0.32858538 1.6791021,1.0114438 -0.33359518 1.6911968,
  1.0271198 -0.33736459 1.7002969,1.0445947 -0.3397046 1.7059462] }
 coordIndex [
  24,22,21,-1,24,23,22,-1,31,21,20,-1,31,24,21,-1,30,20,19,-1,30,31,20,-1,29,19,18,-1,29,30,19,-1,
  17,28,29,-1,17,29,18,-1,16,27,28,-1,16,28,17,-1,15,26,27,-1,15,27,16,-1,14,25,26,-1,14,26,15,-1,
  32,25,14,-1,13,32,14,-1,12,35,32,-1,12,32,13,-1,11,35,12,-1,11,34,35,-1,10,34,11,-1,10,33,34,-1,
  9,33,10,-1,9,41,33,-1,8,41,9,-1,8,40,41,-1,7,40,8,-1,7,39,40,-1,38,39,7,-1,6,38,7,-1,
  37,38,6,-1,5,37,6,-1,36,37,5,-1,4,36,5,-1,44,36,4,-1,3,44,4,-1,43,44,3,-1,2,43,3,-1,
  42,43,2,-1,1,42,2,-1,53,55,54,-1,53,56,55,-1,0,45,42,-1,0,42,1,-1,57,53,46,-1,57,56,53,-1,
  52,45,0,-1,58,46,47,-1,58,57,46,-1,63,52,0,-1,48,58,47,-1,62,51,52,-1,62,52,63,-1,59,58,48,-1,
  61,50,51,-1,61,51,62,-1,60,48,49,-1,60,49,50,-1,60,59,48,-1,60,50,61,-1]
  normalPerVertex TRUE
  normal DEF NORM_19 Normal { vector [
  0 -0.92387953 -0.38268343,0 -0.92387953 -0.38268343,
  0 -0.92387953 -0.38268343,0 -0.92387953 -0.38268343,
  0 -0.92387953 -0.38268343,0 -0.92387953 -0.38268343,
  0 -0.92387953 -0.38268343,0 -0.92387953 -0.38268343,
  0 -0.92387953 -0.38268343,0 -0.92387953 -0.38268343,
  0 -0.92387953 -0.38268343,0 -0.92387953 -0.38268343,
  0 -0.92387953 -0.38268343,0 -0.92387953 -0.38268343,
  0 -0.92387953 -0.38268343,0 -0.92387953 -0.38268343,
  0 -0.92387953 -0.38268343,0 -0.92387953 -0.38268343,
  0 -0.92387953 -0.38268343,0 -0.92387953 -0.38268343,
  0 -0.92387953 -0.38268343,0 -0.92387953 -0.38268343,
  0 -0.92387953 -0.38268343,0 -0.92387953 -0.38268343,
  0 -0.92387953 -0.38268343,0 -0.92387953 -0.38268343,
  0 -0.92387953 -0.38268343,0 -0.92387953 -0.38268343,
  0 -0.92387953 -0.38268343,0 -0.92387953 -0.38268343,
  0 -0.92387953 -0.38268343,0 -0.92387953 -0.38268343,
  0 -0.92387953 -0.38268343,0 -0.92387953 -0.38268343,
  0 -0.92387953 -0.38268343,0 -0.92387953 -0.38268343,
  0 -0.92387953 -0.38268343,0 -0.92387953 -0.38268343,
  0 -0.92387953 -0.38268343,0 -0.92387953 -0.38268343,
  0 -0.92387953 -0.38268343,0 -0.92387953 -0.38268343,
  0 -0.92387953 -0.38268343,0 -0.92387953 -0.38268343,
  0 -0.92387953 -0.38268343,0 -0.92387953 -0.38268343,
  0 -0.92387953 -0.38268343,0 -0.92387953 -0.38268343,
  0 -0.92387953 -0.38268343,0 -0.92387953 -0.38268343,
  0 -0.92387953 -0.38268343,0 -0.92387953 -0.38268343,
  0 -0.92387953 -0.38268343,0 -0.92387953 -0.38268343,
  0 -0.92387953 -0.38268343,0 -0.92387953 -0.38268343,
  0 -0.92387953 -0.38268343,0 -0.92387953 -0.38268343,
  0 -0.92387953 -0.38268343,0 -0.92387953 -0.38268343,
  0 -0.92387953 -0.38268343,0 -0.92387953 -0.38268343,
  0 -0.92387953 -0.38268343,0 -0.92387953 -0.38268343] }
}
}
DEF SHAPE_20 Shape {
 appearance USE APP_3
 geometry DEF FACE_20 IndexedFaceSet {
  coord DEF COORD_20 Coordinate { point [
  1.4035351 -0.34049786 1.7078613,1.4325996 -0.33910798 1.7045058,
  1.4602393 -0.33494817 1.6944632,1.4839915 -0.32838907 1.6786281,
  1.4839915 -0.11200762 1.7366075,1.4839915 0.11200732 1.7366075,
  1.4839915 0.32838907 1.6786281,1.4035351 0.34049786 1.7078613,
  1.4325996 0.33910798 1.7045058,1.4602393 0.33494817 1.6944632,
  1.4035351 -0.1161377 1.7679785,1.4035351 0.11613739 1.7679786,
  1.4467625 -1.789279e-07 1.7673954] }
 coordIndex [
  10,0,1,-1,4,1,2,-1,4,2,3,-1,4,10,1,-1,8,7,11,-1,8,11,5,-1,9,8,5,-1,6,9,5,-1,
  12,4,5,-1,12,11,10,-1,12,10,4,-1,12,5,11,-1]
  normalPerVertex TRUE
  normal DEF NORM_20 Normal { vector [
  0.12295206 -0.25685566 0.95859687,0.3163277 -0.22113917 0.92251518,
  0.47443464 -0.21205463 0.85436796,0.58185606 -0.21049571 0.78557945,
  0.45123732 -0.15566275 0.87872293,0.45123727 0.15566259 0.87872298,
  0.58185606 0.21049564 0.78557948,0.12295206 0.25685556 0.9585969,
  0.31632769 0.22113911 0.9225152,0.47443463 0.21205457 0.85436798,
  0.25836017 -0.15783697 0.95306742,0.25836021 0.15783677 0.95306745,
  0.36327571 -2.4347203e-07 0.93168168] }
}
}
DEF SHAPE_21 Shape {
 appearance USE APP_3
 geometry DEF FACE_21 IndexedFaceSet {
  coord DEF COORD_21 Coordinate { point [
  0.98031496 -0.30885868 1.6314776,0.98031496 -0.10534594 1.6860086,
  0.98031496 0.10534594 1.6860086,0.98031496 0.30885868 1.6314776,
  0.98238785 0.31589906 1.6484746,0.98850257 0.3225864 1.6646192,
  0.99835252 0.32858538 1.6791021,1.0114438 0.33359518 1.6911968,
  1.0271198 0.33736459 1.7002969,1.0445947 0.3397046 1.7059462,
  1.0629921 0.34049786 1.7078613,1.0629921 -0.34049786 1.7078613,
  1.0629921 -0.11613748 1.7679785,1.0629921 0.11613748 1.7679785,
  0.98238785 -0.31589906 1.6484746,0.98850257 -0.3225864 1.6646192,
  0.99835252 -0.32858538 1.6791021,1.0114438 -0.33359518 1.6911968,
  1.0271198 -0.33736459 1.7002969,1.0445947 -0.3397046 1.7059462,
  0.98850257 0.11002821 1.721574,1.0114438 0.1137831 1.7500953,
  1.0445947 0.11586691 1.7659233] }
 coordIndex [
  1,0,14,-1,1,14,15,-1,1,15,16,-1,1,16,17,-1,12,17,18,-1,12,18,19,-1,12,19,11,-1,12,1,17,-1,
  4,3,2,-1,10,9,13,-1,20,2,1,-1,20,5,4,-1,20,6,5,-1,20,4,2,-1,21,7,6,-1,21,8,7,-1,
  21,20,1,-1,21,1,12,-1,21,6,20,-1,22,9,8,-1,22,12,13,-1,22,8,21,-1,22,21,12,-1,22,13,9,-1]
  normalPerVertex TRUE
  normal DEF NORM_21 Normal { vector [
  -0.99360427 -0.029225419 0.10907075,-0.78557695 -0.078980131 0.6137027,
  -0.97965253 0.025474132 0.19907785,-0.99360427 0.029225419 0.10907075,
  -0.97435994 0.053574044 0.21852351,-0.89950257 0.11308205 0.42202794,
  -0.7789058 0.15785527 0.60694931,-0.620213 0.20302632 0.75770452,
  -0.43062969 0.22926207 0.87292438,-0.18418192 0.25439121 0.94940093,
  -0.11101846 0.25721911 0.95995481,-0.11101846 -0.25721911 0.95995481,
  -0.59769819 -0.10368845 0.79498778,-0.1118585 0.17270979 0.97860053,
  -0.974179 -0.048884031 0.22042148,-0.89681853 -0.076699117 0.43569918,
  -0.77097176 -0.081834002 0.63158986,-0.68485561 -0.09164974 0.72289219,
  -0.4288176 -0.1999899 0.88097645,-0.22045115 -0.24390119 0.94441172,
  -0.90016198 0.050792736 0.43258352,-0.65837909 0.019596696 0.75243135,
  -0.33006014 0.13053717 0.93489056] }
}
}
DEF SHAPE_22 Shape {
 appearance USE APP_3
 geometry DEF FACE_22 IndexedFaceSet {
  coord DEF COORD_22 Coordinate { point [
  1.0629921 0.34049786 1.7078613,1.4035351 0.34049786 1.7078613,
  1.4325996 0.33910798 1.7045058,1.4602393 0.33494817 1.6944632,
  1.4839915 0.32838907 1.6786281,1.522619 0.31773531 1.6529077,
  1.5669298 0.31106648 1.6368077,1.6141732 0.30879657 1.6313276,
  1.6614167 0.31106648 1.6368077,1.7057275 0.31773531 1.6529077,
  1.744355 0.32838907 1.6786281,1.7681072 0.33494817 1.6944632,
  1.7957468 0.33910798 1.7045058,1.8248114 0.34049786 1.7078613,
  4.8425197 0.34049786 1.7078613,4.8609171 0.3397046 1.7059462,
  4.878392 0.33736459 1.7002969,4.8940681 0.33359518 1.6911968,
  4.9071593 0.32858538 1.6791021,4.9170092 0.3225864 1.6646192,
  4.923124 0.31589906 1.6484746,4.9251969 0.30885868 1.6314776,
  4.9251969 0.23729386 1.4587048,4.9212598 0.23729386 1.4587048,
  4.9212598 0.30885868 1.6314776,4.8425197 0.33899123 1.704224,
  4.860041 0.33823574 1.7024001,4.8766838 0.33600717 1.6970198,
  4.8916134 0.33241725 1.688353,4.9040812 0.32764602 1.6768342,
  4.9134621 0.3219327 1.6630411,4.9192857 0.3155638 1.6476652,
  1.8248114 0.33899123 1.704224,1.744355 0.32688245 1.6749908,
  1.7680942 0.33343883 1.6908193,1.7957612 0.33760274 1.7008719,
  1.4839915 0.32688245 1.6749908,1.522619 0.31622868 1.6492703,
  1.5669298 0.30955986 1.6331704,1.6141732 0.30728995 1.6276903,
  1.6614167 0.30955986 1.6331704,1.7057275 0.31622868 1.6492703,
  1.4035351 0.33899123 1.704224,1.4325853 0.33760274 1.7008719,
  1.4602523 0.33343883 1.6908193,1.0629921 0.33899123 1.704224,
  0.98425197 0.30885868 1.6314776,0.98622615 0.3155638 1.6476652,
  0.9920497 0.3219327 1.6630411,1.0014306 0.32764602 1.6768342,
  1.0138984 0.33241725 1.688353,1.0288281 0.33600717 1.6970198,
  1.0454708 0.33823574 1.7024001,0.98425197 0.23729386 1.4587048,
  1.0629921 0.23729386 1.4587048,1.0629921 0.23578723 1.4550675,
  0.98031496 0.23578723 1.4550675,0.98031496 0.30885868 1.6314776,
  0.98238785 0.31589906 1.6484746,0.98850257 0.3225864 1.6646192,
  0.99835252 0.32858538 1.6791021,1.0114438 0.33359518 1.6911968,
  1.0271198 0.33736459 1.7002969,1.0445947 0.3397046 1.7059462] }
 coordIndex [
  24,21,22,-1,24,22,23,-1,31,20,21,-1,31,21,24,-1,30,19,20,-1,30,20,31,-1,29,18,19,-1,29,19,30,-1,
  17,29,28,-1,17,18,29,-1,16,28,27,-1,16,17,28,-1,15,27,26,-1,15,16,27,-1,14,26,25,-1,14,15,26,-1,
  32,14,25,-1,13,14,32,-1,12,32,35,-1,12,13,32,-1,11,12,35,-1,11,35,34,-1,10,11,34,-1,10,34,33,-1,
  9,10,33,-1,9,33,41,-1,8,9,41,-1,8,41,40,-1,7,8,40,-1,7,40,39,-1,38,7,39,-1,6,7,38,-1,
  37,6,38,-1,5,6,37,-1,36,5,37,-1,4,5,36,-1,44,4,36,-1,3,4,44,-1,43,3,44,-1,2,3,43,-1,
  42,2,43,-1,1,2,42,-1,53,54,55,-1,53,55,56,-1,0,42,45,-1,0,1,42,-1,57,46,53,-1,57,53,56,-1,
  52,0,45,-1,58,47,46,-1,58,46,57,-1,63,0,52,-1,48,47,58,-1,62,52,51,-1,62,63,52,-1,59,48,58,-1,
  61,51,50,-1,61,62,51,-1,60,49,48,-1,60,50,49,-1,60,48,59,-1,60,61,50,-1]
  normalPerVertex TRUE
  normal DEF NORM_22 Normal { vector [
  0 0.92387953 -0.38268343,0 0.92387953 -0.38268343,
  0 0.92387953 -0.38268343,0 0.92387953 -0.38268343,
  0 0.92387953 -0.38268343,0 0.92387953 -0.38268343,
  0 0.92387953 -0.38268343,0 0.92387953 -0.38268343,
  0 0.92387953 -0.38268343,0 0.92387953 -0.38268343,
  0 0.92387953 -0.38268343,0 0.92387953 -0.38268343,
  0 0.92387953 -0.38268343,0 0.92387953 -0.38268343,
  0 0.92387953 -0.38268343,0 0.92387953 -0.38268343,
  0 0.92387953 -0.38268343,0 0.92387953 -0.38268343,
  0 0.92387953 -0.38268343,0 0.92387953 -0.38268343,
  0 0.92387953 -0.38268343,0 0.92387953 -0.38268343,
  0 0.92387953 -0.38268343,0 0.92387953 -0.38268343,
  0 0.92387953 -0.38268343,0 0.92387953 -0.38268343,
  0 0.92387953 -0.38268343,0 0.92387953 -0.38268343,
  0 0.92387953 -0.38268343,0 0.92387953 -0.38268343,
  0 0.92387953 -0.38268343,0 0.92387953 -0.38268343,
  0 0.92387953 -0.38268343,0 0.92387953 -0.38268343,
  0 0.92387953 -0.38268343,0 0.92387953 -0.38268343,
  0 0.92387953 -0.38268343,0 0.92387953 -0.38268343,
  0 0.92387953 -0.38268343,0 0.92387953 -0.38268343,
  0 0.92387953 -0.38268343,0 0.92387953 -0.38268343,
  0 0.92387953 -0.38268343,0 0.92387953 -0.38268343,
  0 0.92387953 -0.38268343,0 0.92387953 -0.38268343,
  0 0.92387953 -0.38268343,0 0.92387953 -0.38268343,
  0 0.92387953 -0.38268343,0 0.92387953 -0.38268343,
  0 0.92387953 -0.38268343,0 0.92387953 -0.38268343,
  0 0.92387953 -0.38268343,0 0.92387953 -0.38268343,
  0 0.92387953 -0.38268343,0 0.92387953 -0.38268343,
  0 0.92387953 -0.38268343,0 0.92387953 -0.38268343,
  0 0.92387953 -0.38268343,0 0.92387953 -0.38268343,
  0 0.92387953 -0.38268343,0 0.92387953 -0.38268343,
  0 0.92387953 -0.38268343,0 0.92387953 -0.38268343] }
}
}
DEF SHAPE_23 Shape {
 appearance USE APP_3
 geometry DEF FACE_23 IndexedFaceSet {
  coord DEF COORD_23 Coordinate { point [
  0.98031496 -0.23578723 1.4550675,0.98031496 -0.30885868 1.6314776,
  0.98031496 -0.10534594 1.6860086,0.98031496 0.10534594 1.6860086,
  0.98031496 0.30885868 1.6314776,0.98031496 0.23578723 1.4550675,
  0.98031496 -0.080422634 1.4966973,0.98031496 0.080422634 1.4966973] }
 coordIndex [
  1,6,0,-1,2,7,6,-1,2,6,1,-1,3,7,2,-1,4,5,7,-1,4,7,3,-1]
  normalPerVertex TRUE
  normal DEF NORM_23 Normal { vector [
  -1 0 0,-1 0 0,
  -1 0 0,-1 0 0,
  -1 0 0,-1 0 0,
  -1 0 0,-1 0 0] }
}
}
DEF SHAPE_24 Shape {
 appearance USE APP_3
 geometry DEF FACE_24 IndexedFaceSet {
  coord DEF COORD_24 Coordinate { point [
  1.0629921 -0.23578723 1.4550675,0.98031496 -0.23578723 1.4550675,
  1.0629921 -0.080422634 1.4966973,1.0629921 0.080422634 1.4966973,
  1.0629921 0.23578723 1.4550675,0.98031496 0.23578723 1.4550675,
  0.98031496 -0.080422634 1.4966973,0.98031496 0.080422634 1.4966973] }
 coordIndex [
  6,0,1,-1,6,2,0,-1,7,3,2,-1,7,2,6,-1,5,4,3,-1,5,3,7,-1]
  normalPerVertex TRUE
  normal DEF NORM_24 Normal { vector [
  0 0.25881905 -0.96592583,0 0.25881905 -0.96592583,
  0 0.086933792 -0.99621409,0 -0.17386758 -0.98476904,
  0 -0.25881905 -0.96592583,0 -0.25881905 -0.96592583,
  0 0.17386758 -0.98476904,0 -0.086933792 -0.99621409] }
}
}
DEF SHAPE_25 Shape {
 appearance USE APP_3
 geometry DEF FACE_25 IndexedFaceSet {
  coord DEF COORD_25 Coordinate { point [
  1.0629921 -0.23729386 1.4587048,1.0629921 -0.37159934 1.3822254,
  1.0629921 -0.48281906 1.274907,1.0629921 -0.56404346 1.1434168,
  1.0629921 -0.61022644 0.99592373,1.0629921 -0.61849885 0.84159086,
  1.0629921 -0.58834678 0.69000616,1.0629921 -0.52164343 0.55058689,
  1.0629921 -0.42253278 0.43199454,1.0629921 -0.29717211 0.34159669,
  1.0629921 -0.1533495 0.28500935,1.0629921 0 0.26574803,
  1.0629921 0.1533495 0.28500935,1.0629921 0.29717211 0.34159669,
  1.0629921 0.42253278 0.43199454,1.0629921 0.52164343 0.55058689,
  1.0629921 0.58834678 0.69000616,1.0629921 0.61849885 0.84159086,
  1.0629921 0.61022644 0.99592373,1.0629921 0.56404346 1.1434168,
  1.0629921 0.48281906 1.274907,1.0629921 0.37159934 1.3822254,
  1.0629921 0.23729386 1.4587048,1.0629921 0.23578723 1.4550675,
  1.0629921 -0.23578723 1.4550675,1.0629921 -0.080422634 1.4966973,
  1.0629921 0.080422634 1.4966973,1.0629921 0 0.66437008,
  1.0629921 0.05731721 0.67191603,1.0629921 0.11072835 0.69403965,
  1.0629921 0.15659353 0.72923324,1.0629921 0.19178712 0.77509843,
  1.0629921 0.21391074 0.82850956,1.0629921 0.22145669 0.88582677,
  1.0629921 0.21391074 0.94314398,1.0629921 0.19178712 0.99655512,
  1.0629921 0.15659353 1.0424203,1.0629921 0.11072835 1.0776139,
  1.0629921 0.05731721 1.0997375,1.0629921 0 1.1072835,
  1.0629921 -0.05731721 1.0997375,1.0629921 -0.11072835 1.0776139,
  1.0629921 -0.15659353 1.0424203,1.0629921 -0.19178712 0.99655512,
  1.0629921 -0.21391074 0.94314398,1.0629921 -0.22145669 0.88582677,
  1.0629921 -0.21391074 0.82850956,1.0629921 -0.19178712 0.77509843,
  1.0629921 -0.15659353 0.72923324,1.0629921 -0.11072835 0.69403965,
  1.0629921 -0.05731721 0.67191603] }
 coordIndex [
  24,1,0,-1,42,2,1,-1,41,1,24,-1,41,42,1,-1,43,3,2,-1,43,2,42,-1,40,24,25,-1,40,41,24,-1,
  44,4,3,-1,44,3,43,-1,39,25,26,-1,39,40,25,-1,45,5,4,-1,45,4,44,-1,46,6,5,-1,46,5,45,-1,
  38,26,23,-1,38,39,26,-1,21,23,22,-1,47,7,6,-1,47,6,46,-1,37,38,23,-1,37,23,21,-1,48,7,47,-1,
  36,37,21,-1,8,7,48,-1,49,8,48,-1,20,36,21,-1,20,35,36,-1,9,8,49,-1,9,49,50,-1,19,35,20,-1,
  19,34,35,-1,10,9,50,-1,10,50,27,-1,18,33,34,-1,18,34,19,-1,11,10,27,-1,17,32,33,-1,17,33,18,-1,
  12,27,28,-1,12,11,27,-1,16,31,32,-1,16,32,17,-1,13,12,28,-1,13,28,29,-1,15,30,31,-1,15,31,16,-1,
  14,13,29,-1,14,29,30,-1,14,30,15,-1]
  normalPerVertex TRUE
  normal DEF NORM_25 Normal { vector [
  -1 0 0,-1 0 0,
  -1 0 0,-1 0 0,
  -1 0 0,-1 0 0,
  -1 0 0,-1 0 0,
  -1 0 0,-1 0 0,
  -1 0 0,-1 0 0,
  -1 0 0,-1 0 0,
  -1 0 0,-1 0 0,
  -1 0 0,-1 0 0,
  -1 0 0,-1 0 0,
  -1 0 0,-1 0 0,
  -1 0 0,-1 0 0,
  -1 0 0,-1 0 0,
  -1 0 0,-1 0 0,
  -1 0 0,-1 0 0,
  -1 0 0,-1 0 0,
  -1 0 0,-1 0 0,
  -1 0 0,-1 0 0,
  -1 0 0,-1 0 0,
  -1 0 0,-1 0 0,
  -1 0 0,-1 0 0,
  -1 0 0,-1 0 0,
  -1 0 0,-1 0 0,
  -1 0 0,-1 0 0,
  -1 0 0,-1 0 0,
  -1 0 0] }
}
}
DEF SHAPE_26 Shape {
 appearance DEF APP_4 Appearance {
  material Material {
   ambientIntensity 0.27264446
   diffuseColor 0.13333334 0.40000001 0.72549021
   emissiveColor 0 0 0
   shininess 0.1
   specularColor 0.12 0.12 0.12
   transparency 0
} }
 geometry DEF FACE_26 IndexedFaceSet {
  coord DEF COORD_26 Coordinate { point [
  1.0629921 0.23729386 1.4587048,0.98425197 0.23729386 1.4587048,
  1.0629921 0 0.26574803,1.0629921 0.1533495 0.28500935,
  1.0629921 0.29717211 0.34159669,1.0629921 0.42253278 0.43199454,
  1.0629921 0.52164343 0.55058689,1.0629921 0.58834678 0.69000616,
  1.0629921 0.61849885 0.84159086,1.0629921 0.61022644 0.99592373,
  1.0629921 0.56404346 1.1434168,1.0629921 0.48281906 1.274907,
  1.0629921 0.37159934 1.3822254,1.0629921 -0.23729386 1.4587048,
  1.0629921 -0.37159934 1.3822254,1.0629921 -0.48281906 1.274907,
  1.0629921 -0.56404346 1.1434168,1.0629921 -0.61022644 0.99592373,
  1.0629921 -0.61849885 0.84159086,1.0629921 -0.58834678 0.69000616,
  1.0629921 -0.52164343 0.55058689,1.0629921 -0.42253278 0.43199454,
  1.0629921 -0.29717211 0.34159669,1.0629921 -0.1533495 0.28500935,
  0.98425197 -0.23729386 1.4587048,0.98425197 0.37748002 1.3777683,
  0.98425197 0.49194154 1.2633068,0.98425197 0.57287806 1.1231206,
  0.98425197 0.61477388 0.96676329,0.98425197 0.61477388 0.80489025,
  0.98425197 0.57287806 0.64853291,0.98425197 0.49194154 0.50834675,
  0.98425197 0.37748002 0.39388523,0.98425197 0.23729386 0.31294872,
  0.98425197 0.080936517 0.27105289,0.98425197 -0.080936517 0.27105289,
  0.98425197 -0.23729386 0.31294872,0.98425197 -0.37748002 0.39388523,
  0.98425197 -0.49194154 0.50834675,0.98425197 -0.57287806 0.64853291,
  0.98425197 -0.61477388 0.80489025,0.98425197 -0.61477388 0.96676329,
  0.98425197 -0.57287806 1.1231206,0.98425197 -0.49194154 1.2633068,
  0.98425197 -0.37748002 1.3777683] }
 coordIndex [
  1,12,0,-1,25,11,12,-1,25,12,1,-1,26,10,11,-1,26,11,25,-1,27,9,10,-1,27,10,26,-1,28,8,9,-1,
  28,9,27,-1,29,7,8,-1,29,8,28,-1,30,6,7,-1,30,7,29,-1,31,5,6,-1,31,6,30,-1,32,4,5,-1,
  32,5,31,-1,33,3,4,-1,33,4,32,-1,34,2,3,-1,34,3,33,-1,35,23,2,-1,35,2,34,-1,36,22,23,-1,
  36,23,35,-1,37,22,36,-1,37,21,22,-1,38,21,37,-1,38,20,21,-1,39,20,38,-1,39,19,20,-1,40,19,39,-1,
  40,18,19,-1,41,17,18,-1,41,18,40,-1,42,16,17,-1,42,17,41,-1,43,15,16,-1,43,16,42,-1,44,14,15,-1,
  44,15,43,-1,24,13,14,-1,24,14,44,-1]
  normalPerVertex TRUE
  normal DEF NORM_26 Normal { vector [
  0 -0.49483834 -0.86898505,0.005974383 -0.49747218 -0.86745936,
  -0.017131833 0 0.99985324,-0.016956983 -0.25125152 0.96777329,
  -0.016432415 -0.48638311 0.87359112,-0.015558076 -0.69030833 0.72334802,
  -0.014333881 -0.84994164 0.52668184,-0.012759715 -0.95503775 0.29620951,
  -0.010835446 -0.99884932 0.04671851,-0.0085609259 -0.97856058 -0.20578119,
  -0.0059360083 -0.89546921 -0.44508388,-0.0029605558 -0.75490449 -0.65582806,
  0.00036554337 -0.56588679 -0.82448287,0 0.49483834 -0.86898505,
  0.00036554337 0.56588679 -0.82448287,-0.0029605558 0.75490449 -0.65582806,
  -0.0059360083 0.89546921 -0.44508388,-0.0085609259 0.97856058 -0.20578119,
  -0.010835446 0.99884932 0.04671851,-0.012759715 0.95503775 0.29620951,
  -0.014333881 0.84994164 0.52668184,-0.015558076 0.69030833 0.72334802,
  -0.016432415 0.48638311 0.87359112,-0.016956983 0.25125152 0.96777329,
  0.005974383 0.49747218 -0.86745936,0.0079446274 -0.63745964 -0.77044279,
  0.011509894 -0.81287261 -0.58232778,0.014678254 -0.93448607 -0.35569697,
  0.0174499 -0.9942606 -0.10555265,0.019825049 -0.98825047 0.1515519,
  0.021803924 -0.9168623 0.39860772,0.023386734 -0.78482607 0.61927466,
  0.024573665 -0.60088079 0.79896083,0.025364865 -0.37719581 0.92578612,
  0.025760439 -0.12856598 0.99136632,0.025760439 0.12856598 0.99136632,
  0.025364865 0.37719581 0.92578612,0.024573665 0.60088079 0.79896083,
  0.023386734 0.78482607 0.61927466,0.021803924 0.9168623 0.39860772,
  0.019825049 0.98825047 0.1515519,0.0174499 0.9942606 -0.10555265,
  0.014678254 0.93448607 -0.35569697,0.011509894 0.81287261 -0.58232778,
  0.0079446274 0.63745964 -0.77044279] }
}
}
DEF SHAPE_27 Shape {
 appearance USE APP_4
 geometry DEF FACE_27 IndexedFaceSet {
  coord DEF COORD_27 Coordinate { point [
  0.98425197 0.23729386 1.4587048,0.98425197 0.30885868 1.6314776,
  0.98425197 0.48366898 1.5319329,0.98425197 0.62843116 1.3922486,
  0.98425197 0.73415181 1.2211027,0.98425197 0.79426298 1.0291276,
  0.98425197 0.80503025 0.82824987,0.98425197 0.7657847 0.63094915,
  0.98425197 0.67896447 0.4494828,0.98425197 0.5499633 0.2951245,
  0.98425197 0.38679544 0.17746381,0.98425197 0.19959777 0.10381045,
  0.98425197 0 0.078740157,0.98425197 -0.19959777 0.10381045,
  0.98425197 -0.38679544 0.17746381,0.98425197 -0.5499633 0.2951245,
  0.98425197 -0.67896447 0.4494828,0.98425197 -0.7657847 0.63094915,
  0.98425197 -0.80503025 0.82824987,0.98425197 -0.79426298 1.0291276,
  0.98425197 -0.73415181 1.2211027,0.98425197 -0.62843116 1.3922486,
  0.98425197 -0.48366898 1.5319329,0.98425197 -0.30885868 1.6314776,
  0.98425197 -0.23729386 1.4587048,0.98425197 0.37748002 1.3777683,
  0.98425197 0.49194154 1.2633068,0.98425197 0.57287806 1.1231206,
  0.98425197 0.61477388 0.96676329,0.98425197 0.61477388 0.80489025,
  0.98425197 0.57287806 0.64853291,0.98425197 0.49194154 0.50834675,
  0.98425197 0.37748002 0.39388523,0.98425197 0.23729386 0.31294872,
  0.98425197 0.080936517 0.27105289,0.98425197 -0.080936517 0.27105289,
  0.98425197 -0.23729386 0.31294872,0.98425197 -0.37748002 0.39388523,
  0.98425197 -0.49194154 0.50834675,0.98425197 -0.57287806 0.64853291,
  0.98425197 -0.61477388 0.80489025,0.98425197 -0.61477388 0.96676329,
  0.98425197 -0.57287806 1.1231206,0.98425197 -0.49194154 1.2633068,
  0.98425197 -0.37748002 1.3777683] }
 coordIndex [
  39,16,17,-1,40,17,18,-1,40,39,17,-1,38,15,16,-1,38,16,39,-1,41,18,19,-1,41,40,18,-1,37,14,15,-1,
  37,15,38,-1,42,19,20,-1,42,41,19,-1,36,13,14,-1,36,14,37,-1,43,20,21,-1,43,42,20,-1,35,13,36,-1,
  12,13,35,-1,44,21,22,-1,44,43,21,-1,34,12,35,-1,11,12,34,-1,24,22,23,-1,24,44,22,-1,33,11,34,-1,
  10,11,33,-1,32,10,33,-1,9,10,32,-1,31,9,32,-1,8,9,31,-1,8,31,30,-1,7,8,30,-1,7,30,29,-1,
  2,0,1,-1,2,25,0,-1,6,7,29,-1,6,29,28,-1,3,26,25,-1,3,25,2,-1,5,28,27,-1,5,6,28,-1,
  4,27,26,-1,4,26,3,-1,4,5,27,-1]
  normalPerVertex TRUE
  normal DEF NORM_27 Normal { vector [
  -1 0 0,-1 0 0,
  -1 0 0,-1 0 0,
  -1 0 0,-1 0 0,
  -1 0 0,-1 0 0,
  -1 0 0,-1 0 0,
  -1 0 0,-1 0 0,
  -1 0 0,-1 0 0,
  -1 0 0,-1 0 0,
  -1 0 0,-1 0 0,
  -1 0 0,-1 0 0,
  -1 0 0,-1 0 0,
  -1 0 0,-1 0 0,
  -1 0 0,-1 0 0,
  -1 0 0,-1 0 0,
  -1 0 0,-1 0 0,
  -1 0 0,-1 0 0,
  -1 0 0,-1 0 0,
  -1 0 0,-1 0 0,
  -1 0 0,-1 0 0,
  -1 0 0,-1 0 0,
  -1 0 0,-1 0 0,
  -1 0 0,-1 0 0,
  -1 0 0] }
}
}
DEF SHAPE_28 Shape {
 appearance USE APP_4
 geometry DEF FACE_28 IndexedFaceSet {
  coord DEF COORD_28 Coordinate { point [
  0.98425197 0.30885868 1.6314776,0.98425197 0.48366898 1.5319329,
  0.98425197 0.62843116 1.3922486,0.98425197 0.73415181 1.2211027,
  0.98425197 0.79426298 1.0291276,0.98425197 0.80503025 0.82824987,
  0.98425197 0.7657847 0.63094915,0.98425197 0.67896447 0.4494828,
  0.98425197 0.5499633 0.2951245,0.98425197 0.38679544 0.17746381,
  0.98425197 0.19959777 0.10381045,0.98425197 0 0.078740157,
  0.98425197 -0.19959777 0.10381045,0.98425197 -0.38679544 0.17746381,
  0.98425197 -0.5499633 0.2951245,0.98425197 -0.67896447 0.4494828,
  0.98425197 -0.7657847 0.63094915,0.98425197 -0.80503025 0.82824987,
  0.98425197 -0.79426298 1.0291276,0.98425197 -0.73415181 1.2211027,
  0.98425197 -0.62843116 1.3922486,0.98425197 -0.48366898 1.5319329,
  0.98425197 -0.30885868 1.6314776,0.98622615 -0.3155638 1.6476652,
  0.9920497 -0.3219327 1.6630411,1.0014306 -0.32764602 1.6768342,
  1.0138984 -0.33241725 1.688353,1.0288281 -0.33600717 1.6970198,
  1.0454708 -0.33823574 1.7024001,1.0629921 -0.33899123 1.704224,
  1.0629921 0.33899123 1.704224,1.0629921 0.5308562 1.5949676,
  1.0629921 0.68974152 1.4416556,1.0629921 0.80577637 1.2538125,
  1.0629921 0.87175205 1.0431081,1.0629921 0.88356979 0.82263261,
  1.0629921 0.8404954 0.60608304,1.0629921 0.7452049 0.40691266,
  1.0629921 0.60361825 0.23749501,1.0629921 0.42453158 0.10835523,
  1.0629921 0.21907072 0.02751617,1.0629921 0 0,
  1.0629921 -0.21907072 0.02751617,1.0629921 -0.42453158 0.10835523,
  1.0629921 -0.60361825 0.23749501,1.0629921 -0.7452049 0.40691266,
  1.0629921 -0.8404954 0.60608304,1.0629921 -0.88356979 0.82263261,
  1.0629921 -0.87175205 1.0431081,1.0629921 -0.80577637 1.2538125,
  1.0629921 -0.68974152 1.4416556,1.0629921 -0.5308562 1.5949676,
  0.98622615 0.3155638 1.6476652,0.9920497 0.3219327 1.6630411,
  1.0014306 0.32764602 1.6768342,1.0138984 0.33241725 1.688353,
  1.0288281 0.33600717 1.6970198,1.0454708 0.33823574 1.7024001,
  0.9920497 0.65503273 1.4136855,1.0454708 0.68820434 1.4404169,
  0.9920497 0.82788423 1.0351935,1.0138984 0.85484638 1.040058,
  1.0454708 0.86980924 1.0427576,0.9920497 0.79820046 0.62016015,
  1.0138984 0.82419588 0.61150804,1.0454708 0.83862225 0.60670649,
  0.9920497 0.57324331 0.27012,1.0454708 0.60227301 0.2389399,
  0.9920497 0.20804676 0.0707076,1.0138984 0.21482233 0.044161179,
  1.0454708 0.21858249 0.029429026,0.9920497 -0.20804676 0.0707076,
  1.0138984 -0.21482233 0.044161179,1.0454708 -0.21858249 0.029429026,
  0.9920497 -0.57324331 0.27012,1.0138984 -0.59191243 0.25006795,
  1.0454708 -0.60227301 0.2389399,0.9920497 -0.79820046 0.62016015,
  1.0138984 -0.82419588 0.61150804,1.0454708 -0.83862225 0.60670649,
  0.9920497 -0.82788423 1.0351935,1.0138984 -0.85484638 1.040058,
  1.0454708 -0.86980924 1.0427576,0.9920497 -0.65503273 1.4136855,
  1.0138984 -0.67636553 1.4308766,1.0454708 -0.68820434 1.4404169,
  1.0073144 0.51703538 1.5765052,1.0138984 0.67636553 1.4308766,
  1.0073144 0.78479802 1.244232,1.0073144 0.72580353 0.41938117,
  1.0138984 0.59191243 0.25006795,1.0073144 0.41347892 0.12859666,
  1.0073144 -0.41347892 0.12859666,1.0073144 -0.86056609 0.82427787,
  1.0073144 -0.51703538 1.5765052] }
 coordIndex [
  1,0,52,-1,1,52,53,-1,31,56,57,-1,31,57,30,-1,23,22,21,-1,24,23,21,-1,28,27,51,-1,29,28,51,-1,
  58,2,1,-1,58,3,2,-1,59,31,32,-1,59,32,33,-1,60,4,3,-1,60,5,4,-1,61,5,60,-1,61,35,5,-1,
  62,33,34,-1,62,34,35,-1,62,35,61,-1,63,6,5,-1,63,7,6,-1,64,63,5,-1,64,5,35,-1,65,35,36,-1,
  65,36,37,-1,65,64,35,-1,66,8,7,-1,66,9,8,-1,67,37,38,-1,67,38,39,-1,68,10,9,-1,68,11,10,-1,
  69,41,11,-1,69,11,68,-1,70,39,40,-1,70,40,41,-1,70,41,69,-1,71,12,11,-1,71,13,12,-1,72,11,41,-1,
  72,71,11,-1,73,72,41,-1,73,41,42,-1,73,42,43,-1,74,14,13,-1,74,15,14,-1,75,45,15,-1,75,15,74,-1,
  76,43,44,-1,76,44,45,-1,76,45,75,-1,77,16,15,-1,77,17,16,-1,78,77,15,-1,78,15,45,-1,79,78,45,-1,
  79,45,46,-1,79,46,47,-1,80,18,17,-1,80,19,18,-1,81,19,80,-1,81,49,19,-1,82,47,48,-1,82,48,49,-1,
  82,49,81,-1,83,20,19,-1,83,21,20,-1,84,19,49,-1,84,83,19,-1,85,49,50,-1,85,50,51,-1,85,84,49,-1,
  86,87,58,-1,86,31,59,-1,86,59,87,-1,86,53,54,-1,86,54,55,-1,86,55,56,-1,86,58,1,-1,86,1,53,-1,
  86,56,31,-1,88,58,87,-1,88,87,59,-1,88,59,33,-1,88,60,3,-1,88,61,60,-1,88,3,58,-1,88,33,62,-1,
  88,62,61,-1,89,7,63,-1,89,63,64,-1,89,64,65,-1,89,65,37,-1,89,90,66,-1,89,66,7,-1,89,37,67,-1,
  89,67,90,-1,91,69,68,-1,91,66,90,-1,91,39,70,-1,91,9,66,-1,91,70,69,-1,91,67,39,-1,91,90,67,-1,
  91,68,9,-1,92,72,73,-1,92,13,71,-1,92,76,75,-1,92,43,76,-1,92,75,74,-1,92,71,72,-1,92,74,13,-1,
  92,73,43,-1,93,17,77,-1,93,80,17,-1,93,77,78,-1,93,78,79,-1,93,79,47,-1,93,81,80,-1,93,47,82,-1,
  93,82,81,-1,94,85,51,-1,94,84,85,-1,94,25,24,-1,94,26,25,-1,94,27,26,-1,94,21,83,-1,94,24,21,-1,
  94,51,27,-1,94,83,84,-1]
  normalPerVertex TRUE
  normal DEF NORM_28 Normal { vector [
  -0.99361396 0.055834124 0.098050242,-0.9450975 0.19721226 0.26057251,
  -0.97492791 0.17326404 0.13962499,-0.94523452 0.29689655 0.13558811,
  -0.97492791 0.21898534 0.039509303,-0.78606576 0.61656792 -0.044097808,
  -0.97492791 0.21113363 -0.070272019,-0.94523452 0.27457837 -0.1764608,
  -0.97492791 0.15162976 -0.16286185,-0.94523452 0.156423 -0.28646734,
  -0.97492791 0.055030873 -0.21560883,-0.78606576 0 -0.61814288,
  -0.97492791 -0.055030873 -0.21560883,-0.94523452 -0.156423 -0.28646734,
  -0.97492791 -0.15162976 -0.16286185,-0.78606576 -0.52001488 -0.33419327,
  -0.97492791 -0.21113363 -0.070272019,-0.94523452 -0.32556033 -0.023284534,
  -0.97492791 -0.21898534 0.039509303,-0.78606576 -0.56228254 0.25678583,
  -0.97492791 -0.17326404 0.13962499,-0.9450975 -0.19721226 0.26057251,
  -0.99361396 -0.055834124 0.098050242,-0.97423067 -0.12002907 0.190965,
  -0.9144789 -0.21948741 0.33993178,-0.77930218 -0.31208175 0.54340877,
  -0.62036342 -0.39009789 0.6804211,-0.39895206 -0.47227033 0.78600126,
  -0.22062254 -0.49032884 0.84315083,-0.11110241 -0.49177478 0.86360513,
  -0.11110241 0.49177478 0.86360513,-0.32392968 0.56010782 0.76246233,
  -0.11196448 0.7737456 0.62352361,-0.32352442 0.86071182 0.39307392,
  -0.11196448 0.97792332 0.17643678,-0.59792582 0.79950918 -0.057182025,
  -0.11196448 0.9428599 -0.31381391,-0.32352442 0.79601077 -0.51156506,
  -0.11196448 0.67713333 -0.72729252,-0.32352442 0.45347489 -0.83047726,
  -0.11196448 0.24575149 -0.96284483,-0.59792582 0 -0.80155144,
  -0.11196448 -0.24575149 -0.96284483,-0.32352442 -0.45347489 -0.83047726,
  -0.11196448 -0.67713333 -0.72729252,-0.59792582 -0.67430798 -0.43335143,
  -0.11196448 -0.9428599 -0.31381391,-0.32352442 -0.94380896 -0.067502549,
  -0.11196448 -0.97792332 0.17643678,-0.59792582 -0.72911684 0.3329765,
  -0.11196448 -0.7737456 0.62352361,-0.32392968 -0.56010782 0.76246233,
  -0.97423067 0.12002907 0.190965,-0.9144789 0.21948741 0.33993178,
  -0.77930218 0.31208175 0.54340877,-0.62036342 0.39009789 0.6804211,
  -0.39895206 0.47227033 0.78600126,-0.22062254 0.49032884 0.84315083,
  -0.91168161 0.31994176 0.25782536,-0.35889067 0.72676813 0.58566677,
  -0.90807132 0.41028692 0.084089963,-0.66278919 0.74805974 0.033423131,
  -0.34940646 0.91261777 0.21223555,-0.90807132 0.39414355 -0.14162397,
  -0.66278919 0.73568896 -0.13954293,-0.34940646 0.87312437 -0.33995435,
  -0.91168161 0.27999284 -0.30073353,-0.35889067 0.63602161 -0.68313542,
  -0.90807132 0.11314525 -0.40324265,-0.66278919 0.086703944 -0.74376939,
  -0.34940646 0.2768002 -0.89515181,-0.90807132 -0.11314525 -0.40324265,
  -0.66278919 -0.086703944 -0.74376939,-0.34940646 -0.2768002 -0.89515181,
  -0.90807132 -0.27805837 -0.31319327,-0.66278919 -0.57882294 -0.47505209,
  -0.34940646 -0.60340014 -0.71681476,-0.90807132 -0.40040024 -0.1228256,
  -0.66278919 -0.67257432 -0.32917209,-0.34940646 -0.90269911 -0.25109646,
  -0.90807132 -0.41380465 0.064592515,-0.66278919 -0.71257456 0.23010429,
  -0.34940646 -0.92924569 0.12007318,-0.90807132 -0.31980018 0.27043359,
  -0.66278919 -0.64053832 0.38784165,-0.34940646 -0.69927177 0.62364582,
  -0.68648513 0.44149228 0.57777395,-0.6234898 0.60876647 0.49057502,
  -0.67151506 0.67402904 0.30781875,-0.67151506 0.62336122 -0.40060993,
  -0.6234898 0.532754 -0.57221818,-0.67151506 0.35511914 -0.65035215,
  -0.67151506 -0.35511914 -0.65035215,-0.67151506 -0.73910295 -0.052861686,
  -0.68648513 -0.44149228 0.57777395] }
}
}
DEF SHAPE_29 Shape {
 appearance USE APP_4
 geometry DEF FACE_29 IndexedFaceSet {
  coord DEF COORD_29 Coordinate { point [
  1.4035351 0.33899123 1.704224,1.4035351 0.53126905 1.5946703,
  1.4035351 0.69094092 1.440166,1.4035351 0.8072709 1.2505154,
  1.4035351 0.87267767 1.0378796,1.4035351 0.88305042 0.81577544,
  1.4035351 0.83782874 0.59819988,1.4035351 0.73992987 0.39879677,
  1.4035351 0.59553341 0.23005188,1.4035351 0.41370791 0.10253849,
  1.4035351 0.20586904 0.024259085,1.4035351 -0.014920096 0.00013391668,
  1.4035351 -0.23477054 0.031680706,1.4035351 -0.43985331 0.11691497,
  1.4035351 -0.61728058 0.25048026,1.4035351 -0.75591378 0.42399619,
  1.4035351 -0.84704378 0.62659238,1.4035351 -0.88491011 0.84558258,
  1.4035351 -0.86705231 1.0672282,1.4035351 -0.79450539 1.2775478,
  1.4035351 -0.67185371 1.4631536,1.4035351 -0.51926967 1.6035071,
  1.4035351 -0.33899123 1.704224,1.0629921 -0.33899123 1.704224,
  1.0629921 0.33899123 1.704224,1.0629921 0.5308562 1.5949676,
  1.0629921 0.68974152 1.4416556,1.0629921 0.80577637 1.2538125,
  1.0629921 0.87175205 1.0431081,1.0629921 0.88356979 0.82263261,
  1.0629921 0.8404954 0.60608304,1.0629921 0.7452049 0.40691266,
  1.0629921 0.60361825 0.23749501,1.0629921 0.42453158 0.10835523,
  1.0629921 0.21907072 0.02751617,1.0629921 0 0,
  1.0629921 -0.21907072 0.02751617,1.0629921 -0.42453158 0.10835523,
  1.0629921 -0.60361825 0.23749501,1.0629921 -0.7452049 0.40691266,
  1.0629921 -0.8404954 0.60608304,1.0629921 -0.88356979 0.82263261,
  1.0629921 -0.87175205 1.0431081,1.0629921 -0.80577637 1.2538125,
  1.0629921 -0.68974152 1.4416556,1.0629921 -0.5308562 1.5949676] }
 coordIndex [
  21,22,23,-1,21,23,45,-1,20,45,44,-1,20,21,45,-1,19,44,43,-1,19,20,44,-1,18,43,42,-1,18,19,43,-1,
  17,42,41,-1,17,18,42,-1,16,41,40,-1,16,17,41,-1,15,40,39,-1,15,16,40,-1,14,39,38,-1,14,15,39,-1,
  13,38,37,-1,13,14,38,-1,12,37,36,-1,12,13,37,-1,11,36,35,-1,11,12,36,-1,10,35,34,-1,10,11,35,-1,
  9,10,34,-1,9,34,33,-1,8,9,33,-1,8,33,32,-1,7,8,32,-1,7,32,31,-1,6,7,31,-1,6,31,30,-1,
  5,6,30,-1,5,30,29,-1,4,5,29,-1,4,29,28,-1,3,28,27,-1,3,4,28,-1,2,27,26,-1,2,3,27,-1,
  1,26,25,-1,1,2,26,-1,0,25,24,-1,0,1,25,-1]
  normalPerVertex TRUE
  normal DEF NORM_29 Normal { vector [
  7.9258371e-05 0.49494457 0.86892455,0.00021547653 0.63270557 0.77439242,
  0.00044519045 0.80502817 0.59323641,0.00065689007 0.92715841 0.37466899,
  0.00084117445 0.99118088 0.13251323,0.0010099878 0.99302311 -0.11791559,
  0.001159907 0.93261753 -0.36086451,0.0012954799 0.81379972 -0.58114399,
  0.0014366446 0.64402436 -0.76500363,0.001595338 0.43392577 -0.90094722,
  0.0017590233 0.19667036 -0.98046809,0.0019051317 -0.052885085 -0.99859879,
  0.0020282267 -0.29913194 -0.9542096,0.0021465843 -0.5266644 -0.85007058,
  0.0022810354 -0.72122799 -0.692694,0.002433248 -0.87062896 -0.49193424,
  0.0025912715 -0.96551184 -0.26034626,0.0027524744 -0.99991947 -0.012388443,
  0.0029233151 -0.97164422 0.23642962,0.0030848141 -0.88241763 0.47045682,
  0.0015133136 -0.7411543 0.67133302,-0.00022939925 -0.555258 0.83167813,
  0 -0.48772205 0.87299897,-0.002560037 -0.49140165 0.87092931,
  0 0.49483834 0.86898505,-1.8413536e-05 0.56528024 0.82489893,
  -7.1193902e-05 0.7519072 0.65926896,-0.00022137898 0.89183996 0.45235102,
  -0.0004207272 0.97614521 0.21711828,-0.00061763443 0.99949825 -0.031668181,
  -0.00079832702 0.96045687 -0.27842765,-0.00097168948 0.86149364 -0.50776743,
  -0.0011348529 0.70879745 -0.70541115,-0.0012760201 0.51189264 -0.85904848,
  -0.0013981823 0.28306395 -0.95910002,-0.0015229111 0.036588054 -0.99932927,
  -0.0016674037 -0.21216719 -0.97723196,-0.0018244833 -0.44769558 -0.89418417,
  -0.0019713296 -0.65530638 -0.75536062,-0.0020969091 -0.82204302 -0.56942152,
  -0.0022140569 -0.9375048 -0.34796528,-0.0023407992 -0.99449187 -0.10478757,
  -0.002478347 -0.98943287 0.14497053,-0.0026227242 -0.92260889 0.38572783,
  -0.002789459 -0.79817409 0.6024204,-0.0032910025 -0.62493223 0.78067207] }
}
}
DEF SHAPE_30 Shape {
 appearance USE APP_4
 geometry DEF FACE_30 IndexedFaceSet {
  coord DEF COORD_30 Coordinate { point [
  1.4035351 0.33899123 1.704224,1.4325853 0.33760274 1.7008719,
  1.4602523 0.33343883 1.6908193,1.4839915 0.32688245 1.6749908,
  1.4839915 0.51544074 1.5669791,1.4839915 0.67117745 1.4141773,
  1.4839915 0.7832404 1.2266521,1.4839915 0.84407212 1.0168687,
  1.4839915 0.84972205 0.79864297,1.4839915 0.7999171 0.58622269,
  1.4839915 0.69797313 0.39341299,1.4839915 0.5505529 0.23273109,
  1.4839915 0.36725229 0.11461926,1.4839915 0.16000477 0.046767031,
  1.4839915 -0.057680337 0.033598894,1.4839915 -0.27160244 0.075974171,
  1.4839915 -0.46781049 0.17112832,1.4839915 -0.63352334 0.31286134,
  1.4839915 -0.75795654 0.49195483,1.4839915 -0.83300003 0.69677838,
  1.4839915 -0.85371775 0.91403204,1.4839915 -0.8186685 1.1295695,
  1.4839915 -0.73006515 1.3292603,1.4839915 -0.59378331 1.499882,
  1.4839915 -0.4683445 1.6001795,1.4839915 -0.32688245 1.6749908,
  1.4035351 -0.33899123 1.704224,1.4325853 -0.33760274 1.7008719,
  1.4602523 -0.33343883 1.6908193,1.4035351 0.53126905 1.5946703,
  1.4035351 0.69094092 1.440166,1.4035351 0.8072709 1.2505154,
  1.4035351 0.87267767 1.0378796,1.4035351 0.88305042 0.81577544,
  1.4035351 0.83782874 0.59819988,1.4035351 0.73992987 0.39879677,
  1.4035351 0.59553341 0.23005188,1.4035351 0.41370791 0.10253849,
  1.4035351 0.20586904 0.024259085,1.4035351 -0.014920096 0.00013391668,
  1.4035351 -0.23477054 0.031680706,1.4035351 -0.43985331 0.11691497,
  1.4035351 -0.61728058 0.25048026,1.4035351 -0.75591378 0.42399619,
  1.4035351 -0.84704378 0.62659238,1.4035351 -0.88491011 0.84558258,
  1.4035351 -0.86705231 1.0672282,1.4035351 -0.79450539 1.2775478,
  1.4035351 -0.67185371 1.4631536,1.4035351 -0.51926967 1.6035071,
  1.4467625 0.77374463 1.3000159,1.4467625 0.86073758 0.71446544,
  1.4467625 0.5566743 0.20732622,1.4467625 0 0.008202856,
  1.4467625 -0.5566743 0.20732622,1.4467625 -0.86073758 0.71446544,
  1.4467625 -0.77374463 1.3000159] }
 coordIndex [
  29,0,1,-1,29,1,2,-1,4,2,3,-1,4,29,2,-1,30,29,4,-1,5,30,4,-1,32,31,6,-1,7,32,6,-1,
  33,32,7,-1,8,33,7,-1,35,34,9,-1,10,35,9,-1,36,35,10,-1,11,36,10,-1,38,37,12,-1,13,38,12,-1,
  40,39,14,-1,15,40,14,-1,41,40,15,-1,16,41,15,-1,43,42,17,-1,18,43,17,-1,44,43,18,-1,19,44,18,-1,
  46,45,20,-1,21,46,20,-1,47,46,21,-1,23,48,22,-1,49,48,23,-1,24,49,23,-1,26,49,24,-1,27,26,24,-1,
  28,27,24,-1,25,28,24,-1,50,5,6,-1,50,31,30,-1,50,30,5,-1,50,6,31,-1,51,8,9,-1,51,34,33,-1,
  51,33,8,-1,51,9,34,-1,52,11,12,-1,52,37,36,-1,52,36,11,-1,52,12,37,-1,53,38,13,-1,53,14,39,-1,
  53,13,14,-1,53,39,38,-1,54,41,16,-1,54,17,42,-1,54,16,17,-1,54,42,41,-1,55,19,20,-1,55,44,19,-1,
  55,20,45,-1,55,45,44,-1,56,21,22,-1,56,47,21,-1,56,22,48,-1,56,48,47,-1]
  normalPerVertex TRUE
  normal DEF NORM_30 Normal { vector [
  0.12297941 0.49129272 0.86226882,0.24548423 0.49416195 0.83399128,
  0.41145676 0.47495674 0.77789423,0.58207667 0.40417233 0.70557174,
  0.39139144 0.58159584 0.71313324,0.43534018 0.69513084 0.57207696,
  0.41769337 0.85819549 0.29838356,0.37370246 0.92113443 0.10889369,
  0.45659239 0.88841234 -0.047401583,0.41585835 0.83423134 -0.36210483,
  0.37770741 0.73932194 -0.55744074,0.45466828 0.6201007 -0.63933706,
  0.40266929 0.37412513 -0.83539681,0.43518816 0.18393449 -0.88135088,
  0.41266344 -0.12258644 -0.90259706,0.3831415 -0.31447961 -0.86850744,
  0.46448619 -0.45144677 -0.76187164,0.4154915 -0.70107028 -0.57954057,
  0.38566006 -0.82672383 -0.40962668,0.47245135 -0.84469854 -0.25154346,
  0.40714393 -0.91218368 0.046419331,0.39787842 -0.88019046 0.2587615,
  0.4713813 -0.72256254 0.50567089,0.37827963 -0.6521543 0.65696217,
  0.3586331 -0.50555087 0.78472965,0.58351946 -0.37965259 0.71789202,
  0.28340981 -0.48782983 0.82565182,0.24385155 -0.52975422 0.81234038,
  0.47585569 -0.43127468 0.76652692,0.33572538 0.55420155 0.7616752,
  0.32106931 0.7108419 0.62579413,0.27331821 0.89492807 0.35270512,
  0.36102106 0.91229013 0.19336627,0.31280881 0.94963506 -0.018544461,
  0.27493845 0.89967243 -0.33911409,0.35688742 0.79618541 -0.48858997,
  0.31986925 0.68431113 -0.65528768,0.30153684 0.43831493 -0.84673228,
  0.32899557 0.2392516 -0.91352098,0.26288289 -0.07284112 -0.9620742,
  0.35117419 -0.22634228 -0.90854051,0.31698383 -0.44005242 -0.84016374,
  0.25405477 -0.70399698 -0.66320768,0.34848109 -0.79020703 -0.50411683,
  0.31698868 -0.89203347 -0.32217148,0.27696048 -0.9606983 -0.01875285,
  0.3462983 -0.92099694 0.17844364,0.25009399 -0.89334598 0.37334429,
  0.33645078 -0.71838938 0.60886581,0.33971876 -0.56182942 0.75428037,
  0.36599057 0.79604857 0.48203484,0.36597482 0.90869951 -0.20081741,
  0.36599206 0.51944189 -0.77215927,0.36598518 0.078866818 -0.92727281,
  0.3659923 -0.58236593 -0.72587847,0.36600252 -0.92233418 -0.12386209,
  0.36599924 -0.81600767 0.44741037] }
}
}
DEF SHAPE_31 Shape {
 appearance USE APP_4
 geometry DEF FACE_31 IndexedFaceSet {
  coord DEF COORD_31 Coordinate { point [
  1.4839915 0.32688245 1.6749908,1.522619 0.31622868 1.6492703,
  1.5669298 0.30955986 1.6331704,1.6141732 0.30728995 1.6276903,
  1.6614167 0.30955986 1.6331704,1.7057275 0.31622868 1.6492703,
  1.744355 0.32688245 1.6749908,1.4839915 0.51544074 1.5669791,
  1.4839915 0.67117745 1.4141773,1.4839915 0.7832404 1.2266521,
  1.4839915 0.84407212 1.0168687,1.4839915 0.84972205 0.79864297,
  1.4839915 0.7999171 0.58622269,1.4839915 0.69797313 0.39341299,
  1.4839915 0.5505529 0.23273109,1.4839915 0.36725229 0.11461926,
  1.4839915 0.16000477 0.046767031,1.4839915 -0.057680337 0.033598894,
  1.4839915 -0.27160244 0.075974171,1.4839915 -0.46781049 0.17112832,
  1.4839915 -0.63352334 0.31286134,1.4839915 -0.75795654 0.49195483,
  1.4839915 -0.83300003 0.69677838,1.4839915 -0.85371775 0.91403204,
  1.4839915 -0.8186685 1.1295695,1.4839915 -0.73006515 1.3292603,
  1.4839915 -0.59378331 1.499882,1.4839915 -0.4683445 1.6001795,
  1.4839915 -0.32688245 1.6749908,1.522619 -0.31622868 1.6492703,
  1.5669298 -0.30955986 1.6331704,1.6141732 -0.30728995 1.6276903,
  1.6614167 -0.30955986 1.6331704,1.7057275 -0.31622868 1.6492703,
  1.744355 -0.32688245 1.6749908,1.744355 0.51544074 1.5669791,
  1.744355 0.67117745 1.4141773,1.744355 0.7832404 1.2266521,
  1.744355 0.84407212 1.0168687,1.744355 0.84972205 0.79864297,
  1.744355 0.7999171 0.58622269,1.744355 0.69797313 0.39341299,
  1.744355 0.5505529 0.23273109,1.744355 0.36725229 0.11461926,
  1.744355 0.16000477 0.046767031,1.744355 -0.057680337 0.033598894,
  1.744355 -0.27160244 0.075974171,1.744355 -0.46781049 0.17112832,
  1.744355 -0.63352334 0.31286134,1.744355 -0.75795654 0.49195483,
  1.744355 -0.83300003 0.69677838,1.744355 -0.85371775 0.91403204,
  1.744355 -0.8186685 1.1295695,1.744355 -0.73006515 1.3292603,
  1.744355 -0.59378331 1.499882,1.744355 -0.4683445 1.6001795,
  1.5669298 0.63604743 1.3856202,1.6614167 0.63604743 1.3856202,
  1.5669298 0.79935528 1.0098466,1.6614167 0.79935528 1.0098466,
  1.5669298 0.7575863 0.60225534,1.6614167 0.7575863 0.60225534,
  1.5669298 0.52145646 0.26741516,1.6614167 0.52145646 0.26741516,
  1.5669298 0.15154551 0.091230194,1.6614167 0.15154551 0.091230194,
  1.5669298 -0.25724486 0.11890119,1.6614167 -0.25724486 0.11890119,
  1.5669298 -0.60003834 0.34332907,1.6614167 -0.60003834 0.34332907,
  1.5669298 -0.78889033 0.70693625,1.6614167 -0.78889033 0.70693625,
  1.5669298 -0.7753503 1.1164383,1.6614167 -0.7753503 1.1164383,
  1.5669298 -0.56289201 1.4667763,1.6614167 -0.56289201 1.4667763,
  1.6141732 0.48515294 1.5256824,1.6141732 0.73644721 1.2058801,
  1.6141732 0.7988039 0.80396726,1.6141732 0.65622523 0.42305567,
  1.6141732 -0.054230068 0.084672765,1.6141732 -0.43983741 0.21401453,
  1.6141732 -0.71260325 0.51571159,1.6141732 -0.80254874 0.91236272,
  1.6141732 -0.68659813 1.302206,1.6141732 -0.44083237 1.5569866] }
 coordIndex [
  7,0,1,-1,7,1,2,-1,35,4,5,-1,35,5,6,-1,29,28,27,-1,30,29,27,-1,33,32,55,-1,34,33,55,-1,
  56,8,7,-1,56,9,8,-1,57,35,36,-1,57,36,37,-1,58,10,9,-1,58,11,10,-1,59,37,38,-1,59,38,39,-1,
  60,12,11,-1,60,13,12,-1,61,39,40,-1,61,40,41,-1,62,43,15,-1,62,14,13,-1,62,15,14,-1,63,41,42,-1,
  63,42,43,-1,63,43,62,-1,64,16,15,-1,64,17,16,-1,65,15,43,-1,65,64,15,-1,65,43,44,-1,65,44,45,-1,
  66,18,17,-1,66,19,18,-1,67,45,46,-1,67,46,47,-1,68,20,19,-1,68,21,20,-1,69,47,48,-1,69,48,49,-1,
  70,22,21,-1,70,23,22,-1,71,49,50,-1,71,50,51,-1,72,24,23,-1,72,25,24,-1,73,51,52,-1,73,52,53,-1,
  74,26,25,-1,74,27,26,-1,75,53,54,-1,75,54,55,-1,76,2,3,-1,76,3,4,-1,76,56,7,-1,76,7,2,-1,
  76,35,57,-1,76,4,35,-1,76,57,56,-1,77,59,58,-1,77,37,59,-1,77,9,56,-1,77,57,37,-1,77,56,57,-1,
  77,58,9,-1,78,58,59,-1,78,59,39,-1,78,60,11,-1,78,61,60,-1,78,39,61,-1,78,11,58,-1,79,41,63,-1,
  79,63,62,-1,79,13,60,-1,79,61,41,-1,79,60,61,-1,79,62,13,-1,80,64,65,-1,80,17,64,-1,80,65,45,-1,
  80,66,17,-1,80,45,67,-1,80,67,66,-1,81,19,66,-1,81,47,69,-1,81,67,47,-1,81,66,67,-1,81,68,19,-1,
  81,69,68,-1,82,70,21,-1,82,69,49,-1,82,21,68,-1,82,49,71,-1,82,71,70,-1,82,68,69,-1,83,73,72,-1,
  83,71,51,-1,83,70,71,-1,83,72,23,-1,83,23,70,-1,83,51,73,-1,84,72,73,-1,84,75,74,-1,84,74,25,-1,
  84,25,72,-1,84,53,75,-1,84,73,53,-1,85,27,74,-1,85,74,75,-1,85,31,30,-1,85,32,31,-1,85,75,55,-1,
  85,30,27,-1,85,55,32,-1]
  normalPerVertex TRUE
  normal DEF NORM_31 Normal { vector [
  0.58155313 0.40435848 0.70589672,0.4773511 0.41295897 0.7756293,
  0.31653582 0.43235491 0.84431884,0 0.49750564 0.86746074,
  -0.31653582 0.43235491 0.84431884,-0.4773511 0.41295897 0.7756293,
  -0.58155313 0.40435848 0.70589672,0.41454801 0.5452692 0.7285818,
  0.47908102 0.68981322 0.54280668,0.41373501 0.83488615 0.36302681,
  0.479062 0.86737993 0.13472807,0.41379956 0.90562314 -0.092825934,
  0.47906312 0.82203297 -0.30783165,0.41388409 0.74391611 -0.5246797,
  0.47912274 0.56573538 -0.6711072,0.1199758 0.38906694 -0.91336341,
  0.47902872 0.16440511 -0.86226588,0.41382326 -0.061474323 -0.90827926,
  0.47905901 -0.27907523 -0.83223764,0.41389472 -0.49859403 -0.76163978,
  0.47911678 -0.65101062 -0.58875486,0.41386269 -0.8078454 -0.41964687,
  0.4790553 -0.85602918 -0.19421656,0.41377795 -0.90988 0.030102976,
  0.47905703 -0.84127338 0.25052637,0.41375351 -0.77831476 0.47226494,
  0.47868773 -0.63145669 0.61001681,0.41449555 -0.4930717 0.76490113,
  0.58299595 -0.37982832 0.71822431,0.47858181 -0.37738299 0.79280611,
  0.3172159 -0.38878376 0.86499784,0 -0.4679127 0.88377469,
  -0.3172159 -0.38878376 0.86499784,-0.47858181 -0.37738299 0.79280611,
  -0.58299595 -0.37982832 0.71822431,-0.41454801 0.5452692 0.7285818,
  -0.47908102 0.68981322 0.54280668,-0.41373501 0.83488615 0.36302681,
  -0.479062 0.86737993 0.13472807,-0.41379956 0.90562314 -0.092825934,
  -0.47906312 0.82203297 -0.30783165,-0.41388409 0.74391611 -0.5246797,
  -0.47912274 0.56573538 -0.6711072,-0.11996779 0.46394615 -0.87770251,
  -0.47902872 0.16440511 -0.86226588,-0.41382326 -0.061474323 -0.90827926,
  -0.47905901 -0.27907523 -0.83223764,-0.41389472 -0.49859403 -0.76163978,
  -0.47911678 -0.65101062 -0.58875486,-0.41386269 -0.8078454 -0.41964687,
  -0.4790553 -0.85602918 -0.19421656,-0.41377795 -0.90988 0.030102976,
  -0.47905703 -0.84127338 0.25052637,-0.41375351 -0.77831476 0.47226494,
  -0.47868773 -0.63145669 0.61001681,-0.41449555 -0.4930717 0.76490113,
  0.30100852 0.74964891 0.58942378,-0.30100852 0.74964891 0.58942378,
  0.30097686 0.9423458 0.14627825,-0.30097686 0.9423458 0.14627825,
  0.30103522 0.89307694 -0.33435217,-0.30103522 0.89307694 -0.33435217,
  0.18547762 0.68399249 -0.70551565,-0.28073766 0.66393624 -0.69309093,
  0.28066196 0.11963237 -0.95232188,-0.18545817 0.11661449 -0.97570812,
  0.30104399 -0.30322538 -0.90411663,-0.30104399 -0.30322538 -0.90411663,
  0.30107705 -0.70731854 -0.63957259,-0.30107705 -0.70731854 -0.63957259,
  0.30101879 -0.92999651 -0.21093641,-0.30101879 -0.92999651 -0.21093641,
  0.30096431 -0.91402131 0.27200279,-0.30096431 -0.91402131 0.27200279,
  0.30088194 -0.68615912 0.6623109,-0.30088194 -0.68615912 0.6623109,
  0 0.60120643 0.79909376,0 0.91713429 0.39857835,
  0 0.99479017 -0.10194372,0 0.81722987 -0.57631184,
  0 -0.067535397 -0.99771688,0 -0.54775138 -0.83664116,
  0 -0.88744022 -0.46092282,0 -0.99945381 0.03304654,
  0 -0.85505475 0.51853772,0 -0.54470072 0.83863051] }
}
}
DEF SHAPE_32 Shape {
 appearance USE APP_4
 geometry DEF FACE_32 IndexedFaceSet {
  coord DEF COORD_32 Coordinate { point [
  1.744355 0.32688245 1.6749908,1.7680942 0.33343883 1.6908193,
  1.7957612 0.33760274 1.7008719,1.8248114 0.33899123 1.704224,
  1.8248114 0.53126905 1.5946703,1.8248114 0.69094092 1.440166,
  1.8248114 0.8072709 1.2505154,1.8248114 0.87267767 1.0378796,
  1.8248114 0.88305042 0.81577544,1.8248114 0.83782874 0.59819988,
  1.8248114 0.73992987 0.39879677,1.8248114 0.59553341 0.23005188,
  1.8248114 0.41370791 0.10253849,1.8248114 0.20586904 0.024259085,
  1.8248114 -0.014920096 0.00013391668,1.8248114 -0.23477054 0.031680706,
  1.8248114 -0.43985331 0.11691497,1.8248114 -0.61728058 0.25048026,
  1.8248114 -0.75591378 0.42399619,1.8248114 -0.84704378 0.62659238,
  1.8248114 -0.88491011 0.84558258,1.8248114 -0.86705231 1.0672282,
  1.8248114 -0.79450539 1.2775478,1.8248114 -0.67185371 1.4631536,
  1.8248114 -0.51926967 1.6035071,1.8248114 -0.33899123 1.704224,
  1.744355 -0.32688245 1.6749908,1.7680942 -0.33343883 1.6908193,
  1.7957612 -0.33760274 1.7008719,1.744355 0.51544074 1.5669791,
  1.744355 0.67117745 1.4141773,1.744355 0.7832404 1.2266521,
  1.744355 0.84407212 1.0168687,1.744355 0.84972205 0.79864297,
  1.744355 0.7999171 0.58622269,1.744355 0.69797313 0.39341299,
  1.744355 0.5505529 0.23273109,1.744355 0.36725229 0.11461926,
  1.744355 0.16000477 0.046767031,1.744355 -0.057680337 0.033598894,
  1.744355 -0.27160244 0.075974171,1.744355 -0.46781049 0.17112832,
  1.744355 -0.63352334 0.31286134,1.744355 -0.75795654 0.49195483,
  1.744355 -0.83300003 0.69677838,1.744355 -0.85371775 0.91403204,
  1.744355 -0.8186685 1.1295695,1.744355 -0.73006515 1.3292603,
  1.744355 -0.59378331 1.499882,1.744355 -0.4683445 1.6001795,
  1.781584 0.77374463 1.3000159,1.781584 0.86073758 0.71446544,
  1.781584 0.5566743 0.20732622,1.781584 0 0.008202856,
  1.781584 -0.5566743 0.20732622,1.781584 -0.86073758 0.71446544,
  1.781584 -0.77374463 1.3000159] }
 coordIndex [
  29,0,1,-1,4,1,2,-1,4,2,3,-1,4,29,1,-1,5,30,29,-1,5,29,4,-1,7,32,31,-1,7,31,6,-1,
  8,33,32,-1,8,32,7,-1,10,35,34,-1,10,34,9,-1,11,36,35,-1,11,35,10,-1,13,38,37,-1,13,37,12,-1,
  15,39,14,-1,15,40,39,-1,16,40,15,-1,16,41,40,-1,18,42,17,-1,18,43,42,-1,19,43,18,-1,19,44,43,-1,
  21,45,20,-1,21,46,45,-1,22,46,21,-1,23,48,47,-1,24,48,23,-1,24,49,48,-1,27,26,49,-1,28,27,49,-1,
  25,49,24,-1,25,28,49,-1,50,5,6,-1,50,31,30,-1,50,30,5,-1,50,6,31,-1,51,8,9,-1,51,34,33,-1,
  51,33,8,-1,51,9,34,-1,52,11,12,-1,52,37,36,-1,52,36,11,-1,52,12,37,-1,53,14,39,-1,53,13,14,-1,
  53,39,38,-1,53,38,13,-1,54,41,16,-1,54,16,17,-1,54,17,42,-1,54,42,41,-1,55,19,20,-1,55,44,19,-1,
  55,20,45,-1,55,45,44,-1,56,22,23,-1,56,46,22,-1,56,23,47,-1,56,47,46,-1]
  normalPerVertex TRUE
  normal DEF NORM_32 Normal { vector [
  -0.58207667 0.40417233 0.70557174,-0.41145676 0.47495674 0.77789423,
  -0.24548423 0.49416195 0.83399128,-0.12297941 0.49129272 0.86226882,
  -0.33572538 0.55420155 0.7616752,-0.32106931 0.7108419 0.62579413,
  -0.27331821 0.89492807 0.35270512,-0.36102106 0.91229013 0.19336627,
  -0.31280881 0.94963506 -0.018544461,-0.27493845 0.89967243 -0.33911409,
  -0.35688742 0.79618541 -0.48858997,-0.31986925 0.68431113 -0.65528768,
  -0.30153684 0.43831493 -0.84673228,-0.32899557 0.2392516 -0.91352098,
  -0.26288289 -0.07284112 -0.9620742,-0.35117419 -0.22634228 -0.90854051,
  -0.31698383 -0.44005242 -0.84016374,-0.25405477 -0.70399698 -0.66320768,
  -0.34848109 -0.79020703 -0.50411683,-0.31698868 -0.89203347 -0.32217148,
  -0.27696048 -0.9606983 -0.01875285,-0.3462983 -0.92099694 0.17844364,
  -0.25009399 -0.89334598 0.37334429,-0.33645078 -0.71838938 0.60886581,
  -0.33971876 -0.56182942 0.75428037,-0.28340981 -0.48782983 0.82565182,
  -0.58351946 -0.37965259 0.71789202,-0.47585569 -0.43127468 0.76652692,
  -0.24385155 -0.52975422 0.81234038,-0.39139144 0.58159584 0.71313324,
  -0.43534018 0.69513084 0.57207696,-0.41769337 0.85819549 0.29838356,
  -0.37370246 0.92113443 0.10889369,-0.45659239 0.88841234 -0.047401583,
  -0.41585835 0.83423134 -0.36210483,-0.37770741 0.73932194 -0.55744074,
  -0.45466828 0.6201007 -0.63933706,-0.40266929 0.37412513 -0.83539681,
  -0.43518816 0.18393449 -0.88135088,-0.41266344 -0.12258644 -0.90259706,
  -0.3831415 -0.31447961 -0.86850744,-0.46448619 -0.45144677 -0.76187164,
  -0.4154915 -0.70107028 -0.57954057,-0.38566006 -0.82672383 -0.40962668,
  -0.47245135 -0.84469854 -0.25154346,-0.40714393 -0.91218368 0.046419331,
  -0.39787842 -0.88019046 0.2587615,-0.4713813 -0.72256254 0.50567089,
  -0.37827963 -0.6521543 0.65696217,-0.3586331 -0.50555087 0.78472965,
  -0.36599057 0.79604857 0.48203484,-0.36597482 0.90869951 -0.20081741,
  -0.36599206 0.51944189 -0.77215927,-0.36598518 0.078866818 -0.92727281,
  -0.3659923 -0.58236593 -0.72587847,-0.36600252 -0.92233418 -0.12386209,
  -0.36599924 -0.81600767 0.44741037] }
}
}
DEF SHAPE_33 Shape {
 appearance USE APP_4
 geometry DEF FACE_33 IndexedFaceSet {
  coord DEF COORD_33 Coordinate { point [
  4.8425197 0.33899123 1.704224,4.8425197 0.5308562 1.5949676,
  4.8425197 0.68974152 1.4416556,4.8425197 0.80577637 1.2538125,
  4.8425197 0.87175205 1.0431081,4.8425197 0.88356979 0.82263261,
  4.8425197 0.8404954 0.60608304,4.8425197 0.7452049 0.40691266,
  4.8425197 0.60361825 0.23749501,4.8425197 0.42453158 0.10835523,
  4.8425197 0.21907072 0.02751617,4.8425197 0 0,
  4.8425197 -0.21907072 0.02751617,4.8425197 -0.42453158 0.10835523,
  4.8425197 -0.60361825 0.23749501,4.8425197 -0.7452049 0.40691266,
  4.8425197 -0.8404954 0.60608304,4.8425197 -0.88356979 0.82263261,
  4.8425197 -0.87175205 1.0431081,4.8425197 -0.80577637 1.2538125,
  4.8425197 -0.68974152 1.4416556,4.8425197 -0.5308562 1.5949676,
  4.8425197 -0.33899123 1.704224,1.8248114 -0.33899123 1.704224,
  1.8248114 0.33899123 1.704224,1.8248114 0.53126905 1.5946703,
  1.8248114 0.69094092 1.440166,1.8248114 0.8072709 1.2505154,
  1.8248114 0.87267767 1.0378796,1.8248114 0.88305042 0.81577544,
  1.8248114 0.83782874 0.59819988,1.8248114 0.73992987 0.39879677,
  1.8248114 0.59553341 0.23005188,1.8248114 0.41370791 0.10253849,
  1.8248114 0.20586904 0.024259085,1.8248114 -0.014920096 0.00013391668,
  1.8248114 -0.23477054 0.031680706,1.8248114 -0.43985331 0.11691497,
  1.8248114 -0.61728058 0.25048026,1.8248114 -0.75591378 0.42399619,
  1.8248114 -0.84704378 0.62659238,1.8248114 -0.88491011 0.84558258,
  1.8248114 -0.86705231 1.0672282,1.8248114 -0.79450539 1.2775478,
  1.8248114 -0.67185371 1.4631536,1.8248114 -0.51926967 1.6035071] }
 coordIndex [
  22,23,45,-1,21,45,44,-1,21,22,45,-1,20,44,43,-1,20,21,44,-1,19,43,42,-1,19,20,43,-1,18,42,41,-1,
  18,19,42,-1,17,41,40,-1,17,18,41,-1,16,40,39,-1,16,17,40,-1,15,39,38,-1,15,16,39,-1,14,38,37,-1,
  14,15,38,-1,13,37,36,-1,13,14,37,-1,12,36,35,-1,12,13,36,-1,11,35,34,-1,11,12,35,-1,10,34,33,-1,
  10,11,34,-1,9,33,32,-1,9,10,33,-1,8,9,32,-1,8,32,31,-1,7,8,31,-1,7,31,30,-1,6,7,30,-1,
  6,30,29,-1,5,6,29,-1,5,29,28,-1,4,5,28,-1,4,28,27,-1,3,4,27,-1,3,27,26,-1,2,26,25,-1,
  2,3,26,-1,1,25,24,-1,1,2,25,-1,0,1,24,-1]
  normalPerVertex TRUE
  normal DEF NORM_33 Normal { vector [
  0 0.49483834 0.86898505,2.0779345e-06 0.56528024 0.82489893,
  8.0341041e-06 0.7519072 0.65926896,2.4982221e-05 0.89183998 0.45235103,
  4.7478313e-05 0.9761453 0.21711829,6.9698951e-05 0.99949843 -0.031668187,
  9.00898e-05 0.96045718 -0.27842774,0.00010965346 0.86149404 -0.50776767,
  0.00012806619 0.7087979 -0.7054116,0.0001439967 0.51189306 -0.85904917,
  0.00015778251 0.28306422 -0.95910094,0.00017185798 0.036588095 -0.99933042,
  0.00018816377 -0.21216748 -0.9772333,0.00020589001 -0.44769632 -0.89418564,
  0.00022246143 -0.65530764 -0.75536207,0.00023663294 -0.82204481 -0.56942276,
  0.00024985296 -0.93750707 -0.34796613,0.0002641557 -0.99449456 -0.10478785,
  0.00027967786 -0.98943587 0.14497097,0.00029597072 -0.92261202 0.38572914,
  0.00031478665 -0.79817715 0.60242272,0.00037138571 -0.62493557 0.78067624,
  0.00028889652 -0.49140324 0.87093213,0 -0.48772205 0.87299897,
  -8.9441649e-06 0.49494457 0.86892455,-2.431614e-05 0.63270558 0.77439244,
  -5.0238948e-05 0.80502825 0.59323647,-7.4128882e-05 0.92715861 0.37466907,
  -9.492506e-05 0.99118123 0.13251328,-0.00011397537 0.99302361 -0.11791565,
  -0.00013089351 0.93261815 -0.36086475,-0.00014619271 0.8138004 -0.58114447,
  -0.00016212293 0.64402502 -0.76500441,-0.00018003125 0.43392631 -0.90094835,
  -0.00019850293 0.19667066 -0.98046959,-0.00021499108 -0.05288518 -0.99860058,
  -0.00022888221 -0.29913255 -0.95421154,-0.00024223874 -0.5266656 -0.85007252,
  -0.00025741141 -0.72122984 -0.69269578,-0.00027458848 -0.8706315 -0.49193568,
  -0.00029242131 -0.96551504 -0.26034713,-0.00031061296 -0.99992321 -0.012388489,
  -0.00032989225 -0.97164832 0.23643062,-0.00034811737 -0.88242177 0.47045903,
  -0.00017077492 -0.74115513 0.67133378,2.5887295e-05 -0.55525801 0.83167815] }
}
}
DEF SHAPE_34 Shape {
 appearance USE APP_4
 geometry DEF FACE_34 IndexedFaceSet {
  coord DEF COORD_34 Coordinate { point [
  4.8425197 0.33899123 1.704224,4.860041 0.33823574 1.7024001,
  4.8766838 0.33600717 1.6970198,4.8916134 0.33241725 1.688353,
  4.9040812 0.32764602 1.6768342,4.9134621 0.3219327 1.6630411,
  4.9192857 0.3155638 1.6476652,4.9212598 0.30885868 1.6314776,
  4.9212598 0.48366898 1.5319329,4.9212598 0.62843116 1.3922486,
  4.9212598 0.73415181 1.2211027,4.9212598 0.79426298 1.0291276,
  4.9212598 0.80503025 0.82824987,4.9212598 0.7657847 0.63094915,
  4.9212598 0.67896447 0.4494828,4.9212598 0.5499633 0.2951245,
  4.9212598 0.38679544 0.17746381,4.9212598 0.19959777 0.10381045,
  4.9212598 0 0.078740157,4.9212598 -0.19959777 0.10381045,
  4.9212598 -0.38679544 0.17746381,4.9212598 -0.5499633 0.2951245,
  4.9212598 -0.67896447 0.4494828,4.9212598 -0.7657847 0.63094915,
  4.9212598 -0.80503025 0.82824987,4.9212598 -0.79426298 1.0291276,
  4.9212598 -0.73415181 1.2211027,4.9212598 -0.62843116 1.3922486,
  4.9212598 -0.48366898 1.5319329,4.9212598 -0.30885868 1.6314776,
  4.8425197 -0.33899123 1.704224,4.860041 -0.33823574 1.7024001,
  4.8766838 -0.33600717 1.6970198,4.8916134 -0.33241725 1.688353,
  4.9040812 -0.32764602 1.6768342,4.9134621 -0.3219327 1.6630411,
  4.9192857 -0.3155638 1.6476652,4.8425197 0.5308562 1.5949676,
  4.8425197 0.68974152 1.4416556,4.8425197 0.80577637 1.2538125,
  4.8425197 0.87175205 1.0431081,4.8425197 0.88356979 0.82263261,
  4.8425197 0.8404954 0.60608304,4.8425197 0.7452049 0.40691266,
  4.8425197 0.60361825 0.23749501,4.8425197 0.42453158 0.10835523,
  4.8425197 0.21907072 0.02751617,4.8425197 0 0,
  4.8425197 -0.21907072 0.02751617,4.8425197 -0.42453158 0.10835523,
  4.8425197 -0.60361825 0.23749501,4.8425197 -0.7452049 0.40691266,
  4.8425197 -0.8404954 0.60608304,4.8425197 -0.88356979 0.82263261,
  4.8425197 -0.87175205 1.0431081,4.8425197 -0.80577637 1.2538125,
  4.8425197 -0.68974152 1.4416556,4.8425197 -0.5308562 1.5949676,
  4.860041 -0.52967312 1.5933872,4.8766838 -0.5261832 1.5887252,
  4.8916134 -0.52056144 1.5812154,4.9040812 -0.51308973 1.5712344,
  4.9134621 -0.50414275 1.5592826,4.9192857 -0.49416913 1.5459594,
  4.860041 -0.68820434 1.4404169,4.8766838 -0.68366989 1.4367628,
  4.8916134 -0.67636553 1.4308766,4.9040812 -0.66665755 1.4230534,
  4.9134621 -0.65503273 1.4136855,4.9192857 -0.642074 1.4032427,
  4.860041 -0.8039806 1.2529924,4.8766838 -0.79868331 1.2505732,
  4.8916134 -0.79015015 1.2466763,4.9040812 -0.77880899 1.2414969,
  4.9134621 -0.76522854 1.2352949,4.9192857 -0.75008977 1.2283813,
  4.860041 -0.86980924 1.0427576,4.8766838 -0.86407822 1.0417236,
  4.8916134 -0.85484638 1.040058,4.9040812 -0.84257663 1.0378443,
  4.9134621 -0.82788423 1.0351935,4.9192857 -0.81150592 1.0322385,
  4.860041 -0.88160064 0.82277345,4.8766838 -0.87579193 0.8231889,
  4.8916134 -0.86643493 0.82385812,4.9040812 -0.85399885 0.82474757,
  4.9134621 -0.83910728 0.82581263,4.9192857 -0.82250694 0.82699991,
  4.860041 -0.83862225 0.60670649,4.8766838 -0.83309671 0.60854556,
  4.8916134 -0.82419588 0.61150804,4.9040812 -0.81236606 0.61544539,
  4.9134621 -0.79820046 0.62016015,4.9192857 -0.78240939 0.62541592,
  4.860041 -0.74354412 0.40797998,4.8766838 -0.73864504 0.41112843,
  4.8916134 -0.73075332 0.41620013,4.9040812 -0.7202647 0.42294075,
  4.9134621 -0.70770511 0.43101231,4.9192857 -0.69370435 0.44001006,
  4.860041 -0.60227301 0.2389399,4.8766838 -0.59830474 0.24320212,
  4.8916134 -0.59191243 0.25006795,4.9040812 -0.58341662 0.2591931,
  4.9134621 -0.57324331 0.27012,4.9192857 -0.56190265 0.28230073,
  4.860041 -0.42358546 0.11008792,4.8766838 -0.42079453 0.11519913,
  4.8916134 -0.41629874 0.12343254,4.9040812 -0.41032354 0.13437531,
  4.9134621 -0.40316854 0.14747872,4.9192857 -0.39519252 0.1620857,
  4.860041 -0.21858249 0.029429026,4.8766838 -0.21714229 0.035071678,
  4.8916134 -0.21482233 0.044161179,4.9040812 -0.21173895 0.056241743,
  4.9134621 -0.20804676 0.0707076,4.9192857 -0.20393091 0.086833372,
  4.860041 0 0.0019741801,4.8766838 0 0.0077977269,
  4.8916134 0 0.017178623,4.9040812 0 0.029646472,
  4.9134621 0 0.044576084,4.9192857 0 0.061218824,
  4.860041 0.21858249 0.029429026,4.8766838 0.21714229 0.035071678,
  4.8916134 0.21482233 0.044161179,4.9040812 0.21173895 0.056241743,
  4.9134621 0.20804676 0.0707076,4.9192857 0.20393091 0.086833372,
  4.860041 0.42358546 0.11008792,4.8766838 0.42079453 0.11519913,
  4.8916134 0.41629874 0.12343254,4.9040812 0.41032354 0.13437531,
  4.9134621 0.40316854 0.14747872,4.9192857 0.39519252 0.1620857,
  4.860041 0.60227301 0.2389399,4.8766838 0.59830474 0.24320212,
  4.8916134 0.59191243 0.25006795,4.9040812 0.58341662 0.2591931,
  4.9134621 0.57324331 0.27012,4.9192857 0.56190265 0.28230073,
  4.860041 0.74354412 0.40797998,4.8766838 0.73864504 0.41112843,
  4.8916134 0.73075332 0.41620013,4.9040812 0.7202647 0.42294075,
  4.9134621 0.70770511 0.43101231,4.9192857 0.69370435 0.44001006,
  4.860041 0.83862225 0.60670649,4.8766838 0.83309671 0.60854556,
  4.8916134 0.82419588 0.61150804,4.9040812 0.81236606 0.61544539,
  4.9134621 0.79820046 0.62016015,4.9192857 0.78240939 0.62541592,
  4.860041 0.88160064 0.82277345,4.8766838 0.87579193 0.8231889,
  4.8916134 0.86643493 0.82385812,4.9040812 0.85399885 0.82474757,
  4.9134621 0.83910728 0.82581263,4.9192857 0.82250694 0.82699991,
  4.860041 0.86980924 1.0427576,4.8766838 0.86407822 1.0417236,
  4.8916134 0.85484638 1.040058,4.9040812 0.84257663 1.0378443,
  4.9134621 0.82788423 1.0351935,4.9192857 0.81150592 1.0322385,
  4.860041 0.8039806 1.2529924,4.8766838 0.79868331 1.2505732,
  4.8916134 0.79015015 1.2466763,4.9040812 0.77880899 1.2414969,
  4.9134621 0.76522854 1.2352949,4.9192857 0.75008977 1.2283813,
  4.860041 0.68820434 1.4404169,4.8766838 0.68366989 1.4367628,
  4.8916134 0.67636553 1.4308766,4.9040812 0.66665755 1.4230534,
  4.9134621 0.65503273 1.4136855,4.9192857 0.642074 1.4032427,
  4.860041 0.52967312 1.5933872,4.8766838 0.5261832 1.5887252,
  4.8916134 0.52056144 1.5812154,4.9040812 0.51308973 1.5712344,
  4.9134621 0.50414275 1.5592826,4.9192857 0.49416913 1.5459594] }
 coordIndex [
  28,29,36,-1,58,31,30,-1,58,30,57,-1,59,32,31,-1,59,31,58,-1,60,33,32,-1,60,32,59,-1,61,33,60,-1,
  61,34,33,-1,62,35,34,-1,62,34,61,-1,63,36,35,-1,63,35,62,-1,63,28,36,-1,64,58,57,-1,64,57,56,-1,
  65,58,64,-1,65,59,58,-1,66,60,59,-1,66,59,65,-1,67,60,66,-1,67,61,60,-1,68,62,61,-1,68,61,67,-1,
  69,27,28,-1,69,63,62,-1,69,28,63,-1,69,62,68,-1,70,64,56,-1,70,56,55,-1,71,65,64,-1,71,64,70,-1,
  72,65,71,-1,72,66,65,-1,73,67,66,-1,73,66,72,-1,74,67,73,-1,74,68,67,-1,75,68,74,-1,75,26,27,-1,
  75,27,69,-1,75,69,68,-1,76,70,55,-1,76,55,54,-1,77,71,70,-1,77,70,76,-1,78,72,71,-1,78,71,77,-1,
  79,73,72,-1,79,72,78,-1,80,74,73,-1,80,75,74,-1,80,73,79,-1,81,25,26,-1,81,26,75,-1,81,75,80,-1,
  82,76,54,-1,82,54,53,-1,83,76,82,-1,83,77,76,-1,84,78,77,-1,84,77,83,-1,85,78,84,-1,85,79,78,-1,
  86,80,79,-1,86,79,85,-1,87,25,81,-1,87,24,25,-1,87,80,86,-1,87,81,80,-1,88,53,52,-1,88,82,53,-1,
  89,82,88,-1,89,83,82,-1,90,83,89,-1,90,84,83,-1,91,84,90,-1,91,85,84,-1,91,86,85,-1,92,86,91,-1,
  93,87,86,-1,93,23,24,-1,93,86,92,-1,93,24,87,-1,94,52,51,-1,94,88,52,-1,95,88,94,-1,95,89,88,-1,
  96,90,89,-1,96,89,95,-1,97,90,96,-1,97,91,90,-1,98,92,91,-1,98,91,97,-1,99,92,98,-1,99,23,93,-1,
  99,22,23,-1,99,93,92,-1,100,94,51,-1,100,51,50,-1,101,95,94,-1,101,94,100,-1,102,95,101,-1,102,96,95,-1,
  103,97,96,-1,103,96,102,-1,104,97,103,-1,104,98,97,-1,105,21,22,-1,105,99,98,-1,105,22,99,-1,105,98,104,-1,
  106,100,50,-1,106,50,49,-1,107,101,100,-1,107,100,106,-1,107,102,101,-1,108,102,107,-1,109,103,102,-1,109,102,108,-1,
  110,103,109,-1,110,104,103,-1,110,105,104,-1,111,20,21,-1,111,21,105,-1,111,105,110,-1,112,49,48,-1,112,106,49,-1,
  113,107,106,-1,113,106,112,-1,114,107,113,-1,114,108,107,-1,114,109,108,-1,115,110,109,-1,115,109,114,-1,116,110,115,-1,
  116,111,110,-1,117,19,20,-1,117,20,111,-1,117,111,116,-1,118,112,48,-1,118,48,47,-1,118,113,112,-1,119,113,118,-1,
  120,114,113,-1,120,113,119,-1,121,115,114,-1,121,114,120,-1,122,115,121,-1,122,116,115,-1,123,116,122,-1,123,18,19,-1,
  123,19,117,-1,123,117,116,-1,124,118,47,-1,124,47,46,-1,125,118,124,-1,125,119,118,-1,125,120,119,-1,126,120,125,-1,
  127,122,121,-1,127,120,126,-1,127,121,120,-1,128,122,127,-1,129,123,122,-1,129,18,123,-1,129,17,18,-1,129,122,128,-1,
  130,124,46,-1,130,46,45,-1,131,124,130,-1,131,125,124,-1,132,126,125,-1,132,125,131,-1,132,127,126,-1,133,127,132,-1,
  134,128,127,-1,134,127,133,-1,134,129,128,-1,135,15,16,-1,135,16,17,-1,135,17,129,-1,135,129,134,-1,136,130,45,-1,
  136,45,44,-1,137,130,136,-1,137,131,130,-1,137,132,131,-1,138,132,137,-1,139,134,133,-1,139,133,132,-1,139,132,138,-1,
  140,134,139,-1,141,15,135,-1,141,135,134,-1,141,134,140,-1,142,44,43,-1,142,136,44,-1,143,137,136,-1,143,136,142,-1,
  144,137,143,-1,144,138,137,-1,145,139,138,-1,145,138,144,-1,146,140,139,-1,146,139,145,-1,147,14,15,-1,147,15,141,-1,
  147,141,140,-1,147,140,146,-1,148,143,142,-1,148,43,42,-1,148,142,43,-1,149,143,148,-1,150,143,149,-1,150,144,143,-1,
  151,145,144,-1,151,146,145,-1,151,144,150,-1,152,146,151,-1,153,12,13,-1,153,13,14,-1,153,14,147,-1,153,147,146,-1,
  153,146,152,-1,154,148,42,-1,154,42,41,-1,155,149,148,-1,155,148,154,-1,156,150,149,-1,156,149,155,-1,157,151,150,-1,
  157,150,156,-1,158,151,157,-1,158,152,151,-1,159,11,12,-1,159,152,158,-1,159,12,153,-1,159,153,152,-1,160,41,40,-1,
  160,154,41,-1,161,154,160,-1,161,155,154,-1,162,156,155,-1,162,155,161,-1,163,157,156,-1,163,156,162,-1,163,158,157,-1,
  164,158,163,-1,165,11,159,-1,165,159,158,-1,165,158,164,-1,166,40,39,-1,166,160,40,-1,167,160,166,-1,167,161,160,-1,
  167,162,161,-1,168,162,167,-1,169,163,162,-1,169,162,168,-1,170,164,163,-1,170,163,169,-1,171,10,11,-1,171,164,170,-1,
  171,165,164,-1,171,11,165,-1,172,166,39,-1,172,39,38,-1,173,167,166,-1,173,166,172,-1,174,167,173,-1,174,168,167,-1,
  175,169,168,-1,175,168,174,-1,176,170,169,-1,176,169,175,-1,177,9,10,-1,177,10,171,-1,177,171,170,-1,177,170,176,-1,
  178,0,1,-1,178,37,0,-1,178,38,37,-1,178,172,38,-1,179,1,2,-1,179,173,172,-1,179,178,1,-1,179,172,178,-1,
  180,2,3,-1,180,3,4,-1,180,174,173,-1,180,173,179,-1,180,179,2,-1,181,175,174,-1,181,176,175,-1,181,174,180,-1,
  181,180,4,-1,182,4,5,-1,182,5,6,-1,182,181,4,-1,182,176,181,-1,183,6,7,-1,183,7,8,-1,183,8,9,-1,
  183,182,6,-1,183,9,177,-1,183,177,176,-1,183,176,182,-1]
  normalPerVertex TRUE
  normal DEF NORM_34 Normal { vector [
  0.11110241 0.49177478 0.86360513,0.25691096 0.47822913 0.83981763,
  0.46430102 0.43826717 0.76964047,0.62050507 0.38805343 0.68146019,
  0.77887863 0.31035008 0.54500542,0.89963391 0.21606867 0.37943795,
  0.96524728 0.12932019 0.22709903,0.99361396 0.055834124 0.098050242,
  0.99371221 0.06709781 0.089632181,0.99370098 0.08419557 0.073955912,
  0.99370098 0.099870006 0.05083653,0.99371221 0.1101855 0.019879651,
  0.99370098 0.11133872 -0.012730283,0.99371221 0.1062348 -0.035358335,
  0.99370098 0.096760212 -0.056531692,0.99371221 0.076294603 -0.081946187,
  0.99371221 0.053658862 -0.098268868,0.99370098 0.03229656 -0.10730938,
  0.99370098 0.0047550345 -0.11196321,0.99370098 -0.023081899 -0.10966128,
  0.99370098 -0.049484861 -0.1005466,0.99370098 -0.072813556 -0.085185426,
  0.99370098 -0.091618681 -0.064532071,0.99370098 -0.10473196 -0.039869636,
  0.99370098 -0.11133872 -0.012730283,0.99370098 -0.11102852 0.015199943,
  0.99370098 -0.10382063 0.042185867,0.99370098 -0.090162843 0.066550977,
  0.99371221 -0.06709781 0.089632181,0.99361396 -0.055834124 0.098050242,
  0.11110241 -0.49177478 0.86360513,0.25691096 -0.47822913 0.83981763,
  0.46430102 -0.43826717 0.76964047,0.64918372 -0.3763897 0.66097753,
  0.80219047 -0.29545224 0.51884335,0.91526339 -0.19934857 0.35007581,
  0.98222409 -0.092887153 0.16311902,0.11196448 0.59550953 0.79550761,
  0.11186799 0.74703438 0.65530542,0.11186799 0.88589077 0.45020341,
  0.11186799 0.96971084 0.21713233,0.11186799 0.99328724 -0.029428182,
  0.11186799 0.95515527 -0.27416045,0.11186799 0.85768391 -0.5018604,
  0.11186799 0.7069286 -0.69838207,0.11186799 0.51225506 -0.85151647,
  0.11186799 0.28575748 -0.95175008,0.11186799 0.041507098 -0.99285584,
  0.11186799 -0.20532193 -0.97228003,0.11186799 -0.43939525 -0.89130094,
  0.11186799 -0.64617096 -0.75494943,0.11186799 -0.81280305 -0.57169638,
  0.11186799 -0.92893943 -0.35292647,0.11186799 -0.98736507 -0.11223087,
  0.11186799 -0.98445027 0.13543713,0.11186799 -0.92037611 0.37469104,
  0.11186799 -0.79912321 0.59066712,0.11186799 -0.62822447 0.76994777,
  0.22235912 -0.58329081 0.78123508,0.43358932 -0.53811562 0.7227945,
  0.62311673 -0.46602652 0.62812803,0.78144992 -0.37063776 0.50195983,
  0.90065327 -0.25672157 0.35059624,0.96954386 -0.13989623 0.20103172,
  0.22235912 -0.75837674 0.6127162,0.43358932 -0.70015207 0.56726306,
  0.62311673 -0.60689062 0.49336529,0.78144992 -0.48326268 0.39470647,
  0.90065327 -0.33545184 0.27621686,0.97471132 -0.16794374 0.14742029,
  0.22235912 -0.88634821 0.40613208,0.43358932 -0.8186913 0.37649018,
  0.62311673 -0.71005141 0.32795204,0.78144992 -0.56586472 0.26293182,
  0.89073774 -0.40759347 0.20113138,0.97099299 -0.21667319 0.10112045,
  0.22235912 -0.95925495 0.17431685,0.43358932 -0.88636901 0.1623277,
  0.62311673 -0.76909997 0.14216464,0.78144992 -0.61331218 0.11482243,
  0.90742429 -0.41168513 0.084240843,0.97961266 -0.1971908 0.038403465,
  0.22235912 -0.97256759 -0.068327887,0.43358932 -0.89898069 -0.061919458,
  0.62311673 -0.78036788 -0.052454803,0.76729344 -0.64069758 -0.027701941,
  0.89347197 -0.44752085 -0.037854048,0.97471132 -0.22337193 -0.0065437731,
  0.22235912 -0.92545909 -0.30672773,0.43358932 -0.85574284 -0.28231984,
  0.62311673 -0.74315514 -0.24381547,0.79123897 -0.58418484 -0.1807456,
  0.91033636 -0.39001837 -0.13846803,0.97471132 -0.21481508 -0.061581836,
  0.22235912 -0.82085607 -0.52607198,0.43358932 -0.75934163 -0.48518099,
  0.62311673 -0.65977358 -0.420029,0.78144992 -0.52712189 -0.33388402,
  0.90065327 -0.36801727 -0.23105623,0.97471132 -0.19291275 -0.1127941,
  0.22235912 -0.66525704 -0.71273381,0.41324832 -0.63784344 -0.64990889,
  0.61033349 -0.53051425 -0.58825816,0.78144992 -0.42817637 -0.45387335,
  0.89073774 -0.31955652 -0.32321804,0.97099299 -0.16437101 -0.17365134,
  0.22235912 -0.46832866 -0.85511677,0.44788829 -0.44349809 -0.77634111,
  0.6234898 -0.37469195 -0.68619707,0.7576439 -0.31279055 -0.57283313,
  0.89347197 -0.22034013 -0.39135414,0.97474328 -0.10280077 -0.19826131,
  0.20039761 -0.26657999 -0.94274912,0.41893505 -0.20988018 -0.88342727,
  0.63545552 -0.20592532 -0.74417138,0.80442051 -0.14691497 -0.57560718,
  0.9164191 -0.098977005 -0.38778808,0.97961266 -0.052373048 -0.19394871,
  0.2379273 -0.018006486 -0.97111604,0.43388374 0 -0.90096887,
  0.61033349 0.012569195 -0.79204485,0.76729344 -0.018075482 -0.64104139,
  0.89347197 0.0058318284 -0.44908109,0.97471132 -0.0094080708 -0.22326963,
  0.22235912 0.23992472 -0.94498283,0.44788829 0.20441894 -0.87040736,
  0.6234898 0.19335201 -0.75754569,0.78126876 0.15436743 -0.6048056,
  0.90096887 0.10730227 -0.42040614,0.97099299 0.057219128 -0.2321607,
  0.22235912 0.46617241 -0.85629417,0.41324832 0.41521971 -0.81044335,
  0.62293522 0.37490375 -0.68658495,0.78183148 0.29880686 -0.5472239,
  0.90050945 0.20839493 -0.38164682,0.98249297 0.089283936 -0.16351132,
  0.22235912 0.66345895 -0.71440789,0.44788829 0.59655606 -0.66597068,
  0.64064627 0.53600598 -0.54979082,0.79123897 0.40709114 -0.45630878,
  0.91033636 0.28797443 -0.29725149,0.96954386 0.16058398 -0.18492564,
  0.20039761 0.81031895 -0.55065779,0.41893505 0.77193861 -0.47812572,
  0.62311673 0.65615167 -0.42566481,0.76729344 0.52950599 -0.3617792,
  0.89347197 0.38094398 -0.23788552,0.97471132 0.18273998 -0.12862325,
  0.2379273 0.91573363 -0.32376307,0.45379741 0.85196244 -0.26120473,
  0.62311673 0.7410395 -0.25017194,0.79123897 0.57598086 -0.20539462,
  0.91033636 0.39520658 -0.12287993,0.97816562 0.19517921 -0.071393882,
  0.22235912 0.97239233 -0.070778391,0.43358932 0.89864242 -0.066649084,
  0.62311673 0.77988996 -0.059137041,0.76729344 0.6381186 -0.063760797,
  0.89347197 0.44835292 -0.026220109,0.97474328 0.22236632 -0.020706646,
  0.22235912 0.95969115 0.17189912,0.41324832 0.90009587 0.13803354,
  0.61033349 0.77722851 0.15299958,0.79123897 0.60396146 0.095767704,
  0.91033636 0.4057546 0.08155322,0.96954386 0.2423876 0.035113488,
  0.22235912 0.88736879 0.40389733,0.44788829 0.8202824 0.35571458,
  0.64064627 0.69092625 0.33495265,0.78144992 0.5692732 0.25546829,
  0.90065327 0.39715411 0.17633009,0.97471132 0.20700146 0.084191675,
  0.22235912 0.75991828 0.61080326,0.43358932 0.70312735 0.56357097,
  0.62311673 0.61109423 0.48814893,0.76729344 0.51048326 0.38815928,
  0.89347197 0.3460139 0.28632537,0.97471132 0.17975028 0.13276926,
  0.18571912 0.58885196 0.78661412,0.39961194 0.54934849 0.73384367,
  0.61033349 0.46459263 0.64159701,0.78118968 0.39471509 0.48367621,
  0.90051307 0.24576008 0.35871742,0.97816562 0.12937788 0.16264494] }
}
}
DEF SHAPE_35 Shape {
 appearance USE APP_4
 geometry DEF FACE_35 IndexedFaceSet {
  coord DEF COORD_35 Coordinate { point [
  4.9212598 0.30885868 1.6314776,4.9212598 0.48366898 1.5319329,
  4.9212598 0.62843116 1.3922486,4.9212598 0.73415181 1.2211027,
  4.9212598 0.79426298 1.0291276,4.9212598 0.80503025 0.82824987,
  4.9212598 0.7657847 0.63094915,4.9212598 0.67896447 0.4494828,
  4.9212598 0.5499633 0.2951245,4.9212598 0.38679544 0.17746381,
  4.9212598 0.19959777 0.10381045,4.9212598 0 0.078740157,
  4.9212598 -0.19959777 0.10381045,4.9212598 -0.38679544 0.17746381,
  4.9212598 -0.5499633 0.2951245,4.9212598 -0.67896447 0.4494828,
  4.9212598 -0.7657847 0.63094915,4.9212598 -0.80503025 0.82824987,
  4.9212598 -0.79426298 1.0291276,4.9212598 -0.73415181 1.2211027,
  4.9212598 -0.62843116 1.3922486,4.9212598 -0.48366898 1.5319329,
  4.9212598 -0.30885868 1.6314776,4.9212598 -0.23729386 1.4587048,
  4.9212598 0.23729386 1.4587048,4.9212598 0.37748002 1.3777683,
  4.9212598 0.49194154 1.2633068,4.9212598 0.57287806 1.1231206,
  4.9212598 0.61477388 0.96676329,4.9212598 0.61477388 0.80489025,
  4.9212598 0.57287806 0.64853291,4.9212598 0.49194154 0.50834675,
  4.9212598 0.37748002 0.39388523,4.9212598 0.23729386 0.31294872,
  4.9212598 0.080936517 0.27105289,4.9212598 -0.080936517 0.27105289,
  4.9212598 -0.23729386 0.31294872,4.9212598 -0.37748002 0.39388523,
  4.9212598 -0.49194154 0.50834675,4.9212598 -0.57287806 0.64853291,
  4.9212598 -0.61477388 0.80489025,4.9212598 -0.61477388 0.96676329,
  4.9212598 -0.57287806 1.1231206,4.9212598 -0.49194154 1.2633068,
  4.9212598 -0.37748002 1.3777683] }
 coordIndex [
  39,16,15,-1,40,17,16,-1,40,16,39,-1,38,15,14,-1,38,39,15,-1,41,18,17,-1,41,17,40,-1,37,14,13,-1,
  37,38,14,-1,42,19,18,-1,42,18,41,-1,36,13,12,-1,36,37,13,-1,43,20,19,-1,43,19,42,-1,35,36,12,-1,
  11,35,12,-1,44,21,20,-1,44,20,43,-1,34,35,11,-1,10,34,11,-1,23,21,44,-1,33,34,10,-1,22,21,23,-1,
  9,33,10,-1,32,33,9,-1,8,32,9,-1,31,32,8,-1,7,31,8,-1,7,30,31,-1,6,30,7,-1,6,29,30,-1,
  1,24,25,-1,1,0,24,-1,5,29,6,-1,5,28,29,-1,2,1,25,-1,2,25,26,-1,4,28,5,-1,4,27,28,-1,
  3,26,27,-1,3,2,26,-1,3,27,4,-1]
  normalPerVertex TRUE
  normal DEF NORM_35 Normal { vector [
  1 0 0,1 0 0,
  1 0 0,1 0 0,
  1 0 0,1 0 0,
  1 0 0,1 0 0,
  1 0 0,1 0 0,
  1 0 0,1 0 0,
  1 0 0,1 0 0,
  1 0 0,1 0 0,
  1 0 0,1 0 0,
  1 0 0,1 0 0,
  1 0 0,1 0 0,
  1 0 0,1 0 0,
  1 0 0,1 0 0,
  1 0 0,1 0 0,
  1 0 0,1 0 0,
  1 0 0,1 0 0,
  1 0 0,1 0 0,
  1 0 0,1 0 0,
  1 0 0,1 0 0,
  1 0 0,1 0 0,
  1 0 0,1 0 0,
  1 0 0,1 0 0,
  1 0 0] }
}
}
DEF SHAPE_36 Shape {
 appearance USE APP_3
 geometry DEF FACE_36 IndexedFaceSet {
  coord DEF COORD_36 Coordinate { point [
  4.9251969 -0.23729386 1.4587048,4.9212598 -0.23729386 1.4587048,
  4.9251969 -0.12097136 1.4939909,4.9251969 0 1.5059055,
  4.9251969 0.12097136 1.4939909,4.9251969 0.23729386 1.4587048,
  4.9212598 0.23729386 1.4587048,4.8818898 0.23729386 1.4587048,
  4.8818898 0.12097136 1.4939909,4.8818898 0 1.5059055,
  4.8818898 -0.12097136 1.4939909,4.8818898 -0.23729386 1.4587048] }
 coordIndex [
  2,0,1,-1,10,1,11,-1,10,2,1,-1,6,5,4,-1,9,3,2,-1,9,2,10,-1,8,4,3,-1,8,3,9,-1,
  8,6,4,-1,7,6,8,-1]
  normalPerVertex TRUE
  normal DEF NORM_36 Normal { vector [
  0 0.29028468 -0.95694034,0 0.29028468 -0.95694034,
  0 0.16660899 -0.98602305,0 -0.032812789 -0.99946152,
  0 -0.19928845 -0.97994087,0 -0.29028468 -0.95694034,
  0 -0.29028468 -0.95694034,0 -0.29028468 -0.95694034,
  0 -0.19284333 -0.98122956,0 0.032812789 -0.99946152,
  0 0.22517085 -0.97431929,0 0.29028468 -0.95694034] }
}
}
DEF SHAPE_37 Shape {
 appearance USE APP_3
 geometry DEF FACE_37 IndexedFaceSet {
  coord DEF COORD_37 Coordinate { point [
  4.9251969 -0.30885868 1.6314776,4.9251969 -0.10534594 1.6860086,
  4.9251969 0.10534594 1.6860086,4.9251969 0.30885868 1.6314776,
  4.9251969 0.23729386 1.4587048,4.9251969 -0.23729386 1.4587048,
  4.9251969 -0.12097136 1.4939909,4.9251969 0 1.5059055,
  4.9251969 0.12097136 1.4939909] }
 coordIndex [
  0,5,6,-1,1,6,7,-1,1,0,6,-1,2,7,8,-1,2,1,7,-1,3,8,4,-1,3,2,8,-1]
  normalPerVertex TRUE
  normal DEF NORM_37 Normal { vector [
  1 0 0,1 0 0,
  1 0 0,1 0 0,
  1 0 0,1 0 0,
  1 0 0,1 0 0,
  1 0 0] }
}
}
DEF SHAPE_38 Shape {
 appearance USE APP_3
 geometry DEF FACE_38 IndexedFaceSet {
  coord DEF COORD_38 Coordinate { point [
  4.8425197 -0.34049786 1.7078613,4.8609171 -0.3397046 1.7059462,
  4.878392 -0.33736459 1.7002969,4.8940681 -0.33359518 1.6911968,
  4.9071593 -0.32858538 1.6791021,4.9170092 -0.3225864 1.6646192,
  4.923124 -0.31589906 1.6484746,4.9251969 -0.30885868 1.6314776,
  4.9251969 -0.10534594 1.6860086,4.9251969 0.10534594 1.6860086,
  4.9251969 0.30885868 1.6314776,4.8425197 0.34049786 1.7078613,
  4.8609171 0.3397046 1.7059462,4.878392 0.33736459 1.7002969,
  4.8940681 0.33359518 1.6911968,4.9071593 0.32858538 1.6791021,
  4.9170092 0.3225864 1.6646192,4.923124 0.31589906 1.6484746,
  4.8425197 -0.11613748 1.7679785,4.8425197 0.11613748 1.7679785,
  4.8609171 0.11586691 1.7659233,4.878392 0.11506878 1.7598609,
  4.8940681 0.1137831 1.7500953,4.9071593 0.11207435 1.737116,
  4.9170092 0.11002821 1.721574,4.923124 0.10774729 1.7042487,
  4.8609171 -0.11586691 1.7659233,4.878392 -0.11506878 1.7598609,
  4.8940681 -0.1137831 1.7500953,4.9071593 -0.11207435 1.737116,
  4.9170092 -0.11002821 1.721574,4.923124 -0.10774729 1.7042487] }
 coordIndex [
  19,12,11,-1,7,8,6,-1,20,13,12,-1,20,12,19,-1,21,14,13,-1,21,13,20,-1,22,15,14,-1,22,14,21,-1,
  23,16,15,-1,23,15,22,-1,24,17,16,-1,24,16,23,-1,25,9,10,-1,25,10,17,-1,25,17,24,-1,26,0,1,-1,
  26,18,0,-1,26,19,18,-1,26,20,19,-1,27,1,2,-1,27,26,1,-1,27,20,26,-1,27,21,20,-1,28,2,3,-1,
  28,22,21,-1,28,21,27,-1,28,27,2,-1,29,3,4,-1,29,23,22,-1,29,28,3,-1,29,22,28,-1,30,4,5,-1,
  30,24,23,-1,30,29,4,-1,30,23,29,-1,31,5,6,-1,31,8,9,-1,31,25,24,-1,31,30,5,-1,31,9,25,-1,
  31,24,30,-1,31,6,8,-1]
  normalPerVertex TRUE
  normal DEF NORM_38 Normal { vector [
  0.11101846 -0.25721911 0.95995481,0.25672015 -0.25014493 0.93355358,
  0.46401146 -0.22926947 0.8556453,0.64888349 -0.19693225 0.73496116,
  0.80195911 -0.15461304 0.57702373,0.91513991 -0.10433937 0.38939985,
  0.98219259 -0.048626109 0.18147511,0.99360427 -0.029225419 0.10907075,
  0.99369985 -0.019558956 0.11035422,0.99369985 0.0096692735 0.11165622,
  0.99360427 0.029225419 0.10907075,0.11101846 0.25721911 0.95995481,
  0.18418192 0.25439121 0.94940093,0.39672637 0.23757956 0.88665898,
  0.59017708 0.20893784 0.77976663,0.75485126 0.16975838 0.6335469,
  0.88216242 0.12188961 0.45489821,0.96519038 0.067693685 0.25263627,
  0.11196448 -0.12970547 0.98521086,0.11196448 0.12970547 0.98521086,
  0.25878762 0.12607972 0.95767055,0.46714456 0.11540877 0.87661666,
  0.65210753 0.098955363 0.75164061,0.80440819 0.077542606 0.58899457,
  0.91640949 0.052242063 0.39681786,0.9796085 0.029109984 0.19879586,
  0.18571663 -0.12825547 0.97419704,0.39960502 -0.11965172 0.90884503,
  0.59348096 -0.10505375 0.79796244,0.75763284 -0.085191964 0.64709721,
  0.88383385 -0.061060276 0.46379885,0.97098179 -0.029166649 0.23736821] }
}
}
DEF SHAPE_39 Shape {
 appearance USE APP_3
 geometry DEF FACE_39 IndexedFaceSet {
  coord DEF COORD_39 Coordinate { point [
  1.8248114 0.34049786 1.7078613,4.8425197 0.34049786 1.7078613,
  1.8248114 -0.34049786 1.7078613,1.8248114 -0.1161377 1.7679785,
  1.8248114 0.11613739 1.7679786,4.8425197 -0.34049786 1.7078613,
  4.8425197 -0.11613748 1.7679785,4.8425197 0.11613748 1.7679785,
  3.3070866 0.0039370079 1.7755818,3.3070866 0.0013123398 1.7755896,
  3.3070866 -0.0013123398 1.7755896,3.3070866 -0.0039370079 1.7755818,
  3.3917323 0.088582677 1.77117,3.3706683 0.08591993 1.7714324,
  3.3506637 0.077952279 1.7721693,3.3331064 0.06499352 1.7732136,
  3.3192668 0.047682206 1.774312,3.3109242 0.029135186 1.7751134,
  3.3080677 0.016787087 1.7754322,3.9311024 0.088582677 1.77117,
  3.9521663 0.08591993 1.7714324,3.972171 0.077952279 1.7721693,
  3.9897282 0.06499352 1.7732136,4.0035678 0.047682206 1.774312,
  4.0119104 0.029135186 1.7751134,4.0147669 0.016787087 1.7754322,
  4.015748 0.0039370079 1.7755818,4.015748 0.0013123398 1.7755896,
  4.015748 -0.0013123398 1.7755896,4.015748 -0.0039370079 1.7755818,
  3.9311024 -0.088582677 1.77117,3.9521663 -0.08591993 1.7714324,
  3.972171 -0.077952279 1.7721693,3.9897282 -0.06499352 1.7732136,
  4.0035678 -0.047682206 1.774312,4.0119104 -0.029135186 1.7751134,
  4.0147669 -0.016787087 1.7754322,3.3917323 -0.088582677 1.77117,
  3.3706683 -0.08591993 1.7714324,3.3506637 -0.077952279 1.7721693,
  3.3331064 -0.06499352 1.7732136,3.3192668 -0.047682206 1.774312,
  3.3109242 -0.029135186 1.7751134,3.3080677 -0.016787087 1.7754322,
  1.8897638 0.0039370079 1.7755818,1.8897638 0.0013123398 1.7755896,
  1.8897638 -0.0013123398 1.7755896,1.8897638 -0.0039370079 1.7755818,
  1.9744094 0.088582677 1.77117,1.9533455 0.08591993 1.7714324,
  1.9333409 0.077952279 1.7721693,1.9157836 0.06499352 1.7732136,
  1.901944 0.047682206 1.774312,1.8936014 0.029135186 1.7751134,
  1.8907449 0.016787087 1.7754322,2.5137795 0.088582677 1.77117,
  2.5348435 0.08591993 1.7714324,2.5548481 0.077952279 1.7721693,
  2.5724054 0.06499352 1.7732136,2.586245 0.047682206 1.774312,
  2.5945876 0.029135186 1.7751134,2.5974441 0.016787087 1.7754322,
  2.5984252 0.0039370079 1.7755818,2.5984252 0.0013123398 1.7755896,
  2.5984252 -0.0013123398 1.7755896,2.5984252 -0.0039370079 1.7755818,
  2.5137795 -0.088582677 1.77117,2.5348435 -0.08591993 1.7714324,
  2.5548481 -0.077952279 1.7721693,2.5724054 -0.06499352 1.7732136,
  2.586245 -0.047682206 1.774312,2.5945876 -0.029135186 1.7751134,
  2.5974441 -0.016787087 1.7754322,1.9744094 -0.088582677 1.77117,
  1.9533455 -0.08591993 1.7714324,1.9333409 -0.077952279 1.7721693,
  1.9157836 -0.06499352 1.7732136,1.901944 -0.047682206 1.774312,
  1.8936014 -0.029135186 1.7751134,1.8907449 -0.016787087 1.7754322] }
 coordIndex [
  48,4,49,-1,50,49,4,-1,51,50,4,-1,52,51,4,-1,53,52,4,-1,54,53,4,-1,44,54,4,-1,45,44,4,-1,
  55,0,4,-1,55,4,48,-1,3,45,4,-1,3,46,45,-1,3,47,46,-1,3,73,74,-1,3,74,75,-1,3,75,76,-1,
  3,76,77,-1,3,77,78,-1,3,78,79,-1,3,79,47,-1,13,56,57,-1,12,1,0,-1,12,55,56,-1,12,56,13,-1,
  12,0,55,-1,14,13,57,-1,14,57,58,-1,15,14,58,-1,15,58,59,-1,16,59,60,-1,16,15,59,-1,66,73,3,-1,
  17,16,60,-1,17,60,61,-1,18,17,61,-1,8,61,62,-1,8,62,63,-1,8,18,61,-1,9,8,63,-1,10,9,63,-1,
  10,63,64,-1,11,64,65,-1,11,65,72,-1,11,10,64,-1,19,1,12,-1,43,72,71,-1,43,11,72,-1,42,71,70,-1,
  42,43,71,-1,41,42,70,-1,41,70,69,-1,40,69,68,-1,40,41,69,-1,39,68,67,-1,39,40,68,-1,38,39,67,-1,
  37,38,67,-1,37,67,66,-1,2,37,66,-1,2,66,3,-1,7,19,20,-1,7,20,21,-1,7,21,22,-1,7,22,23,-1,
  7,23,24,-1,7,24,25,-1,7,25,26,-1,7,26,27,-1,7,27,28,-1,7,1,19,-1,6,7,28,-1,6,28,29,-1,
  6,31,30,-1,6,32,31,-1,6,33,32,-1,6,34,33,-1,6,35,34,-1,6,36,35,-1,6,29,36,-1,5,6,30,-1,
  5,30,37,-1,5,37,2,-1]
  normalPerVertex TRUE
  normal DEF NORM_39 Normal { vector [
  0.0008025228 0.24579471 0.96932158,-0.00082814602 0.24654798 0.96913023,
  0.0008025271 -0.24579472 0.96932157,-0.0056075275 -0.21890106 0.97573095,
  -0.0055125932 0.21908267 0.97569073,-0.00082814602 -0.24654798 0.96913023,
  0.0023141017 -0.12339394 0.99235507,0.0023453376 0.12284032 0.99242368,
  0 0.010173052 0.99994825,0 0.0014749305 0.99999891,
  0 -0.0009832869 0.99999952,0 -0.010173052 0.99994825,
  0 0.24316385 0.96998523,0 0.092962117 0.99566965,
  0 0.083145609 0.99653741,0 0.068021544 0.99768385,
  0 0.049638654 0.99876724,0 0.033274291 0.99944626,
  0 0.018586663 0.99982725,-0.0026472711 0.25155155 0.96784028,
  0.00060639311 0.09590739 0.99539008,0.00099798087 0.086589526 0.99624357,
  0.0017779755 0.072444902 0.99737083,0.0030666488 0.054797511 0.99849278,
  0.0046135037 0.037903476 0.99927076,0.0066504623 0.01959874 0.99978581,
  0.0077486588 0.010662258 0.99991313,0.0090005697 0.0014748708 0.99995841,
  0.0092008715 -3.2594996e-05 0.99995767,0.0077486588 -0.010662258 0.99991313,
  -0.0026472711 -0.25155155 0.96784028,0.00060639311 -0.09590739 0.99539008,
  0.00099798087 -0.086589526 0.99624357,0.0017779755 -0.072444902 0.99737083,
  0.0030666488 -0.054797511 0.99849278,0.0046135037 -0.037903476 0.99927076,
  0.0066504623 -0.01959874 0.99978581,0 -0.24316385 0.96998523,
  0 -0.093585491 0.99561125,0 -0.086891469 0.99621778,
  0 -0.073619099 0.99728643,0 -0.056384374 0.99840914,
  0 -0.038873823 0.99924413,0 -0.020974219 0.99978002,
  -0.089298016 0.015791371 0.99587976,-0.11632564 3.2122561e-05 0.99321113,
  -0.11382665 -0.0014653444 0.99349955,-0.089298775 -0.015791419 0.99587969,
  -7.9535516e-05 0.11462673 0.99340863,-0.0024876897 0.10310748 0.99466711,
  -0.0052874118 0.094228671 0.99553654,-0.011173178 0.082132365 0.9965588,
  -0.022597031 0.06682699 0.99750866,-0.0395916 0.050534257 0.99793727,
  -0.068969359 0.029041593 0.99719598,0.0023209395 0.24419758 0.96972272,
  0 0.094518293 0.99552312,0 0.086891469 0.99621778,
  0 0.073619099 0.99728643,0 0.056384374 0.99840914,
  0 0.038873823 0.99924413,0 0.018605749 0.9998269,
  0 0.010171359 0.99994827,0 0.0014749305 0.99999891,
  0 -0.0019665738 0.99999807,0 -0.010171359 0.99994827,
  0.0023209518 -0.24419759 0.96972272,0 -0.093641261 0.995606,
  0 -0.083145609 0.99653741,0 -0.068021544 0.99768385,
  0 -0.049638654 0.99876724,0 -0.033274291 0.99944626,
  0 -0.016247198 0.99986801,-7.9539482e-05 -0.11462756 0.99340853,
  -0.0024878012 -0.1031079 0.99466707,-0.0052875824 -0.094228975 0.99553651,
  -0.011173415 -0.082132609 0.99655877,-0.022597357 -0.066827191 0.99750864,
  -0.03959204 -0.050534416 0.99793724,-0.068969985 -0.029041688 0.99719593] }
}
}
DEF SHAPE_40 Shape {
 appearance USE APP_3
 geometry DEF FACE_40 IndexedFaceSet {
  coord DEF COORD_40 Coordinate { point [
  1.744355 -0.32838907 1.6786281,1.7681072 -0.33494817 1.6944632,
  1.7957468 -0.33910798 1.7045058,1.8248114 -0.34049786 1.7078613,
  1.8248114 -0.1161377 1.7679785,1.8248114 0.11613739 1.7679786,
  1.8248114 0.34049786 1.7078613,1.744355 0.32838907 1.6786281,
  1.7681072 0.33494817 1.6944632,1.7957468 0.33910798 1.7045058,
  1.744355 -0.11200762 1.7366075,1.744355 0.11200732 1.7366075,
  1.781584 -1.789279e-07 1.7673954] }
 coordIndex [
  10,0,1,-1,10,1,2,-1,4,2,3,-1,4,10,2,-1,8,7,11,-1,9,11,5,-1,9,8,11,-1,6,9,5,-1,
  12,4,5,-1,12,11,10,-1,12,10,4,-1,12,5,11,-1]
  normalPerVertex TRUE
  normal DEF NORM_40 Normal { vector [
  -0.58185606 -0.21049571 0.78557945,-0.47443464 -0.21205463 0.85436796,
  -0.3163277 -0.22113917 0.92251518,-0.12295206 -0.25685566 0.95859687,
  -0.25836017 -0.15783697 0.95306742,-0.25836021 0.15783677 0.95306745,
  -0.12295206 0.25685556 0.9585969,-0.58185606 0.21049564 0.78557948,
  -0.47443463 0.21205457 0.85436798,-0.31632769 0.22113911 0.9225152,
  -0.45123732 -0.15566275 0.87872293,-0.45123727 0.15566259 0.87872298,
  -0.36327571 -2.4347203e-07 0.93168168] }
}
}
DEF SHAPE_41 Shape {
 appearance USE APP_3
 geometry DEF FACE_41 IndexedFaceSet {
  coord DEF COORD_41 Coordinate { point [
  1.4839915 -0.32838907 1.6786281,1.522619 -0.31773531 1.6529077,
  1.5669298 -0.31106648 1.6368077,1.6141732 -0.30879657 1.6313276,
  1.6614167 -0.31106648 1.6368077,1.7057275 -0.31773531 1.6529077,
  1.744355 -0.32838907 1.6786281,1.4839915 -0.11200762 1.7366075,
  1.4839915 0.11200732 1.7366075,1.4839915 0.32838907 1.6786281,
  1.522619 0.31773531 1.6529077,1.5669298 0.31106648 1.6368077,
  1.6141732 0.30879657 1.6313276,1.6614167 0.31106648 1.6368077,
  1.7057275 0.31773531 1.6529077,1.744355 0.32838907 1.6786281,
  1.744355 -0.11200762 1.7366075,1.744355 0.11200732 1.7366075,
  1.5669298 0.10609898 1.6917286,1.6614167 0.10609898 1.6917286,
  1.6141732 -0.10532476 1.6858478] }
 coordIndex [
  7,0,1,-1,7,1,2,-1,16,4,5,-1,16,5,6,-1,10,9,8,-1,15,14,17,-1,18,8,7,-1,18,11,10,-1,
  18,12,11,-1,18,10,8,-1,19,13,12,-1,19,14,13,-1,19,16,17,-1,19,12,18,-1,19,17,14,-1,20,2,3,-1,
  20,3,4,-1,20,18,7,-1,20,7,2,-1,20,4,16,-1,20,19,18,-1,20,16,19,-1]
  normalPerVertex TRUE
  normal DEF NORM_41 Normal { vector [
  0.58138327 -0.2105832 0.78590598,0.47719278 -0.25282356 0.84164559,
  0.31590868 -0.28735227 0.90422916,0 -0.25881905 0.96592583,
  -0.31590868 -0.28735227 0.90422916,-0.47719278 -0.25282356 0.84164559,
  -0.58138327 -0.2105832 0.78590598,0.41438408 -0.12413025 0.9015972,
  0.50100008 0.14371493 0.85343127,0.58138327 0.21058313 0.785906,
  0.47660762 0.24057212 0.84555912,0.24522204 0.25091651 0.93643316,
  0 0.27220203 0.96224012,-0.24522204 0.25091651 0.93643316,
  -0.47660762 0.24057212 0.84555912,-0.58138327 0.21058313 0.785906,
  -0.41438408 -0.12413025 0.9015972,-0.50100008 0.14371493 0.85343127,
  0.27749344 0.1331715 0.95145296,-0.27749344 0.1331715 0.95145296,
  0 -0.13412355 0.99096462] }
}
}
DEF SHAPE_42 Shape {
 appearance USE APP_3
 geometry DEF FACE_42 IndexedFaceSet {
  coord DEF COORD_42 Coordinate { point [
  1.0629921 0 0.66437008,1.0629921 0.05731721 0.67191603,
  1.0629921 0.11072835 0.69403965,1.0629921 0.15659353 0.72923324,
  1.0629921 0.19178712 0.77509843,1.0629921 0.21391074 0.82850956,
  1.0629921 0.22145669 0.88582677,1.0629921 0.21391074 0.94314398,
  1.0629921 0.19178712 0.99655512,1.0629921 0.15659353 1.0424203,
  1.0629921 0.11072835 1.0776139,1.0629921 0.05731721 1.0997375,
  1.0629921 0 1.1072835,1.0629921 -0.05731721 1.0997375,
  1.0629921 -0.11072835 1.0776139,1.0629921 -0.15659353 1.0424203,
  1.0629921 -0.19178712 0.99655512,1.0629921 -0.21391074 0.94314398,
  1.0629921 -0.22145669 0.88582677,1.0629921 -0.21391074 0.82850956,
  1.0629921 -0.19178712 0.77509843,1.0629921 -0.15659353 0.72923324,
  1.0629921 -0.11072835 0.69403965,1.0629921 -0.05731721 0.67191603,
  1.0629921 0 0.66437008,1.003937 0 0.66437008,
  1.003937 0.05731721 0.67191603,1.003937 0.11072835 0.69403965,
  1.003937 0.15659353 0.72923324,1.003937 0.19178712 0.77509843,
  1.003937 0.21391074 0.82850956,1.003937 0.22145669 0.88582677,
  1.003937 0.21391074 0.94314398,1.003937 0.19178712 0.99655512,
  1.003937 0.15659353 1.0424203,1.003937 0.11072835 1.0776139,
  1.003937 0.05731721 1.0997375,1.003937 0 1.1072835,
  1.003937 -0.05731721 1.0997375,1.003937 -0.11072835 1.0776139,
  1.003937 -0.15659353 1.0424203,1.003937 -0.19178712 0.99655512,
  1.003937 -0.21391074 0.94314398,1.003937 -0.22145669 0.88582677,
  1.003937 -0.21391074 0.82850956,1.003937 -0.19178712 0.77509843,
  1.003937 -0.15659353 0.72923324,1.003937 -0.11072835 0.69403965,
  1.003937 -0.05731721 0.67191603,1.003937 0 0.66437008] }
 coordIndex [
  1,0,25,-1,1,25,26,-1,2,26,27,-1,2,1,26,-1,3,27,28,-1,3,2,27,-1,4,28,29,-1,4,3,28,-1,
  5,29,30,-1,5,4,29,-1,6,30,31,-1,6,5,30,-1,7,31,32,-1,7,6,31,-1,8,32,33,-1,8,7,32,-1,
  9,33,34,-1,9,8,33,-1,10,34,35,-1,10,9,34,-1,11,35,36,-1,11,10,35,-1,12,36,37,-1,12,11,36,-1,
  13,12,37,-1,13,37,38,-1,13,38,39,-1,14,13,39,-1,15,14,39,-1,15,39,40,-1,16,15,40,-1,16,40,41,-1,
  17,16,41,-1,17,41,42,-1,18,17,42,-1,18,42,43,-1,19,18,43,-1,19,43,44,-1,20,19,44,-1,20,44,45,-1,
  20,45,46,-1,21,20,46,-1,22,21,46,-1,22,46,47,-1,23,22,47,-1,23,47,48,-1,24,23,48,-1,24,48,49,-1]
  normalPerVertex TRUE
  normal DEF NORM_42 Normal { vector [
  0 0.13052619 -0.99144486,0 0.21622209 -0.9763442,
  0 0.46155098 -0.88711369,0 0.67542593 -0.73742784,
  0 0.84327172 -0.5374875,0 0.95364993 -0.30091828,
  0 0.99903848 -0.04384197,0 0.9763442 0.21622209,
  0 0.88711369 0.46155098,0 0.73742784 0.67542593,
  0 0.5374875 0.84327172,0 0.30091828 0.95364993,
  0 0.04384197 0.99903848,0 -0.25881905 0.96592583,
  0 -0.5 0.8660254,0 -0.67542593 0.73742784,
  0 -0.84327172 0.5374875,0 -0.95364993 0.30091828,
  0 -0.99903848 0.04384197,0 -0.9763442 -0.21622209,
  0 -0.8660254 -0.5,0 -0.70710678 -0.70710678,
  0 -0.5374875 -0.84327172,0 -0.30091828 -0.95364993,
  0 -0.13052619 -0.99144486,0 0.13052619 -0.99144486,
  0 0.30091828 -0.95364993,0 0.5374875 -0.84327172,
  0 0.73742784 -0.67542593,0 0.88711369 -0.46155098,
  0 0.9763442 -0.21622209,0 0.99903848 0.04384197,
  0 0.95364993 0.30091828,0 0.84327172 0.5374875,
  0 0.67542593 0.73742784,0 0.46155098 0.88711369,
  0 0.21622209 0.9763442,0 -0.04384197 0.99903848,
  0 -0.25881905 0.96592583,0 -0.5 0.8660254,
  0 -0.73742784 0.67542593,0 -0.88711369 0.46155098,
  0 -0.9763442 0.21622209,0 -0.99903848 -0.04384197,
  0 -0.95364993 -0.30091828,0 -0.8660254 -0.5,
  0 -0.70710678 -0.70710678,0 -0.46155098 -0.88711369,
  0 -0.21622209 -0.9763442,0 -0.13052619 -0.99144486] }
}
}
DEF SHAPE_43 Shape {
 appearance USE APP_4
 geometry DEF FACE_43 IndexedFaceSet {
  coord DEF COORD_43 Coordinate { point [
  4.9212598 0.23729386 1.4587048,4.8818898 0.23729386 1.4587048,
  4.9212598 0.37748002 1.3777683,4.9212598 0.49194154 1.2633068,
  4.9212598 0.57287806 1.1231206,4.9212598 0.61477388 0.96676329,
  4.9212598 0.61477388 0.80489025,4.9212598 0.57287806 0.64853291,
  4.9212598 0.49194154 0.50834675,4.9212598 0.37748002 0.39388523,
  4.9212598 0.23729386 0.31294872,4.9212598 0.080936517 0.27105289,
  4.9212598 -0.080936517 0.27105289,4.9212598 -0.23729386 0.31294872,
  4.9212598 -0.37748002 0.39388523,4.9212598 -0.49194154 0.50834675,
  4.9212598 -0.57287806 0.64853291,4.9212598 -0.61477388 0.80489025,
  4.9212598 -0.61477388 0.96676329,4.9212598 -0.57287806 1.1231206,
  4.9212598 -0.49194154 1.2633068,4.9212598 -0.37748002 1.3777683,
  4.9212598 -0.23729386 1.4587048,4.8818898 -0.23729386 1.4587048,
  4.8818898 -0.37159934 1.3822254,4.8818898 -0.48281906 1.274907,
  4.8818898 -0.56404346 1.1434168,4.8818898 -0.61022644 0.99592373,
  4.8818898 -0.61849885 0.84159086,4.8818898 -0.58834678 0.69000616,
  4.8818898 -0.52164343 0.55058689,4.8818898 -0.42253278 0.43199454,
  4.8818898 -0.29717211 0.34159669,4.8818898 -0.1533495 0.28500935,
  4.8818898 0 0.26574803,4.8818898 0.1533495 0.28500935,
  4.8818898 0.29717211 0.34159669,4.8818898 0.42253278 0.43199454,
  4.8818898 0.52164343 0.55058689,4.8818898 0.58834678 0.69000616,
  4.8818898 0.61849885 0.84159086,4.8818898 0.61022644 0.99592373,
  4.8818898 0.56404346 1.1434168,4.8818898 0.48281906 1.274907,
  4.8818898 0.37159934 1.3822254] }
 coordIndex [
  44,0,1,-1,44,2,0,-1,43,3,2,-1,43,2,44,-1,42,4,3,-1,42,3,43,-1,41,5,4,-1,41,4,42,-1,
  40,6,5,-1,40,5,41,-1,39,7,6,-1,39,6,40,-1,38,8,7,-1,38,7,39,-1,37,9,8,-1,37,8,38,-1,
  36,10,9,-1,36,9,37,-1,35,11,10,-1,35,10,36,-1,34,12,11,-1,34,11,35,-1,33,13,12,-1,33,12,34,-1,
  32,14,13,-1,32,13,33,-1,31,14,32,-1,31,15,14,-1,30,15,31,-1,30,16,15,-1,29,16,30,-1,29,17,16,-1,
  28,18,17,-1,28,17,29,-1,27,18,28,-1,27,19,18,-1,26,20,19,-1,26,19,27,-1,25,21,20,-1,25,20,26,-1,
  24,22,21,-1,24,21,25,-1,23,22,24,-1]
  normalPerVertex TRUE
  normal DEF NORM_43 Normal { vector [
  -0.011948126 -0.49744555 -0.86741292,0 -0.49483834 -0.86898505,
  -0.015887751 -0.6373993 -0.77036985,-0.023015215 -0.81271112 -0.5822121,
  -0.029347025 -0.93418421 -0.35558207,-0.034883871 -0.99380678 -0.10550447,
  -0.039626744 -0.98766836 0.15146263,-0.043576783 -0.91620917 0.39832377,
  -0.046735141 -0.78418298 0.61876723,-0.049102872 -0.60033725 0.79823812,
  -0.050680844 -0.37683232 0.92489397,-0.051469671 -0.1284382 0.99038099,
  -0.051469671 0.1284382 0.99038099,-0.050680844 0.37683232 0.92489397,
  -0.049102872 0.60033725 0.79823812,-0.046735141 0.78418298 0.61876723,
  -0.043576783 0.91620917 0.39832377,-0.039626744 0.98766836 0.15146263,
  -0.034883871 0.99380678 -0.10550447,-0.029347025 0.93418421 -0.35558207,
  -0.023015215 0.81271112 -0.5822121,-0.015887751 0.6373993 -0.77036985,
  -0.011948126 0.49744555 -0.86741292,0 0.49483834 -0.86898505,
  -0.00073108659 0.56588667 -0.82448271,0.0059210337 0.75489457 -0.65581944,
  0.011871389 0.89542188 -0.44506036,0.01711997 0.97845302 -0.20575857,
  0.021667076 0.99867346 0.046710285,0.0255132 0.95480461 0.2961372,
  0.02865893 0.84967981 0.52651959,0.031104861 0.69005783 0.72308553,
  0.032851527 0.48618623 0.8732375,0.033899348 0.25114322 0.96735615,
  0.034248591 0 0.99941334,0.033899348 -0.25114322 0.96735615,
  0.032851527 -0.48618623 0.8732375,0.031104861 -0.69005783 0.72308553,
  0.02865893 -0.84967981 0.52651959,0.0255132 -0.95480461 0.2961372,
  0.021667076 -0.99867346 0.046710285,0.01711997 -0.97845302 -0.20575857,
  0.011871389 -0.89542188 -0.44506036,0.0059210337 -0.75489457 -0.65581944,
  -0.00073108659 -0.56588667 -0.82448271] }
}
}
DEF SHAPE_44 Shape {
 appearance USE APP_3
 geometry DEF FACE_44 IndexedFaceSet {
  coord DEF COORD_44 Coordinate { point [
  4.8818898 0 0.26574803,4.8818898 0.1533495 0.28500935,
  4.8818898 0.29717211 0.34159669,4.8818898 0.42253278 0.43199454,
  4.8818898 0.52164343 0.55058689,4.8818898 0.58834678 0.69000616,
  4.8818898 0.61849885 0.84159086,4.8818898 0.61022644 0.99592373,
  4.8818898 0.56404346 1.1434168,4.8818898 0.48281906 1.274907,
  4.8818898 0.37159934 1.3822254,4.8818898 0.23729386 1.4587048,
  4.8818898 0.12097136 1.4939909,4.8818898 0 1.5059055,
  4.8818898 -0.12097136 1.4939909,4.8818898 -0.23729386 1.4587048,
  4.8818898 -0.37159934 1.3822254,4.8818898 -0.48281906 1.274907,
  4.8818898 -0.56404346 1.1434168,4.8818898 -0.61022644 0.99592373,
  4.8818898 -0.61849885 0.84159086,4.8818898 -0.58834678 0.69000616,
  4.8818898 -0.52164343 0.55058689,4.8818898 -0.42253278 0.43199454,
  4.8818898 -0.29717211 0.34159669,4.8818898 -0.1533495 0.28500935,
  4.8818898 0 0.66437008,4.8818898 0.05731721 0.67191603,
  4.8818898 0.11072835 0.69403965,4.8818898 0.15659353 0.72923324,
  4.8818898 0.19178712 0.77509843,4.8818898 0.21391074 0.82850956,
  4.8818898 0.22145669 0.88582677,4.8818898 0.21391074 0.94314398,
  4.8818898 0.19178712 0.99655512,4.8818898 0.15659353 1.0424203,
  4.8818898 0.11072835 1.0776139,4.8818898 0.05731721 1.0997375,
  4.8818898 0 1.1072835,4.8818898 -0.05731721 1.0997375,
  4.8818898 -0.11072835 1.0776139,4.8818898 -0.15659353 1.0424203,
  4.8818898 -0.19178712 0.99655512,4.8818898 -0.21391074 0.94314398,
  4.8818898 -0.22145669 0.88582677,4.8818898 -0.21391074 0.82850956,
  4.8818898 -0.19178712 0.77509843,4.8818898 -0.15659353 0.72923324,
  4.8818898 -0.11072835 0.69403965,4.8818898 -0.05731721 0.67191603] }
 coordIndex [
  47,22,23,-1,48,23,24,-1,48,47,23,-1,46,21,22,-1,46,22,47,-1,49,24,25,-1,49,48,24,-1,45,20,21,-1,
  45,21,46,-1,26,0,1,-1,26,25,0,-1,26,49,25,-1,44,19,20,-1,44,20,45,-1,27,1,2,-1,27,26,1,-1,
  43,18,19,-1,43,19,44,-1,42,17,18,-1,42,18,43,-1,28,27,2,-1,3,28,2,-1,41,17,42,-1,29,28,3,-1,
  16,17,41,-1,16,41,40,-1,4,30,29,-1,4,29,3,-1,15,16,40,-1,15,40,39,-1,5,31,30,-1,5,30,4,-1,
  14,15,39,-1,14,39,38,-1,6,31,5,-1,6,32,31,-1,13,14,38,-1,7,32,6,-1,7,33,32,-1,12,38,37,-1,
  12,13,38,-1,11,37,36,-1,11,12,37,-1,8,34,33,-1,8,33,7,-1,10,36,35,-1,10,11,36,-1,9,34,8,-1,
  9,35,34,-1,9,10,35,-1]
  normalPerVertex TRUE
  normal DEF NORM_44 Normal { vector [
  1 0 0,1 0 0,
  1 0 0,1 0 0,
  1 0 0,1 0 0,
  1 0 0,1 0 0,
  1 0 0,1 0 0,
  1 0 0,1 0 0,
  1 0 0,1 0 0,
  1 0 0,1 0 0,
  1 0 0,1 0 0,
  1 0 0,1 0 0,
  1 0 0,1 0 0,
  1 0 0,1 0 0,
  1 0 0,1 0 0,
  1 0 0,1 0 0,
  1 0 0,1 0 0,
  1 0 0,1 0 0,
  1 0 0,1 0 0,
  1 0 0,1 0 0,
  1 0 0,1 0 0,
  1 0 0,1 0 0,
  1 0 0,1 0 0,
  1 0 0,1 0 0,
  1 0 0,1 0 0,
  1 0 0,1 0 0,
  1 0 0,1 0 0] }
}
}
DEF SHAPE_45 Shape {
 appearance DEF APP_5 Appearance {
  material Material {
   ambientIntensity 0.70417339
   diffuseColor 0.14509805 0.14117648 0.14117648
   emissiveColor 0 0 0
   shininess 0.1
   specularColor 0.12 0.12 0.12
   transparency 0
} }
 geometry DEF FACE_45 IndexedFaceSet {
  coord DEF COORD_45 Coordinate { point [
  3.3917323 -0.088582677 1.7731385,3.3917323 -0.088582677 1.77117,
  3.3706683 -0.08591993 1.7734009,3.3506637 -0.077952279 1.7741378,
  3.3331064 -0.06499352 1.7751821,3.3192668 -0.047682206 1.7762805,
  3.3109242 -0.029135186 1.7770819,3.3080677 -0.016787087 1.7774007,
  3.3070866 -0.0039370079 1.7775503,3.3070866 -0.0039370079 1.7755818,
  3.3706683 -0.08591993 1.7714324,3.3506637 -0.077952279 1.7721693,
  3.3331064 -0.06499352 1.7732136,3.3192668 -0.047682206 1.774312,
  3.3109242 -0.029135186 1.7751134,3.3080677 -0.016787087 1.7754322] }
 coordIndex [
  10,1,0,-1,10,0,2,-1,11,2,3,-1,11,10,2,-1,12,3,4,-1,12,11,3,-1,13,4,5,-1,13,12,4,-1,
  14,5,6,-1,14,13,5,-1,15,6,7,-1,15,14,6,-1,9,7,8,-1,9,15,7,-1]
  normalPerVertex TRUE
  normal DEF NORM_45 Normal { vector [
  -0.12541449 -0.99210443 0,-0.12541449 -0.99210443 0,
  -0.29131272 -0.95662788 0,-0.5237125 -0.85189507 0,
  -0.72473926 -0.68902323 0,-0.87211098 -0.48930812 0,
  -0.95102381 -0.30911764 0,-0.99207548 -0.12564334 0,
  -0.99709815 -0.076126783 0,-0.99709815 -0.076126783 0,
  -0.20921355 -0.97786998 0,-0.44858893 -0.8937382 0,
  -0.66191414 -0.74957966 0,-0.82789216 -0.5608873 0,
  -0.92999429 -0.36757396 0,-0.9844754 -0.17552263 0] }
}
}
DEF SHAPE_46 Shape {
 appearance USE APP_5
 geometry DEF FACE_46 IndexedFaceSet {
  coord DEF COORD_46 Coordinate { point [
  3.3070866 0.0039370079 1.7775503,3.3070866 0.0013123398 1.7775581,
  3.3070866 -0.0013123398 1.7775581,3.3070866 -0.0039370079 1.7775503,
  3.3070866 -0.0039370079 1.7755818,3.3070866 0.0039370079 1.7755818,
  3.3070866 0.0013123398 1.7755896,3.3070866 -0.0013123398 1.7755896] }
 coordIndex [
  7,3,2,-1,7,4,3,-1,6,2,1,-1,6,7,2,-1,0,6,1,-1,5,6,0,-1]
  normalPerVertex TRUE
  normal DEF NORM_46 Normal { vector [
  0 0 1,0 0 1,
  -1 0 0,0 0 1,
  0 0 1,0 0 1,
  -1 0 0,-1 0 0] }
}
}
DEF SHAPE_47 Shape {
 appearance USE APP_5
 geometry DEF FACE_47 IndexedFaceSet {
  coord DEF COORD_47 Coordinate { point [
  3.3917323 0.088582677 1.77117,3.3706683 0.08591993 1.7714324,
  3.3506637 0.077952279 1.7721693,3.3331064 0.06499352 1.7732136,
  3.3192668 0.047682206 1.774312,3.3109242 0.029135186 1.7751134,
  3.3080677 0.016787087 1.7754322,3.3070866 0.0039370079 1.7755818,
  3.3070866 0.0039370079 1.7775503,3.3917323 0.088582677 1.7731385,
  3.3706683 0.08591993 1.7734009,3.3506637 0.077952279 1.7741378,
  3.3331064 0.06499352 1.7751821,3.3192668 0.047682206 1.7762805,
  3.3109242 0.029135186 1.7770819,3.3080677 0.016787087 1.7774007] }
 coordIndex [
  15,7,8,-1,6,7,15,-1,14,6,15,-1,5,6,14,-1,13,5,14,-1,4,5,13,-1,12,4,13,-1,3,4,12,-1,
  11,3,12,-1,2,3,11,-1,10,2,11,-1,1,2,10,-1,9,1,10,-1,0,1,9,-1]
  normalPerVertex TRUE
  normal DEF NORM_47 Normal { vector [
  -0.12541449 0.99210443 0,-0.20921355 0.97786998 0,
  -0.44858893 0.8937382 0,-0.66191414 0.74957966 0,
  -0.82789216 0.5608873 0,-0.92999429 0.36757396 0,
  -0.9844754 0.17552263 0,-0.99709815 0.076126783 0,
  -0.99709815 0.076126783 0,-0.12541449 0.99210443 0,
  -0.29131272 0.95662788 0,-0.5237125 0.85189507 0,
  -0.72473926 0.68902323 0,-0.87211098 0.48930812 0,
  -0.95102381 0.30911764 0,-0.99207548 0.12564334 0] }
}
}
DEF SHAPE_48 Shape {
 appearance USE APP_5
 geometry DEF FACE_48 IndexedFaceSet {
  coord DEF COORD_48 Coordinate { point [
  3.3917323 0.088582677 1.77117,3.9311024 0.088582677 1.77117,
  3.3917323 0.088582677 1.7731385,3.9311024 0.088582677 1.7731385] }
 coordIndex [
  0,2,3,-1,0,3,1,-1]
  normalPerVertex TRUE
  normal DEF NORM_48 Normal { vector [
  0 1 0,0 1 0,
  0 1 0,0 1 0] }
}
}
DEF SHAPE_49 Shape {
 appearance USE APP_5
 geometry DEF FACE_49 IndexedFaceSet {
  coord DEF COORD_49 Coordinate { point [
  3.9311024 0.088582677 1.7731385,3.9311024 0.088582677 1.77117,
  3.9521663 0.08591993 1.7734009,3.972171 0.077952279 1.7741378,
  3.9897282 0.06499352 1.7751821,4.0035678 0.047682206 1.7762805,
  4.0119104 0.029135186 1.7770819,4.0147669 0.016787087 1.7774007,
  4.015748 0.0039370079 1.7775503,4.015748 0.0039370079 1.7755818,
  3.9521663 0.08591993 1.7714324,3.972171 0.077952279 1.7721693,
  3.9897282 0.06499352 1.7732136,4.0035678 0.047682206 1.774312,
  4.0119104 0.029135186 1.7751134,4.0147669 0.016787087 1.7754322] }
 coordIndex [
  10,1,0,-1,10,0,2,-1,11,2,3,-1,11,10,2,-1,12,3,4,-1,12,11,3,-1,13,4,5,-1,13,12,4,-1,
  14,5,6,-1,14,13,5,-1,15,6,7,-1,15,14,6,-1,9,7,8,-1,9,15,7,-1]
  normalPerVertex TRUE
  normal DEF NORM_49 Normal { vector [
  0.12541449 0.99210443 0,0.12541449 0.99210443 0,
  0.29131272 0.95662788 0,0.5237125 0.85189507 0,
  0.72473926 0.68902323 0,0.87211098 0.48930812 0,
  0.95102381 0.30911764 0,0.99207548 0.12564334 0,
  0.99709815 0.076126783 0,0.99709815 0.076126783 0,
  0.20921355 0.97786998 0,0.44858893 0.8937382 0,
  0.66191414 0.74957966 0,0.82789216 0.5608873 0,
  0.92999429 0.36757396 0,0.9844754 0.17552263 0] }
}
}
DEF SHAPE_50 Shape {
 appearance USE APP_5
 geometry DEF FACE_50 IndexedFaceSet {
  coord DEF COORD_50 Coordinate { point [
  4.015748 0.0039370079 1.7775503,4.015748 0.0013123398 1.7775581,
  4.015748 -0.0013123398 1.7775581,4.015748 -0.0039370079 1.7775503,
  4.015748 -0.0039370079 1.7755818,4.015748 0.0039370079 1.7755818,
  4.015748 0.0013123398 1.7755896,4.015748 -0.0013123398 1.7755896] }
 coordIndex [
  7,2,3,-1,7,3,4,-1,6,1,2,-1,6,2,7,-1,0,1,6,-1,5,0,6,-1]
  normalPerVertex TRUE
  normal DEF NORM_50 Normal { vector [
  0 0 1,0 0 1,
  1 0 0,0 0 1,
  0 0 1,0 0 1,
  1 0 0,1 0 0] }
}
}
DEF SHAPE_51 Shape {
 appearance USE APP_5
 geometry DEF FACE_51 IndexedFaceSet {
  coord DEF COORD_51 Coordinate { point [
  3.9311024 -0.088582677 1.77117,3.9521663 -0.08591993 1.7714324,
  3.972171 -0.077952279 1.7721693,3.9897282 -0.06499352 1.7732136,
  4.0035678 -0.047682206 1.774312,4.0119104 -0.029135186 1.7751134,
  4.0147669 -0.016787087 1.7754322,4.015748 -0.0039370079 1.7755818,
  4.015748 -0.0039370079 1.7775503,3.9311024 -0.088582677 1.7731385,
  3.9521663 -0.08591993 1.7734009,3.972171 -0.077952279 1.7741378,
  3.9897282 -0.06499352 1.7751821,4.0035678 -0.047682206 1.7762805,
  4.0119104 -0.029135186 1.7770819,4.0147669 -0.016787087 1.7774007] }
 coordIndex [
  15,7,8,-1,6,7,15,-1,14,6,15,-1,5,6,14,-1,13,5,14,-1,4,5,13,-1,12,4,13,-1,3,4,12,-1,
  11,3,12,-1,2,3,11,-1,10,2,11,-1,1,2,10,-1,9,1,10,-1,0,1,9,-1]
  normalPerVertex TRUE
  normal DEF NORM_51 Normal { vector [
  0.12541449 -0.99210443 0,0.20921355 -0.97786998 0,
  0.44858893 -0.8937382 0,0.66191414 -0.74957966 0,
  0.82789216 -0.5608873 0,0.92999429 -0.36757396 0,
  0.9844754 -0.17552263 0,0.99709815 -0.076126783 0,
  0.99709815 -0.076126783 0,0.12541449 -0.99210443 0,
  0.29131272 -0.95662788 0,0.5237125 -0.85189507 0,
  0.72473926 -0.68902323 0,0.87211098 -0.48930812 0,
  0.95102381 -0.30911764 0,0.99207548 -0.12564334 0] }
}
}
DEF SHAPE_52 Shape {
 appearance USE APP_5
 geometry DEF FACE_52 IndexedFaceSet {
  coord DEF COORD_52 Coordinate { point [
  3.3917323 -0.088582677 1.77117,3.9311024 -0.088582677 1.77117,
  3.3917323 -0.088582677 1.7731385,3.9311024 -0.088582677 1.7731385] }
 coordIndex [
  0,3,2,-1,0,1,3,-1]
  normalPerVertex TRUE
  normal DEF NORM_52 Normal { vector [
  0 -1 0,0 -1 0,
  0 -1 0,0 -1 0] }
}
}
DEF SHAPE_53 Shape {
 appearance USE APP_5
 geometry DEF FACE_53 IndexedFaceSet {
  coord DEF COORD_53 Coordinate { point [
  1.9744094 -0.088582677 1.7731385,1.9744094 -0.088582677 1.77117,
  1.9533455 -0.08591993 1.7734009,1.9333409 -0.077952279 1.7741378,
  1.9157836 -0.06499352 1.7751821,1.901944 -0.047682206 1.7762805,
  1.8936014 -0.029135186 1.7770819,1.8907449 -0.016787087 1.7774007,
  1.8897638 -0.0039370079 1.7775503,1.8897638 -0.0039370079 1.7755818,
  1.9533455 -0.08591993 1.7714324,1.9333409 -0.077952279 1.7721693,
  1.9157836 -0.06499352 1.7732136,1.901944 -0.047682206 1.774312,
  1.8936014 -0.029135186 1.7751134,1.8907449 -0.016787087 1.7754322] }
 coordIndex [
  10,1,0,-1,10,0,2,-1,11,2,3,-1,11,10,2,-1,12,3,4,-1,12,11,3,-1,13,4,5,-1,13,12,4,-1,
  14,5,6,-1,14,13,5,-1,15,6,7,-1,15,14,6,-1,9,7,8,-1,9,15,7,-1]
  normalPerVertex TRUE
  normal DEF NORM_53 Normal { vector [
  -0.12541449 -0.99210443 0,-0.12541449 -0.99210443 0,
  -0.29131272 -0.95662788 0,-0.5237125 -0.85189507 0,
  -0.72473926 -0.68902323 0,-0.87211098 -0.48930812 0,
  -0.95102381 -0.30911764 0,-0.99207548 -0.12564334 0,
  -0.99709815 -0.076126783 0,-0.99709815 -0.076126783 0,
  -0.20921355 -0.97786998 0,-0.44858893 -0.8937382 0,
  -0.66191414 -0.74957966 0,-0.82789216 -0.5608873 0,
  -0.92999429 -0.36757396 0,-0.9844754 -0.17552263 0] }
}
}
DEF SHAPE_54 Shape {
 appearance USE APP_5
 geometry DEF FACE_54 IndexedFaceSet {
  coord DEF COORD_54 Coordinate { point [
  1.8897638 0.0039370079 1.7775503,1.8897638 0.0013123398 1.7775581,
  1.8897638 -0.0013123398 1.7775581,1.8897638 -0.0039370079 1.7775503,
  1.8897638 -0.0039370079 1.7755818,1.8897638 0.0039370079 1.7755818,
  1.8897638 0.0013123398 1.7755896,1.8897638 -0.0013123398 1.7755896] }
 coordIndex [
  7,3,2,-1,7,4,3,-1,6,2,1,-1,6,7,2,-1,0,6,1,-1,5,6,0,-1]
  normalPerVertex TRUE
  normal DEF NORM_54 Normal { vector [
  0 0 1,0 0 1,
  -1 0 0,0 0 1,
  0 0 1,0 0 1,
  -1 0 0,-1 0 0] }
}
}
DEF SHAPE_55 Shape {
 appearance USE APP_5
 geometry DEF FACE_55 IndexedFaceSet {
  coord DEF COORD_55 Coordinate { point [
  1.9744094 0.088582677 1.77117,1.9533455 0.08591993 1.7714324,
  1.9333409 0.077952279 1.7721693,1.9157836 0.06499352 1.7732136,
  1.901944 0.047682206 1.774312,1.8936014 0.029135186 1.7751134,
  1.8907449 0.016787087 1.7754322,1.8897638 0.0039370079 1.7755818,
  1.8897638 0.0039370079 1.7775503,1.9744094 0.088582677 1.7731385,
  1.9533455 0.08591993 1.7734009,1.9333409 0.077952279 1.7741378,
  1.9157836 0.06499352 1.7751821,1.901944 0.047682206 1.7762805,
  1.8936014 0.029135186 1.7770819,1.8907449 0.016787087 1.7774007] }
 coordIndex [
  15,7,8,-1,6,7,15,-1,14,6,15,-1,5,6,14,-1,13,5,14,-1,4,5,13,-1,12,4,13,-1,3,4,12,-1,
  11,3,12,-1,2,3,11,-1,10,2,11,-1,1,2,10,-1,9,1,10,-1,0,1,9,-1]
  normalPerVertex TRUE
  normal DEF NORM_55 Normal { vector [
  -0.12541449 0.99210443 0,-0.20921355 0.97786998 0,
  -0.44858893 0.8937382 0,-0.66191414 0.74957966 0,
  -0.82789216 0.5608873 0,-0.92999429 0.36757396 0,
  -0.9844754 0.17552263 0,-0.99709815 0.076126783 0,
  -0.99709815 0.076126783 0,-0.12541449 0.99210443 0,
  -0.29131272 0.95662788 0,-0.5237125 0.85189507 0,
  -0.72473926 0.68902323 0,-0.87211098 0.48930812 0,
  -0.95102381 0.30911764 0,-0.99207548 0.12564334 0] }
}
}
DEF SHAPE_56 Shape {
 appearance USE APP_5
 geometry DEF FACE_56 IndexedFaceSet {
  coord DEF COORD_56 Coordinate { point [
  1.9744094 0.088582677 1.77117,2.5137795 0.088582677 1.77117,
  1.9744094 0.088582677 1.7731385,2.5137795 0.088582677 1.7731385] }
 coordIndex [
  0,2,3,-1,0,3,1,-1]
  normalPerVertex TRUE
  normal DEF NORM_56 Normal { vector [
  0 1 0,0 1 0,
  0 1 0,0 1 0] }
}
}
DEF SHAPE_57 Shape {
 appearance USE APP_5
 geometry DEF FACE_57 IndexedFaceSet {
  coord DEF COORD_57 Coordinate { point [
  2.5137795 0.088582677 1.7731385,2.5137795 0.088582677 1.77117,
  2.5348435 0.08591993 1.7734009,2.5548481 0.077952279 1.7741378,
  2.5724054 0.06499352 1.7751821,2.586245 0.047682206 1.7762805,
  2.5945876 0.029135186 1.7770819,2.5974441 0.016787087 1.7774007,
  2.5984252 0.0039370079 1.7775503,2.5984252 0.0039370079 1.7755818,
  2.5348435 0.08591993 1.7714324,2.5548481 0.077952279 1.7721693,
  2.5724054 0.06499352 1.7732136,2.586245 0.047682206 1.774312,
  2.5945876 0.029135186 1.7751134,2.5974441 0.016787087 1.7754322] }
 coordIndex [
  10,1,0,-1,10,0,2,-1,11,2,3,-1,11,10,2,-1,12,3,4,-1,12,11,3,-1,13,4,5,-1,13,12,4,-1,
  14,5,6,-1,14,13,5,-1,15,6,7,-1,15,14,6,-1,9,7,8,-1,9,15,7,-1]
  normalPerVertex TRUE
  normal DEF NORM_57 Normal { vector [
  0.12541449 0.99210443 0,0.12541449 0.99210443 0,
  0.29131272 0.95662788 0,0.5237125 0.85189507 0,
  0.72473926 0.68902323 0,0.87211098 0.48930812 0,
  0.95102381 0.30911764 0,0.99207548 0.12564334 0,
  0.99709815 0.076126783 0,0.99709815 0.076126783 0,
  0.20921355 0.97786998 0,0.44858893 0.8937382 0,
  0.66191414 0.74957966 0,0.82789216 0.5608873 0,
  0.92999429 0.36757396 0,0.9844754 0.17552263 0] }
}
}
DEF SHAPE_58 Shape {
 appearance USE APP_5
 geometry DEF FACE_58 IndexedFaceSet {
  coord DEF COORD_58 Coordinate { point [
  2.5984252 0.0039370079 1.7775503,2.5984252 0.0013123398 1.7775581,
  2.5984252 -0.0013123398 1.7775581,2.5984252 -0.0039370079 1.7775503,
  2.5984252 -0.0039370079 1.7755818,2.5984252 0.0039370079 1.7755818,
  2.5984252 0.0013123398 1.7755896,2.5984252 -0.0013123398 1.7755896] }
 coordIndex [
  7,2,3,-1,7,3,4,-1,6,1,2,-1,6,2,7,-1,0,1,6,-1,5,0,6,-1]
  normalPerVertex TRUE
  normal DEF NORM_58 Normal { vector [
  0 0 1,0 0 1,
  1 0 0,0 0 1,
  0 0 1,0 0 1,
  1 0 0,1 0 0] }
}
}
DEF SHAPE_59 Shape {
 appearance USE APP_5
 geometry DEF FACE_59 IndexedFaceSet {
  coord DEF COORD_59 Coordinate { point [
  2.5137795 -0.088582677 1.77117,2.5348435 -0.08591993 1.7714324,
  2.5548481 -0.077952279 1.7721693,2.5724054 -0.06499352 1.7732136,
  2.586245 -0.047682206 1.774312,2.5945876 -0.029135186 1.7751134,
  2.5974441 -0.016787087 1.7754322,2.5984252 -0.0039370079 1.7755818,
  2.5984252 -0.0039370079 1.7775503,2.5137795 -0.088582677 1.7731385,
  2.5348435 -0.08591993 1.7734009,2.5548481 -0.077952279 1.7741378,
  2.5724054 -0.06499352 1.7751821,2.586245 -0.047682206 1.7762805,
  2.5945876 -0.029135186 1.7770819,2.5974441 -0.016787087 1.7774007] }
 coordIndex [
  15,7,8,-1,6,7,15,-1,14,6,15,-1,5,6,14,-1,13,5,14,-1,4,5,13,-1,12,4,13,-1,3,4,12,-1,
  11,3,12,-1,2,3,11,-1,10,2,11,-1,1,2,10,-1,9,1,10,-1,0,1,9,-1]
  normalPerVertex TRUE
  normal DEF NORM_59 Normal { vector [
  0.12541449 -0.99210443 0,0.20921355 -0.97786998 0,
  0.44858893 -0.8937382 0,0.66191414 -0.74957966 0,
  0.82789216 -0.5608873 0,0.92999429 -0.36757396 0,
  0.9844754 -0.17552263 0,0.99709815 -0.076126783 0,
  0.99709815 -0.076126783 0,0.12541449 -0.99210443 0,
  0.29131272 -0.95662788 0,0.5237125 -0.85189507 0,
  0.72473926 -0.68902323 0,0.87211098 -0.48930812 0,
  0.95102381 -0.30911764 0,0.99207548 -0.12564334 0] }
}
}
DEF SHAPE_60 Shape {
 appearance USE APP_5
 geometry DEF FACE_60 IndexedFaceSet {
  coord DEF COORD_60 Coordinate { point [
  1.9744094 -0.088582677 1.77117,2.5137795 -0.088582677 1.77117,
  1.9744094 -0.088582677 1.7731385,2.5137795 -0.088582677 1.7731385] }
 coordIndex [
  0,3,2,-1,0,1,3,-1]
  normalPerVertex TRUE
  normal DEF NORM_60 Normal { vector [
  0 -1 0,0 -1 0,
  0 -1 0,0 -1 0] }
}
}
DEF SHAPE_61 Shape {
 appearance USE APP_3
 geometry DEF FACE_61 IndexedFaceSet {
  coord DEF COORD_61 Coordinate { point [
  1.003937 0 0.66437008,1.003937 0.05731721 0.67191603,
  1.003937 0.11072835 0.69403965,1.003937 0.15659353 0.72923324,
  1.003937 0.19178712 0.77509843,1.003937 0.21391074 0.82850956,
  1.003937 0.22145669 0.88582677,1.003937 0.21391074 0.94314398,
  1.003937 0.19178712 0.99655512,1.003937 0.15659353 1.0424203,
  1.003937 0.11072835 1.0776139,1.003937 0.05731721 1.0997375,
  1.003937 0 1.1072835,1.003937 -0.05731721 1.0997375,
  1.003937 -0.11072835 1.0776139,1.003937 -0.15659353 1.0424203,
  1.003937 -0.19178712 0.99655512,1.003937 -0.21391074 0.94314398,
  1.003937 -0.22145669 0.88582677,1.003937 -0.21391074 0.82850956,
  1.003937 -0.19178712 0.77509843,1.003937 -0.15659353 0.72923324,
  1.003937 -0.11072835 0.69403965,1.003937 -0.05731721 0.67191603,
  1.003937 0.13779528 0.88582677,1.003937 0.13310002 0.85016273,
  1.003937 0.11933421 0.81692913,1.003937 0.097435974 0.7883908,
  1.003937 0.068897638 0.76649256,1.003937 0.035664042 0.75272676,
  1.003937 0 0.7480315,1.003937 -0.035664042 0.75272676,
  1.003937 -0.068897638 0.76649256,1.003937 -0.097435974 0.7883908,
  1.003937 -0.11933421 0.81692913,1.003937 -0.13310002 0.85016273,
  1.003937 -0.13779528 0.88582677,1.003937 -0.13310002 0.92149081,
  1.003937 -0.11933421 0.95472441,1.003937 -0.097435974 0.98326275,
  1.003937 -0.068897638 1.005161,1.003937 -0.035664042 1.0189268,
  1.003937 0 1.023622,1.003937 0.035664042 1.0189268,
  1.003937 0.068897638 1.005161,1.003937 0.097435974 0.98326275,
  1.003937 0.11933421 0.95472441,1.003937 0.13310002 0.92149081] }
 coordIndex [
  38,16,15,-1,38,15,39,-1,40,15,14,-1,40,39,15,-1,37,17,16,-1,37,16,38,-1,41,14,13,-1,41,40,14,-1,
  36,18,17,-1,36,17,37,-1,42,13,12,-1,42,41,13,-1,43,12,11,-1,43,42,12,-1,35,19,18,-1,35,18,36,-1,
  44,11,10,-1,44,43,11,-1,34,20,19,-1,34,19,35,-1,45,44,10,-1,33,21,20,-1,33,20,34,-1,9,45,10,-1,
  22,33,32,-1,22,21,33,-1,8,45,9,-1,8,46,45,-1,47,46,8,-1,23,22,32,-1,23,32,31,-1,7,47,8,-1,
  0,23,31,-1,0,31,30,-1,6,47,7,-1,6,24,47,-1,1,30,29,-1,1,0,30,-1,5,24,6,-1,5,25,24,-1,
  2,29,28,-1,2,1,29,-1,4,26,25,-1,4,25,5,-1,3,27,26,-1,3,28,27,-1,3,26,4,-1,3,2,28,-1]
  normalPerVertex TRUE
  normal DEF NORM_61 Normal { vector [
  -1 0 0,-1 0 0,
  -1 0 0,-1 0 0,
  -1 0 0,-1 0 0,
  -1 0 0,-1 0 0,
  -1 0 0,-1 0 0,
  -1 0 0,-1 0 0,
  -1 0 0,-1 0 0,
  -1 0 0,-1 0 0,
  -1 0 0,-1 0 0,
  -1 0 0,-1 0 0,
  -1 0 0,-1 0 0,
  -1 0 0,-1 0 0,
  -1 0 0,-1 0 0,
  -1 0 0,-1 0 0,
  -1 0 0,-1 0 0,
  -1 0 0,-1 0 0,
  -1 0 0,-1 0 0,
  -1 0 0,-1 0 0,
  -1 0 0,-1 0 0,
  -1 0 0,-1 0 0,
  -1 0 0,-1 0 0,
  -1 0 0,-1 0 0,
  -1 0 0,-1 0 0,
  -1 0 0,-1 0 0] }
}
}
DEF SHAPE_62 Shape {
 appearance USE APP_3
 geometry DEF FACE_62 IndexedFaceSet {
  coord DEF COORD_62 Coordinate { point [
  4.8818898 0 0.66437008,4.9409449 0 0.66437008,
  4.9409449 0 0.66437008,4.9409449 0.05731721 0.67191603,
  4.9409449 0.11072835 0.69403965,4.9409449 0.15659353 0.72923324,
  4.9409449 0.19178712 0.77509843,4.9409449 0.21391074 0.82850956,
  4.9409449 0.22145669 0.88582677,4.9409449 0.21391074 0.94314398,
  4.9409449 0.19178712 0.99655512,4.9409449 0.15659353 1.0424203,
  4.9409449 0.11072835 1.0776139,4.9409449 0.05731721 1.0997375,
  4.9409449 0 1.1072835,4.9409449 -0.05731721 1.0997375,
  4.9409449 -0.11072835 1.0776139,4.9409449 -0.15659353 1.0424203,
  4.9409449 -0.19178712 0.99655512,4.9409449 -0.21391074 0.94314398,
  4.9409449 -0.22145669 0.88582677,4.9409449 -0.21391074 0.82850956,
  4.9409449 -0.19178712 0.77509843,4.9409449 -0.15659353 0.72923324,
  4.9409449 -0.11072835 0.69403965,4.9409449 -0.05731721 0.67191603,
  4.8818898 0 0.66437008,4.8818898 0.05731721 0.67191603,
  4.8818898 0.11072835 0.69403965,4.8818898 0.15659353 0.72923324,
  4.8818898 0.19178712 0.77509843,4.8818898 0.21391074 0.82850956,
  4.8818898 0.22145669 0.88582677,4.8818898 0.21391074 0.94314398,
  4.8818898 0.19178712 0.99655512,4.8818898 0.15659353 1.0424203,
  4.8818898 0.11072835 1.0776139,4.8818898 0.05731721 1.0997375,
  4.8818898 0 1.1072835,4.8818898 -0.05731721 1.0997375,
  4.8818898 -0.11072835 1.0776139,4.8818898 -0.15659353 1.0424203,
  4.8818898 -0.19178712 0.99655512,4.8818898 -0.21391074 0.94314398,
  4.8818898 -0.22145669 0.88582677,4.8818898 -0.21391074 0.82850956,
  4.8818898 -0.19178712 0.77509843,4.8818898 -0.15659353 0.72923324,
  4.8818898 -0.11072835 0.69403965,4.8818898 -0.05731721 0.67191603] }
 coordIndex [
  49,0,1,-1,49,1,25,-1,48,25,24,-1,48,49,25,-1,47,24,23,-1,47,48,24,-1,46,23,22,-1,46,47,23,-1,
  45,22,21,-1,45,46,22,-1,44,21,20,-1,44,45,21,-1,43,20,19,-1,43,44,20,-1,42,19,18,-1,42,43,19,-1,
  41,18,17,-1,41,42,18,-1,40,17,16,-1,40,41,17,-1,39,16,15,-1,39,40,16,-1,38,39,15,-1,38,15,14,-1,
  37,38,14,-1,37,14,13,-1,36,13,12,-1,36,37,13,-1,35,12,11,-1,35,36,12,-1,34,11,10,-1,34,35,11,-1,
  33,10,9,-1,33,34,10,-1,32,9,8,-1,32,33,9,-1,31,8,7,-1,31,32,8,-1,30,6,5,-1,30,7,6,-1,
  30,31,7,-1,29,30,5,-1,28,5,4,-1,28,29,5,-1,27,3,2,-1,27,4,3,-1,27,28,4,-1,26,27,2,-1]
  normalPerVertex TRUE
  normal DEF NORM_62 Normal { vector [
  0 -0.13052619 -0.99144486,0 -0.13052619 -0.99144486,
  0 0.13052619 -0.99144486,0 0.25881905 -0.96592583,
  0 0.46155098 -0.88711369,0 0.70710678 -0.70710678,
  0 0.8660254 -0.5,0 0.95364993 -0.30091828,
  0 0.99903848 -0.04384197,0 0.9763442 0.21622209,
  0 0.88711369 0.46155098,0 0.73742784 0.67542593,
  0 0.5374875 0.84327172,0 0.30091828 0.95364993,
  0 0.04384197 0.99903848,0 -0.21622209 0.9763442,
  0 -0.46155098 0.88711369,0 -0.67542593 0.73742784,
  0 -0.84327172 0.5374875,0 -0.95364993 0.30091828,
  0 -0.99903848 0.04384197,0 -0.9763442 -0.21622209,
  0 -0.88711369 -0.46155098,0 -0.73742784 -0.67542593,
  0 -0.5374875 -0.84327172,0 -0.30091828 -0.95364993,
  0 0.13052619 -0.99144486,0 0.25881905 -0.96592583,
  0 0.5374875 -0.84327172,0 0.70710678 -0.70710678,
  0 0.8660254 -0.5,0 0.9763442 -0.21622209,
  0 0.99903848 0.04384197,0 0.95364993 0.30091828,
  0 0.84327172 0.5374875,0 0.67542593 0.73742784,
  0 0.46155098 0.88711369,0 0.21622209 0.9763442,
  0 -0.04384197 0.99903848,0 -0.30091828 0.95364993,
  0 -0.5374875 0.84327172,0 -0.73742784 0.67542593,
  0 -0.88711369 0.46155098,0 -0.9763442 0.21622209,
  0 -0.99903848 -0.04384197,0 -0.95364993 -0.30091828,
  0 -0.84327172 -0.5374875,0 -0.67542593 -0.73742784,
  0 -0.46155098 -0.88711369,0 -0.21622209 -0.9763442] }
}
}
DEF SHAPE_63 Shape {
 appearance USE APP_5
 geometry DEF FACE_63 IndexedFaceSet {
  coord DEF COORD_63 Coordinate { point [
  3.9311024 -0.088582677 1.7731385,3.9521663 -0.08591993 1.7734009,
  3.972171 -0.077952279 1.7741378,3.9897282 -0.06499352 1.7751821,
  4.0035678 -0.047682206 1.7762805,4.0119104 -0.029135186 1.7770819,
  4.0147669 -0.016787087 1.7774007,4.015748 -0.0039370079 1.7775503,
  4.015748 0.0039370079 1.7775503,4.015748 0.0013123398 1.7775581,
  4.015748 -0.0013123398 1.7775581,3.9311024 0.088582677 1.7731385,
  3.9521663 0.08591993 1.7734009,3.972171 0.077952279 1.7741378,
  3.9897282 0.06499352 1.7751821,4.0035678 0.047682206 1.7762805,
  4.0119104 0.029135186 1.7770819,4.0147669 0.016787087 1.7774007,
  3.3917323 0.088582677 1.7731385,3.3706683 0.08591993 1.7734009,
  3.3506637 0.077952279 1.7741378,3.3331064 0.06499352 1.7751821,
  3.3192668 0.047682206 1.7762805,3.3109242 0.029135186 1.7770819,
  3.3080677 0.016787087 1.7774007,3.3070866 0.0039370079 1.7775503,
  3.3070866 0.0013123398 1.7775581,3.3070866 -0.0013123398 1.7775581,
  3.3070866 -0.0039370079 1.7775503,3.3917323 -0.088582677 1.7731385,
  3.3706683 -0.08591993 1.7734009,3.3506637 -0.077952279 1.7741378,
  3.3331064 -0.06499352 1.7751821,3.3192668 -0.047682206 1.7762805,
  3.3109242 -0.029135186 1.7770819,3.3080677 -0.016787087 1.7774007] }
 coordIndex [
  18,19,20,-1,18,20,21,-1,18,21,22,-1,23,18,22,-1,24,18,23,-1,25,18,24,-1,26,18,25,-1,27,18,26,-1,
  29,27,28,-1,29,31,30,-1,29,32,31,-1,29,33,32,-1,29,34,33,-1,29,35,34,-1,29,28,35,-1,29,18,27,-1,
  13,12,11,-1,14,13,11,-1,15,14,11,-1,16,15,11,-1,17,16,11,-1,8,17,11,-1,9,8,11,-1,10,9,11,-1,
  0,5,6,-1,0,6,7,-1,0,7,10,-1,0,11,18,-1,0,18,29,-1,0,10,11,-1,4,5,0,-1,3,4,0,-1,
  2,0,1,-1,2,3,0,-1]
  normalPerVertex TRUE
  normal DEF NORM_63 Normal { vector [
  -0.0043011674 -0.00060423215 0.99999057,-0.0011168097 -0.089307768 0.99600345,
  -0.0042804463 -0.077180063 0.99700798,-0.010922787 -0.059328536 0.99817875,
  -0.020652221 -0.04015069 0.99898018,-0.030148436 -0.025301046 0.99922516,
  -0.040215356 -0.012448705 0.99911348,-0.044742483 -0.0073248003 0.9989717,
  -0.044742483 0.0073248003 0.9989717,-0.050626622 0.0014730391 0.99871656,
  -0.052097742 -4.238648e-05 0.99864199,-0.0079681034 0.001105195 0.99996764,
  -0.0011168097 0.089307768 0.99600345,-0.0042804463 0.077180063 0.99700798,
  -0.010922787 0.059328536 0.99817875,-0.020652221 0.04015069 0.99898018,
  -0.030148436 0.025301046 0.99922516,-0.040215356 0.012448705 0.99911348,
  0.0043517231 0.00060359441 0.99999035,0.0011168097 0.089307768 0.99600345,
  0.0042804463 0.077180063 0.99700798,0.010922787 0.059328536 0.99817875,
  0.020652221 0.04015069 0.99898018,0.030148436 0.025301046 0.99922516,
  0.040215356 0.012448705 0.99911348,0.044742483 0.0073248003 0.9989717,
  0.050626622 0.0014730391 0.99871656,0.052097742 -4.238648e-05 0.99864199,
  0.044742483 -0.0073248003 0.9989717,0.0078824582 -0.0011073353 0.99996832,
  0.0011168097 -0.089307768 0.99600345,0.0042804463 -0.077180063 0.99700798,
  0.010922787 -0.059328536 0.99817875,0.020652221 -0.04015069 0.99898018,
  0.030148436 -0.025301046 0.99922516,0.040215356 -0.012448705 0.99911348] }
}
}
DEF SHAPE_64 Shape {
 appearance USE APP_5
 geometry DEF FACE_64 IndexedFaceSet {
  coord DEF COORD_64 Coordinate { point [
  2.5137795 -0.088582677 1.7731385,2.5348435 -0.08591993 1.7734009,
  2.5548481 -0.077952279 1.7741378,2.5724054 -0.06499352 1.7751821,
  2.586245 -0.047682206 1.7762805,2.5945876 -0.029135186 1.7770819,
  2.5974441 -0.016787087 1.7774007,2.5984252 -0.0039370079 1.7775503,
  2.5984252 0.0039370079 1.7775503,2.5984252 0.0013123398 1.7775581,
  2.5984252 -0.0013123398 1.7775581,2.5137795 0.088582677 1.7731385,
  2.5348435 0.08591993 1.7734009,2.5548481 0.077952279 1.7741378,
  2.5724054 0.06499352 1.7751821,2.586245 0.047682206 1.7762805,
  2.5945876 0.029135186 1.7770819,2.5974441 0.016787087 1.7774007,
  1.9744094 0.088582677 1.7731385,1.9533455 0.08591993 1.7734009,
  1.9333409 0.077952279 1.7741378,1.9157836 0.06499352 1.7751821,
  1.901944 0.047682206 1.7762805,1.8936014 0.029135186 1.7770819,
  1.8907449 0.016787087 1.7774007,1.8897638 0.0039370079 1.7775503,
  1.8897638 0.0013123398 1.7775581,1.8897638 -0.0013123398 1.7775581,
  1.8897638 -0.0039370079 1.7775503,1.9744094 -0.088582677 1.7731385,
  1.9533455 -0.08591993 1.7734009,1.9333409 -0.077952279 1.7741378,
  1.9157836 -0.06499352 1.7751821,1.901944 -0.047682206 1.7762805,
  1.8936014 -0.029135186 1.7770819,1.8907449 -0.016787087 1.7774007] }
 coordIndex [
  18,19,20,-1,18,20,21,-1,18,21,22,-1,23,18,22,-1,24,18,23,-1,25,18,24,-1,26,18,25,-1,29,26,27,-1,
  29,27,28,-1,29,31,30,-1,29,32,31,-1,29,33,32,-1,29,34,33,-1,29,35,34,-1,29,28,35,-1,29,18,26,-1,
  13,12,11,-1,14,13,11,-1,15,14,11,-1,16,15,11,-1,17,16,11,-1,8,17,11,-1,9,8,11,-1,10,9,11,-1,
  0,5,6,-1,0,6,7,-1,0,7,10,-1,0,11,18,-1,0,18,29,-1,0,10,11,-1,4,5,0,-1,3,4,0,-1,
  2,0,1,-1,2,3,0,-1]
  normalPerVertex TRUE
  normal DEF NORM_64 Normal { vector [
  -0.0043011674 -0.00060423215 0.99999057,-0.0011168097 -0.089307768 0.99600345,
  -0.0042804463 -0.077180063 0.99700798,-0.010922787 -0.059328536 0.99817875,
  -0.020652221 -0.04015069 0.99898018,-0.030148436 -0.025301046 0.99922516,
  -0.040215356 -0.012448705 0.99911348,-0.044742483 -0.0073248003 0.9989717,
  -0.044742483 0.0073248003 0.9989717,-0.050626622 0.0014730391 0.99871656,
  -0.052097742 -4.238648e-05 0.99864199,-0.0079681034 0.001105195 0.99996764,
  -0.0011168097 0.089307768 0.99600345,-0.0042804463 0.077180063 0.99700798,
  -0.010922787 0.059328536 0.99817875,-0.020652221 0.04015069 0.99898018,
  -0.030148436 0.025301046 0.99922516,-0.040215356 0.012448705 0.99911348,
  0.0043011674 0.00060423215 0.99999057,0.0011168097 0.089307768 0.99600345,
  0.0042804463 0.077180063 0.99700798,0.010922787 0.059328536 0.99817875,
  0.020652221 0.04015069 0.99898018,0.030148436 0.025301046 0.99922516,
  0.040215356 0.012448705 0.99911348,0.044742483 0.0073248003 0.9989717,
  0.052097742 4.238648e-05 0.99864199,0.050626622 -0.0014730391 0.99871656,
  0.044742483 -0.0073248003 0.9989717,0.0079681034 -0.001105195 0.99996764,
  0.0011168097 -0.089307768 0.99600345,0.0042804463 -0.077180063 0.99700798,
  0.010922787 -0.059328536 0.99817875,0.020652221 -0.04015069 0.99898018,
  0.030148436 -0.025301046 0.99922516,0.040215356 -0.012448705 0.99911348] }
}
}
DEF SHAPE_65 Shape {
 appearance USE APP_3
 geometry DEF FACE_65 IndexedFaceSet {
  coord DEF COORD_65 Coordinate { point [
  1.003937 0.13779528 0.88582677,1.003937 0.13310002 0.85016273,
  1.003937 0.11933421 0.81692913,1.003937 0.097435974 0.7883908,
  1.003937 0.068897638 0.76649256,1.003937 0.035664042 0.75272676,
  1.003937 0 0.7480315,1.003937 -0.035664042 0.75272676,
  1.003937 -0.068897638 0.76649256,1.003937 -0.097435974 0.7883908,
  1.003937 -0.11933421 0.81692913,1.003937 -0.13310002 0.85016273,
  1.003937 -0.13779528 0.88582677,1.003937 -0.13310002 0.92149081,
  1.003937 -0.11933421 0.95472441,1.003937 -0.097435974 0.98326275,
  1.003937 -0.068897638 1.005161,1.003937 -0.035664042 1.0189268,
  1.003937 0 1.023622,1.003937 0.035664042 1.0189268,
  1.003937 0.068897638 1.005161,1.003937 0.097435974 0.98326275,
  1.003937 0.11933421 0.95472441,1.003937 0.13310002 0.92149081,
  1.003937 0.13779528 0.88582677,0.27559055 0.13779528 0.88582677,
  0.27559055 0.13310002 0.92149081,0.27559055 0.11933421 0.95472441,
  0.27559055 0.097435974 0.98326275,0.27559055 0.068897638 1.005161,
  0.27559055 0.035664042 1.0189268,0.27559055 0 1.023622,
  0.27559055 -0.035664042 1.0189268,0.27559055 -0.068897638 1.005161,
  0.27559055 -0.097435974 0.98326275,0.27559055 -0.11933421 0.95472441,
  0.27559055 -0.13310002 0.92149081,0.27559055 -0.13779528 0.88582677,
  0.27559055 -0.13310002 0.85016273,0.27559055 -0.11933421 0.81692913,
  0.27559055 -0.097435974 0.7883908,0.27559055 -0.068897638 0.76649256,
  0.27559055 -0.035664042 0.75272676,0.27559055 0 0.7480315,
  0.27559055 0.035664042 0.75272676,0.27559055 0.068897638 0.76649256,
  0.27559055 0.097435974 0.7883908,0.27559055 0.11933421 0.81692913,
  0.27559055 0.13310002 0.85016273,0.27559055 0.13779528 0.88582677] }
 coordIndex [
  48,0,1,-1,48,49,0,-1,47,1,2,-1,47,48,1,-1,46,2,3,-1,46,3,4,-1,46,47,2,-1,45,4,5,-1,
  45,46,4,-1,44,5,6,-1,44,45,5,-1,43,6,7,-1,43,44,6,-1,42,7,8,-1,42,43,7,-1,41,42,8,-1,
  40,8,9,-1,40,41,8,-1,39,9,10,-1,39,10,11,-1,39,40,9,-1,38,39,11,-1,37,38,11,-1,37,11,12,-1,
  36,37,12,-1,36,12,13,-1,35,36,13,-1,35,13,14,-1,35,14,15,-1,34,35,15,-1,33,15,16,-1,33,34,15,-1,
  32,33,16,-1,32,16,17,-1,32,17,18,-1,31,32,18,-1,30,18,19,-1,30,31,18,-1,29,19,20,-1,29,20,21,-1,
  29,30,19,-1,28,29,21,-1,27,21,22,-1,27,28,21,-1,26,22,23,-1,26,23,24,-1,26,27,22,-1,25,26,24,-1]
  normalPerVertex TRUE
  normal DEF NORM_65 Normal { vector [
  0 0.99144486 -0.13052619,0 0.95364993 -0.30091828,
  0 0.84327172 -0.5374875,0 0.70710678 -0.70710678,
  0 0.5374875 -0.84327172,0 0.30091828 -0.95364993,
  0 0.04384197 -0.99903848,0 -0.21622209 -0.9763442,
  0 -0.5 -0.8660254,0 -0.73742784 -0.67542593,
  0 -0.8660254 -0.5,0 -0.96592583 -0.25881905,
  0 -0.99903848 0.04384197,0 -0.95364993 0.30091828,
  0 -0.8660254 0.5,0 -0.70710678 0.70710678,
  0 -0.46155098 0.88711369,0 -0.25881905 0.96592583,
  0 0 1,0 0.30091828 0.95364993,
  0 0.5 0.8660254,0 0.70710678 0.70710678,
  0 0.88711369 0.46155098,0 0.96592583 0.25881905,
  0 0.99144486 0.13052619,0 0.99144486 0.13052619,
  0 0.96592583 0.25881905,0 0.84327172 0.5374875,
  0 0.70710678 0.70710678,0 0.5 0.8660254,
  0 0.21622209 0.9763442,0 0 1,
  0 -0.25881905 0.96592583,0 -0.5374875 0.84327172,
  0 -0.70710678 0.70710678,0 -0.8660254 0.5,
  0 -0.9763442 0.21622209,0 -0.99903848 -0.04384197,
  0 -0.96592583 -0.25881905,0 -0.8660254 -0.5,
  0 -0.67542593 -0.73742784,0 -0.5 -0.8660254,
  0 -0.30091828 -0.95364993,0 -0.04384197 -0.99903848,
  0 0.21622209 -0.9763442,0 0.46155098 -0.88711369,
  0 0.70710678 -0.70710678,0 0.88711369 -0.46155098,
  0 0.9763442 -0.21622209,0 0.99144486 -0.13052619] }
}
}
DEF SHAPE_66 Shape {
 appearance USE APP_3
 geometry DEF FACE_66 IndexedFaceSet {
  coord DEF COORD_66 Coordinate { point [
  4.9409449 0 0.66437008,4.9409449 0.05731721 0.67191603,
  4.9409449 0.11072835 0.69403965,4.9409449 0.15659353 0.72923324,
  4.9409449 0.19178712 0.77509843,4.9409449 0.21391074 0.82850956,
  4.9409449 0.22145669 0.88582677,4.9409449 0.21391074 0.94314398,
  4.9409449 0.19178712 0.99655512,4.9409449 0.15659353 1.0424203,
  4.9409449 0.11072835 1.0776139,4.9409449 0.05731721 1.0997375,
  4.9409449 0 1.1072835,4.9409449 -0.05731721 1.0997375,
  4.9409449 -0.11072835 1.0776139,4.9409449 -0.15659353 1.0424203,
  4.9409449 -0.19178712 0.99655512,4.9409449 -0.21391074 0.94314398,
  4.9409449 -0.22145669 0.88582677,4.9409449 -0.21391074 0.82850956,
  4.9409449 -0.19178712 0.77509843,4.9409449 -0.15659353 0.72923324,
  4.9409449 -0.11072835 0.69403965,4.9409449 -0.05731721 0.67191603,
  4.9409449 0.13779528 0.88582677,4.9409449 0.13310002 0.85016273,
  4.9409449 0.11933421 0.81692913,4.9409449 0.097435974 0.7883908,
  4.9409449 0.068897638 0.76649256,4.9409449 0.035664042 0.75272676,
  4.9409449 0 0.7480315,4.9409449 -0.035664042 0.75272676,
  4.9409449 -0.068897638 0.76649256,4.9409449 -0.097435974 0.7883908,
  4.9409449 -0.11933421 0.81692913,4.9409449 -0.13310002 0.85016273,
  4.9409449 -0.13779528 0.88582677,4.9409449 -0.13310002 0.92149081,
  4.9409449 -0.11933421 0.95472441,4.9409449 -0.097435974 0.98326275,
  4.9409449 -0.068897638 1.005161,4.9409449 -0.035664042 1.0189268,
  4.9409449 0 1.023622,4.9409449 0.035664042 1.0189268,
  4.9409449 0.068897638 1.005161,4.9409449 0.097435974 0.98326275,
  4.9409449 0.11933421 0.95472441,4.9409449 0.13310002 0.92149081] }
 coordIndex [
  33,21,22,-1,32,22,23,-1,32,33,22,-1,34,20,21,-1,34,21,33,-1,35,19,20,-1,35,20,34,-1,31,32,23,-1,
  36,18,19,-1,36,19,35,-1,30,23,0,-1,30,31,23,-1,37,17,18,-1,37,18,36,-1,29,0,1,-1,29,30,0,-1,
  38,16,17,-1,38,17,37,-1,28,1,2,-1,28,29,1,-1,39,15,16,-1,39,16,38,-1,3,27,28,-1,3,28,2,-1,
  14,15,39,-1,14,39,40,-1,4,26,27,-1,4,27,3,-1,13,14,40,-1,13,40,41,-1,5,25,26,-1,5,26,4,-1,
  12,13,41,-1,12,41,42,-1,6,25,5,-1,6,24,25,-1,11,12,42,-1,11,42,43,-1,11,43,44,-1,7,47,24,-1,
  7,24,6,-1,10,11,44,-1,8,47,7,-1,8,46,47,-1,9,10,44,-1,9,44,45,-1,9,46,8,-1,9,45,46,-1]
  normalPerVertex TRUE
  normal DEF NORM_66 Normal { vector [
  1 0 0,1 0 0,
  1 0 0,1 0 0,
  1 0 0,1 0 0,
  1 0 0,1 0 0,
  1 0 0,1 0 0,
  1 0 0,1 0 0,
  1 0 0,1 0 0,
  1 0 0,1 0 0,
  1 0 0,1 0 0,
  1 0 0,1 0 0,
  1 0 0,1 0 0,
  1 0 0,1 0 0,
  1 0 0,1 0 0,
  1 0 0,1 0 0,
  1 0 0,1 0 0,
  1 0 0,1 0 0,
  1 0 0,1 0 0,
  1 0 0,1 0 0,
  1 0 0,1 0 0,
  1 0 0,1 0 0,
  1 0 0,1 0 0,
  1 0 0,1 0 0,
  1 0 0,1 0 0,
  1 0 0,1 0 0] }
}
}
DEF SHAPE_67 Shape {
 appearance USE APP_3
 geometry DEF FACE_67 IndexedFaceSet {
  coord DEF COORD_67 Coordinate { point [
  0 -0.13779528 0.61023622,0.0093905203 -0.13779528 0.6815643,
  0.036922133 -0.13779528 0.7480315,0.080718604 -0.13779528 0.80510817,
  0.13779528 -0.13779528 0.84890464,0.20426247 -0.13779528 0.87643625,
  0.27559055 -0.13779528 0.88582677,0 -0.13779528 0.61023622,
  0.035664042 -0.13310002 0.61023622,0.068897638 -0.11933421 0.61023622,
  0.097435974 -0.097435974 0.61023622,0.11933421 -0.068897638 0.61023622,
  0.13310002 -0.035664042 0.61023622,0.13779528 0 0.61023622,
  0.13310002 0.035664042 0.61023622,0.11933421 0.068897638 0.61023622,
  0.097435974 0.097435974 0.61023622,0.068897638 0.11933421 0.61023622,
  0.035664042 0.13310002 0.61023622,0 0.13779528 0.61023622,
  -0.035664042 0.13310002 0.61023622,-0.068897638 0.11933421 0.61023622,
  -0.097435974 0.097435974 0.61023622,-0.11933421 0.068897638 0.61023622,
  -0.13310002 0.035664042 0.61023622,-0.13779528 0 0.61023622,
  -0.13310002 -0.035664042 0.61023622,-0.11933421 -0.068897638 0.61023622,
  -0.097435974 -0.097435974 0.61023622,-0.068897638 -0.11933421 0.61023622,
  -0.035664042 -0.13310002 0.61023622,0.0093905203 -0.13779528 0.6815643,
  0.036922133 -0.13779528 0.7480315,0.080718604 -0.13779528 0.80510817,
  0.13779528 -0.13779528 0.84890464,0.20426247 -0.13779528 0.87643625,
  0.27559055 -0.13779528 0.88582677,0.27559055 -0.13310002 0.85016273,
  0.27559055 -0.11933421 0.81692913,0.27559055 -0.097435974 0.7883908,
  0.27559055 -0.068897638 0.76649256,0.27559055 -0.035664042 0.75272676,
  0.27559055 0 0.7480315,0.27559055 0.035664042 0.75272676,
  0.27559055 0.068897638 0.76649256,0.27559055 0.097435974 0.7883908,
  0.27559055 0.11933421 0.81692913,0.27559055 0.13310002 0.85016273,
  0.27559055 0.13779528 0.88582677,0.27559055 0.13310002 0.92149081,
  0.27559055 0.11933421 0.95472441,0.27559055 0.097435974 0.98326275,
  0.27559055 0.068897638 1.005161,0.27559055 0.035664042 1.0189268,
  0.27559055 0 1.023622,0.27559055 -0.035664042 1.0189268,
  0.27559055 -0.068897638 1.005161,0.27559055 -0.097435974 0.98326275,
  0.27559055 -0.11933421 0.95472441,0.27559055 -0.13310002 0.92149081,
  0.075940528 -0.11933421 0.66373228,0.12465851 -0.068897638 0.65067834,
  0.096589237 -0.11933421 0.71358268,0.14249054 0 0.64590026,
  0.14026859 -0.068897638 0.68836439,0.12943659 -0.11933421 0.75639018,
  0.12465851 0.068897638 0.65067834,0.15625634 0 0.67913386,
  0.16510063 -0.068897638 0.72072614,0.17224409 -0.11933421 0.78923753,
  0.14026859 0.068897638 0.68836439,0.17815458 0 0.70767219,
  0.19746238 -0.068897638 0.74555818,0.22209449 -0.11933421 0.80988624,
  0.0093905203 0.13779528 0.6815643,0.16510063 0.068897638 0.72072614,
  0.20669291 0 0.72957043,0.23514843 -0.068897638 0.76116826,
  -0.057159487 0.11933421 0.69939632,0.036922133 0.13779528 0.7480315,
  0.19746238 0.068897638 0.74555818,0.23992651 0 0.74333624,
  -0.10587747 0.068897638 0.71245027,-0.022744972 0.11933421 0.78248031,
  0.080718604 0.13779528 0.80510817,0.23514843 0.068897638 0.76116826,
  -0.066424324 0.068897638 0.8076986,0.032000617 0.11933421 0.85382615,
  0.13779528 0.13779528 0.84890464,-0.10587747 -0.068897638 0.71245027,
  -0.0036634249 0.068897638 0.8894902,0.10334646 0.11933421 0.90857174,
  0.20426247 0.13779528 0.87643625,-0.057159487 -0.11933421 0.69939632,
  0.078128171 0.068897638 0.9522511,0.18643045 0.11933421 0.94298626,
  -0.022744972 -0.11933421 0.78248031,-0.066424324 -0.068897638 0.8076986,
  0.1733765 0.068897638 0.99170425,0.032000617 -0.11933421 0.85382615,
  -0.0036634249 -0.068897638 0.8894902,0.10334646 -0.11933421 0.90857174,
  0.078128171 -0.068897638 0.9522511,0.1733765 -0.068897638 0.99170425,
  0.18643045 -0.11933421 0.94298626,-0.10632815 0 0.76843213,
  -0.052370475 0 0.86188957,0.023937205 0 0.93819725,
  0.11739464 0 0.99215492] }
 coordIndex [
  31,7,8,-1,37,36,35,-1,1,30,0,-1,6,59,5,-1,60,8,9,-1,60,9,10,-1,60,31,8,-1,61,10,11,-1,
  61,11,12,-1,61,60,10,-1,62,32,31,-1,62,31,60,-1,63,12,13,-1,63,13,14,-1,63,61,12,-1,64,62,60,-1,
  64,60,61,-1,65,33,32,-1,65,32,62,-1,66,14,15,-1,66,15,16,-1,66,16,17,-1,66,63,14,-1,67,64,61,-1,
  67,61,63,-1,68,62,64,-1,68,65,62,-1,69,34,33,-1,69,33,65,-1,70,67,63,-1,70,63,66,-1,71,64,67,-1,
  71,68,64,-1,72,65,68,-1,72,69,65,-1,73,37,35,-1,73,35,34,-1,73,38,37,-1,73,39,38,-1,73,34,69,-1,
  74,17,18,-1,74,18,19,-1,74,19,20,-1,74,66,17,-1,75,67,70,-1,75,71,67,-1,76,72,68,-1,76,68,71,-1,
  77,73,69,-1,77,40,39,-1,77,41,40,-1,77,39,73,-1,77,69,72,-1,78,20,21,-1,78,21,22,-1,78,74,20,-1,
  79,70,66,-1,79,66,74,-1,80,76,71,-1,80,71,75,-1,81,41,77,-1,81,77,72,-1,81,42,41,-1,81,43,42,-1,
  81,72,76,-1,82,22,23,-1,82,78,22,-1,82,23,24,-1,82,24,25,-1,83,79,74,-1,83,74,78,-1,84,70,79,-1,
  84,75,70,-1,85,43,81,-1,85,76,80,-1,85,81,76,-1,85,44,43,-1,85,45,44,-1,85,46,45,-1,86,78,82,-1,
  86,83,78,-1,87,84,79,-1,87,79,83,-1,87,83,86,-1,88,80,75,-1,88,75,84,-1,89,25,26,-1,89,26,27,-1,
  89,27,28,-1,90,87,86,-1,91,88,84,-1,91,84,87,-1,92,47,46,-1,92,48,47,-1,92,49,48,-1,92,85,80,-1,
  92,80,88,-1,92,46,85,-1,93,1,2,-1,93,89,28,-1,93,28,29,-1,93,29,30,-1,93,30,1,-1,94,91,87,-1,
  94,87,90,-1,95,92,88,-1,95,50,49,-1,95,51,50,-1,95,49,92,-1,95,88,91,-1,96,93,2,-1,96,89,93,-1,
  96,97,89,-1,98,51,95,-1,98,95,91,-1,98,52,51,-1,98,53,52,-1,98,54,53,-1,98,91,94,-1,99,2,3,-1,
  99,100,97,-1,99,97,96,-1,99,96,2,-1,101,3,4,-1,101,99,3,-1,101,100,99,-1,101,102,100,-1,103,102,101,-1,
  103,55,54,-1,103,56,55,-1,103,57,56,-1,104,4,5,-1,104,101,4,-1,104,103,101,-1,104,57,103,-1,104,58,57,-1,
  104,59,58,-1,104,5,59,-1,105,82,25,-1,105,89,97,-1,105,86,82,-1,105,25,89,-1,106,97,100,-1,106,86,105,-1,
  106,105,97,-1,106,90,86,-1,107,94,90,-1,107,106,100,-1,107,90,106,-1,107,100,102,-1,108,102,103,-1,108,98,94,-1,
  108,54,98,-1,108,94,107,-1,108,107,102,-1,108,103,54,-1]
  normalPerVertex TRUE
  normal DEF NORM_67 Normal { vector [
  -0.13050692 -0.99129851 0.017181563,-0.22133616 -0.97190524 0.080065609,
  -0.22414387 -0.96592583 0.12940952,-0.17373083 -0.96584289 0.19226315,
  -0.11804973 -0.96584289 0.23067678,-0.080065609 -0.97190524 0.22133616,
  -0.017181563 -0.99129851 0.13050692,0.13050692 -0.99129851 -0.017181563,
  0.25881742 -0.96591977 0.0035408034,0.49892023 -0.86415519 -0.065684095,
  0.70645063 -0.70645063 -0.043069923,0.86045084 -0.49678152 -0.1132805,
  0.96386214 -0.25826608 -0.065333102,0.99144486 0 -0.13052619,
  0.96386214 0.25826608 -0.065333102,0.86045084 0.49678152 -0.1132805,
  0.70691973 0.70691973 0.022999818,0.52034703 0.83003486 0.20070153,
  0.25868867 0.96543927 0.031736081,0 1 0,
  -0.25830158 0.9639946 0.063203665,-0.49892023 0.86415519 0.065684095,
  -0.70226518 0.70226518 0.11682143,-0.86045084 0.49678152 0.1132805,
  -0.95177147 0.2550264 0.17056553,-0.97961185 0 0.20089952,
  -0.95177147 -0.2550264 0.17056553,-0.86045084 -0.49678152 0.1132805,
  -0.70226518 -0.70226518 0.11682143,-0.49892023 -0.86415519 0.065684095,
  -0.25830158 -0.9639946 0.063203665,0.23393608 -0.97107055 -0.047915556,
  0.21948791 -0.96588412 -0.13745152,0.17643397 -0.96588412 -0.18957563,
  0.12135635 -0.96588412 -0.22878047,0.031463328 -0.97231325 -0.23155344,
  0.017181563 -0.99129851 -0.13050692,-0.0035408034 -0.96591977 -0.25881742,
  0.065684095 -0.86415519 -0.49892023,0.043069923 -0.70645063 -0.70645063,
  0.1132805 -0.49678152 -0.86045084,0.065333102 -0.25826608 -0.96386214,
  0.13052619 0 -0.99144486,0.065333102 0.25826608 -0.96386214,
  0.1132805 0.49678152 -0.86045084,-0.022999818 0.70691973 -0.70691973,
  -0.20070153 0.83003486 -0.52034703,-0.031736081 0.96543927 -0.25868867,
  0 1 0,-0.063203665 0.9639946 0.25830158,
  -0.065684095 0.86415519 0.49892023,-0.11682143 0.70226518 0.70226518,
  -0.1132805 0.49678152 0.86045084,-0.17056553 0.2550264 0.95177147,
  -0.20089952 0 0.97961185,-0.17056553 -0.2550264 0.95177147,
  -0.1132805 -0.49678152 0.86045084,-0.11682143 -0.70226518 0.70226518,
  -0.065684095 -0.86415519 0.49892023,-0.063203665 -0.9639946 0.25830158,
  0.50779856 -0.85493925 -0.10592209,0.86018663 -0.47399049 -0.1881807,
  0.4117018 -0.87843669 -0.24259145,0.97501158 0.048611194 -0.21677032,
  0.74253648 -0.51639601 -0.42658497,0.33488611 -0.87843669 -0.34088161,
  0.64499734 0.7609333 -0.070419741,0.8660254 0 -0.5,
  0.60682685 -0.51639601 -0.60423202,0.23524849 -0.87843669 -0.41594126,
  0.57745701 0.73901707 -0.34698295,0.70710678 0 -0.70710678,
  0.42976297 -0.51639601 -0.74070166,0.084333541 -0.89772239 -0.43241457,
  0.14567559 0.98810374 0.049291144,0.46797484 0.73901707 -0.48461666,
  0.5 0 -0.8660254,0.18016951 -0.55461874 -0.81236507,
  -0.52396303 0.83560887 0.16498653,0.19390157 0.97645372 -0.094553245,
  0.32660097 0.73901707 -0.58922455,0.21677032 -0.048611194 -0.97501158,
  -0.87420896 0.43074161 0.22409897,-0.40205108 0.88745467 0.22534227,
  0.16282235 0.97645372 -0.14151684,0.052212542 0.6643019 -0.74563854,
  -0.73517111 0.52854951 0.42445124,-0.3902784 0.83649213 0.38466049,
  0.12064706 0.97645372 -0.17883629,-0.85167636 -0.46991912 0.2319987,
  -0.62838327 0.4585509 0.62838327,-0.24472481 0.85803404 0.45153887,
  -0.0059804767 0.96726014 -0.25371648,-0.45598256 -0.87989633 0.13365012,
  -0.44546832 0.49901528 0.7433315,-0.13365012 0.87989633 0.45598256,
  -0.48753334 -0.83450417 0.25673729,-0.7433315 -0.49901528 0.44546832,
  -0.2319987 0.46991912 0.85167636,-0.37945695 -0.85788283 0.34648157,
  -0.60270741 -0.49901528 0.62267771,-0.27742252 -0.83649213 0.47256498,
  -0.44433407 -0.4585509 0.76960919,-0.2319987 -0.46991912 0.85167636,
  -0.13365012 -0.87989633 0.45598256,-0.94089316 0 0.33870349,
  -0.79335334 0 0.60876143,-0.60876143 0 0.79335334,
  -0.33870349 0 0.94089316] }
}
}
DEF SHAPE_68 Shape {
 appearance USE APP_3
 geometry DEF FACE_68 IndexedFaceSet {
  coord DEF COORD_68 Coordinate { point [
  4.9409449 0.13779528 0.88582677,5.6299213 0.13779528 0.88582677,
  5.6299213 0.13310002 0.85016273,5.6299213 0.11933421 0.81692913,
  5.6299213 0.097435974 0.7883908,5.6299213 0.068897638 0.76649256,
  5.6299213 0.035664042 0.75272676,5.6299213 0 0.7480315,
  5.6299213 -0.035664042 0.75272676,5.6299213 -0.068897638 0.76649256,
  5.6299213 -0.097435974 0.7883908,5.6299213 -0.11933421 0.81692913,
  5.6299213 -0.13310002 0.85016273,5.6299213 -0.13779528 0.88582677,
  5.6299213 -0.13310002 0.92149081,5.6299213 -0.11933421 0.95472441,
  5.6299213 -0.097435974 0.98326275,5.6299213 -0.068897638 1.005161,
  5.6299213 -0.035664042 1.0189268,5.6299213 0 1.023622,
  5.6299213 0.035664042 1.0189268,5.6299213 0.068897638 1.005161,
  5.6299213 0.097435974 0.98326275,5.6299213 0.11933421 0.95472441,
  5.6299213 0.13310002 0.92149081,5.6299213 0.13779528 0.88582677,
  4.9409449 0.13779528 0.88582677,4.9409449 0.13310002 0.85016273,
  4.9409449 0.11933421 0.81692913,4.9409449 0.097435974 0.7883908,
  4.9409449 0.068897638 0.76649256,4.9409449 0.035664042 0.75272676,
  4.9409449 0 0.7480315,4.9409449 -0.035664042 0.75272676,
  4.9409449 -0.068897638 0.76649256,4.9409449 -0.097435974 0.7883908,
  4.9409449 -0.11933421 0.81692913,4.9409449 -0.13310002 0.85016273,
  4.9409449 -0.13779528 0.88582677,4.9409449 -0.13310002 0.92149081,
  4.9409449 -0.11933421 0.95472441,4.9409449 -0.097435974 0.98326275,
  4.9409449 -0.068897638 1.005161,4.9409449 -0.035664042 1.0189268,
  4.9409449 0 1.023622,4.9409449 0.035664042 1.0189268,
  4.9409449 0.068897638 1.005161,4.9409449 0.097435974 0.98326275,
  4.9409449 0.11933421 0.95472441,4.9409449 0.13310002 0.92149081] }
 coordIndex [
  27,0,1,-1,27,1,2,-1,28,2,3,-1,28,27,2,-1,29,3,4,-1,29,28,3,-1,30,4,5,-1,30,29,4,-1,
  31,5,6,-1,31,30,5,-1,32,6,7,-1,32,31,6,-1,33,7,8,-1,33,8,9,-1,33,32,7,-1,34,33,9,-1,
  35,9,10,-1,35,10,11,-1,35,34,9,-1,36,35,11,-1,37,11,12,-1,37,12,13,-1,37,36,11,-1,38,37,13,-1,
  39,38,13,-1,39,13,14,-1,39,14,15,-1,40,39,15,-1,41,40,15,-1,41,15,16,-1,42,41,16,-1,42,16,17,-1,
  43,17,18,-1,43,42,17,-1,44,18,19,-1,44,43,18,-1,45,19,20,-1,45,44,19,-1,46,20,21,-1,46,45,20,-1,
  47,21,22,-1,47,22,23,-1,47,46,21,-1,48,47,23,-1,48,23,24,-1,49,48,24,-1,26,24,25,-1,26,49,24,-1]
  normalPerVertex TRUE
  normal DEF NORM_68 Normal { vector [
  0 0.99144486 -0.13052619,0 0.99144486 -0.13052619,
  0 0.95364993 -0.30091828,0 0.84327172 -0.5374875,
  0 0.67542593 -0.73742784,0 0.46155098 -0.88711369,
  0 0.21622209 -0.9763442,0 -0.04384197 -0.99903848,
  0 -0.25881905 -0.96592583,0 -0.5 -0.8660254,
  0 -0.70710678 -0.70710678,0 -0.8660254 -0.5,
  0 -0.96592583 -0.25881905,0 -1 0,
  0 -0.96592583 0.25881905,0 -0.8660254 0.5,
  0 -0.67542593 0.73742784,0 -0.46155098 0.88711369,
  0 -0.21622209 0.9763442,0 0.04384197 0.99903848,
  0 0.30091828 0.95364993,0 0.5374875 0.84327172,
  0 0.70710678 0.70710678,0 0.84327172 0.5374875,
  0 0.96592583 0.25881905,0 0.99144486 0.13052619,
  0 0.99144486 0.13052619,0 0.9763442 -0.21622209,
  0 0.88711369 -0.46155098,0 0.73742784 -0.67542593,
  0 0.5374875 -0.84327172,0 0.30091828 -0.95364993,
  0 0.04384197 -0.99903848,0 -0.25881905 -0.96592583,
  0 -0.5 -0.8660254,0 -0.70710678 -0.70710678,
  0 -0.8660254 -0.5,0 -0.96592583 -0.25881905,
  0 -1 0,0 -0.96592583 0.25881905,
  0 -0.8660254 0.5,0 -0.73742784 0.67542593,
  0 -0.5374875 0.84327172,0 -0.30091828 0.95364993,
  0 -0.04384197 0.99903848,0 0.21622209 0.9763442,
  0 0.46155098 0.88711369,0 0.70710678 0.70710678,
  0 0.88711369 0.46155098,0 0.96592583 0.25881905] }
}
}
DEF SHAPE_69 Shape {
 appearance USE APP_3
 geometry DEF FACE_69 IndexedFaceSet {
  coord DEF COORD_69 Coordinate { point [
  0 -0.13779528 -0.78740157,0 -0.13779528 0.61023622,
  0 -0.13779528 0.61023622,0.035664042 -0.13310002 0.61023622,
  0.068897638 -0.11933421 0.61023622,0.097435974 -0.097435974 0.61023622,
  0.11933421 -0.068897638 0.61023622,0.13310002 -0.035664042 0.61023622,
  0.13779528 0 0.61023622,0.13310002 0.035664042 0.61023622,
  0.11933421 0.068897638 0.61023622,0.097435974 0.097435974 0.61023622,
  0.068897638 0.11933421 0.61023622,0.035664042 0.13310002 0.61023622,
  0 0.13779528 0.61023622,-0.035664042 0.13310002 0.61023622,
  -0.068897638 0.11933421 0.61023622,-0.097435974 0.097435974 0.61023622,
  -0.11933421 0.068897638 0.61023622,-0.13310002 0.035664042 0.61023622,
  -0.13779528 0 0.61023622,-0.13310002 -0.035664042 0.61023622,
  -0.11933421 -0.068897638 0.61023622,-0.097435974 -0.097435974 0.61023622,
  -0.068897638 -0.11933421 0.61023622,-0.035664042 -0.13310002 0.61023622,
  0 -0.13779528 -0.78740157,0.035664042 -0.13310002 -0.78740157,
  0.068897638 -0.11933421 -0.78740157,0.097435974 -0.097435974 -0.78740157,
  0.11933421 -0.068897638 -0.78740157,0.13310002 -0.035664042 -0.78740157,
  0.13779528 0 -0.78740157,0.13310002 0.035664042 -0.78740157,
  0.11933421 0.068897638 -0.78740157,0.097435974 0.097435974 -0.78740157,
  0.068897638 0.11933421 -0.78740157,0.035664042 0.13310002 -0.78740157,
  0 0.13779528 -0.78740157,-0.035664042 0.13310002 -0.78740157,
  -0.068897638 0.11933421 -0.78740157,-0.097435974 0.097435974 -0.78740157,
  -0.11933421 0.068897638 -0.78740157,-0.13310002 0.035664042 -0.78740157,
  -0.13779528 0 -0.78740157,-0.13310002 -0.035664042 -0.78740157,
  -0.11933421 -0.068897638 -0.78740157,-0.097435974 -0.097435974 -0.78740157,
  -0.068897638 -0.11933421 -0.78740157,-0.035664042 -0.13310002 -0.78740157] }
 coordIndex [
  49,0,1,-1,49,1,25,-1,48,25,24,-1,48,49,25,-1,47,24,23,-1,47,48,24,-1,46,23,22,-1,46,47,23,-1,
  45,22,21,-1,45,46,22,-1,44,20,19,-1,44,21,20,-1,44,45,21,-1,43,44,19,-1,42,18,17,-1,42,19,18,-1,
  42,43,19,-1,41,17,16,-1,41,42,17,-1,40,16,15,-1,40,41,16,-1,39,40,15,-1,38,39,15,-1,38,15,14,-1,
  37,38,14,-1,37,14,13,-1,36,37,13,-1,36,13,12,-1,35,36,12,-1,35,12,11,-1,34,11,10,-1,34,35,11,-1,
  33,10,9,-1,33,34,10,-1,32,8,7,-1,32,9,8,-1,32,33,9,-1,31,32,7,-1,30,6,5,-1,30,7,6,-1,
  30,31,7,-1,29,30,5,-1,28,4,3,-1,28,5,4,-1,28,29,5,-1,27,28,3,-1,26,3,2,-1,26,27,3,-1]
  normalPerVertex TRUE
  normal DEF NORM_69 Normal { vector [
  -0.13052619 -0.99144486 0,-0.13052619 -0.99144486 0,
  0.13052619 -0.99144486 0,0.25881905 -0.96592583 0,
  0.5 -0.8660254 0,0.70710678 -0.70710678 0,
  0.8660254 -0.5 0,0.96592583 -0.25881905 0,
  1 0 0,0.9763442 0.21622209 0,
  0.88711369 0.46155098 0,0.73742784 0.67542593 0,
  0.5374875 0.84327172 0,0.30091828 0.95364993 0,
  0.04384197 0.99903848 0,-0.25881905 0.96592583 0,
  -0.5374875 0.84327172 0,-0.73742784 0.67542593 0,
  -0.8660254 0.5 0,-0.96592583 0.25881905 0,
  -1 0 0,-0.9763442 -0.21622209 0,
  -0.88711369 -0.46155098 0,-0.73742784 -0.67542593 0,
  -0.5374875 -0.84327172 0,-0.30091828 -0.95364993 0,
  0.13052619 -0.99144486 0,0.25881905 -0.96592583 0,
  0.5 -0.8660254 0,0.70710678 -0.70710678 0,
  0.8660254 -0.5 0,0.96592583 -0.25881905 0,
  1 0 0,0.95364993 0.30091828 0,
  0.84327172 0.5374875 0,0.67542593 0.73742784 0,
  0.46155098 0.88711369 0,0.21622209 0.9763442 0,
  -0.04384197 0.99903848 0,-0.25881905 0.96592583 0,
  -0.46155098 0.88711369 0,-0.67542593 0.73742784 0,
  -0.8660254 0.5 0,-0.96592583 0.25881905 0,
  -1 0 0,-0.95364993 -0.30091828 0,
  -0.84327172 -0.5374875 0,-0.67542593 -0.73742784 0,
  -0.46155098 -0.88711369 0,-0.21622209 -0.9763442 0] }
}
}
DEF SHAPE_70 Shape {
 appearance USE APP_3
 geometry DEF FACE_70 IndexedFaceSet {
  coord DEF COORD_70 Coordinate { point [
  5.9055118 0.13779528 0.61023622,5.8961213 0.13779528 0.6815643,
  5.8685897 0.13779528 0.7480315,5.8247932 0.13779528 0.80510817,
  5.7677165 0.13779528 0.84890464,5.7012493 0.13779528 0.87643625,
  5.6299213 0.13779528 0.88582677,5.9055118 0.13779528 0.61023622,
  5.8698478 0.13310002 0.61023622,5.8366142 0.11933421 0.61023622,
  5.8080758 0.097435974 0.61023622,5.7861776 0.068897638 0.61023622,
  5.7724118 0.035664042 0.61023622,5.7677165 0 0.61023622,
  5.7724118 -0.035664042 0.61023622,5.7861776 -0.068897638 0.61023622,
  5.8080758 -0.097435974 0.61023622,5.8366142 -0.11933421 0.61023622,
  5.8698478 -0.13310002 0.61023622,5.9055118 -0.13779528 0.61023622,
  5.9411759 -0.13310002 0.61023622,5.9744094 -0.11933421 0.61023622,
  6.0029478 -0.097435974 0.61023622,6.024846 -0.068897638 0.61023622,
  6.0386118 -0.035664042 0.61023622,6.0433071 0 0.61023622,
  6.0386118 0.035664042 0.61023622,6.024846 0.068897638 0.61023622,
  6.0029478 0.097435974 0.61023622,5.9744094 0.11933421 0.61023622,
  5.9411759 0.13310002 0.61023622,5.8961213 0.13779528 0.6815643,
  5.8685897 0.13779528 0.7480315,5.8247932 0.13779528 0.80510817,
  5.7677165 0.13779528 0.84890464,5.7012493 0.13779528 0.87643625,
  5.6299213 0.13779528 0.88582677,5.6299213 0.13310002 0.85016273,
  5.6299213 0.11933421 0.81692913,5.6299213 0.097435974 0.7883908,
  5.6299213 0.068897638 0.76649256,5.6299213 0.035664042 0.75272676,
  5.6299213 0 0.7480315,5.6299213 -0.035664042 0.75272676,
  5.6299213 -0.068897638 0.76649256,5.6299213 -0.097435974 0.7883908,
  5.6299213 -0.11933421 0.81692913,5.6299213 -0.13310002 0.85016273,
  5.6299213 -0.13779528 0.88582677,5.6299213 -0.13310002 0.92149081,
  5.6299213 -0.11933421 0.95472441,5.6299213 -0.097435974 0.98326275,
  5.6299213 -0.068897638 1.005161,5.6299213 -0.035664042 1.0189268,
  5.6299213 0 1.023622,5.6299213 0.035664042 1.0189268,
  5.6299213 0.068897638 1.005161,5.6299213 0.097435974 0.98326275,
  5.6299213 0.11933421 0.95472441,5.6299213 0.13310002 0.92149081,
  5.7808533 0.068897638 0.65067834,5.8089226 0.11933421 0.71358268,
  5.7630213 0 0.64590026,5.7652432 0.068897638 0.68836439,
  5.7760752 0.11933421 0.75639018,5.7808533 -0.068897638 0.65067834,
  5.7492555 0 0.67913386,5.7404112 0.068897638 0.72072614,
  5.7332677 0.11933421 0.78923753,5.8295713 -0.11933421 0.66373228,
  5.7652432 -0.068897638 0.68836439,5.7273572 0 0.70767219,
  5.7080494 0.068897638 0.74555818,5.6834173 0.11933421 0.80988624,
  5.8961213 -0.13779528 0.6815643,5.8089226 -0.11933421 0.71358268,
  5.7404112 -0.068897638 0.72072614,5.6988189 0 0.72957043,
  5.6703634 0.068897638 0.76116826,5.9626713 -0.11933421 0.69939632,
  5.8685897 -0.13779528 0.7480315,5.7760752 -0.11933421 0.75639018,
  5.7080494 -0.068897638 0.74555818,5.6655853 0 0.74333624,
  5.9282568 -0.11933421 0.78248031,5.8247932 -0.13779528 0.80510817,
  5.7332677 -0.11933421 0.78923753,5.6703634 -0.068897638 0.76116826,
  6.0292213 0 0.71722835,5.8735112 -0.11933421 0.85382615,
  5.7677165 -0.13779528 0.84890464,5.6834173 -0.11933421 0.80988624,
  5.8021654 -0.11933421 0.90857174,5.7012493 -0.13779528 0.87643625,
  5.9626713 0.11933421 0.69939632,5.7190814 -0.11933421 0.94298626,
  5.9282568 0.11933421 0.78248031,5.8735112 0.11933421 0.85382615,
  5.7369134 0 1.0095363,5.8021654 0.11933421 0.90857174,
  5.7190814 0.11933421 0.94298626,5.9947842 -0.068897638 0.76136738,
  5.9879239 0 0.81692913,5.9432361 -0.068897638 0.85065118,
  5.9222292 0 0.90254414,5.9947842 0.068897638 0.76136738,
  5.8703362 -0.068897638 0.9235511,5.8366142 0 0.96823885,
  5.9432361 0.068897638 0.85065118,5.7810524 -0.068897638 0.97509912,
  5.8703362 0.068897638 0.9235511,5.7810524 0.068897638 0.97509912] }
 coordIndex [
  31,7,8,-1,31,8,9,-1,37,36,35,-1,1,30,0,-1,6,59,5,-1,60,9,10,-1,60,10,11,-1,60,11,12,-1,
  60,31,9,-1,61,32,31,-1,61,31,60,-1,62,12,13,-1,62,13,14,-1,62,60,12,-1,63,61,60,-1,64,32,61,-1,
  64,33,32,-1,65,14,15,-1,65,15,16,-1,65,62,14,-1,66,60,62,-1,66,63,60,-1,67,61,63,-1,67,64,61,-1,
  68,34,33,-1,68,33,64,-1,69,16,17,-1,69,17,18,-1,69,65,16,-1,70,62,65,-1,70,66,62,-1,71,63,66,-1,
  71,67,63,-1,72,68,64,-1,72,64,67,-1,73,37,35,-1,73,34,68,-1,73,35,34,-1,73,38,37,-1,73,39,38,-1,
  74,18,19,-1,74,19,20,-1,74,69,18,-1,75,65,69,-1,75,70,65,-1,76,66,70,-1,76,71,66,-1,77,67,71,-1,
  77,72,67,-1,78,40,39,-1,78,41,40,-1,78,73,68,-1,78,39,73,-1,78,68,72,-1,79,74,20,-1,79,20,21,-1,
  79,21,22,-1,79,22,23,-1,80,69,74,-1,80,75,69,-1,81,70,75,-1,81,76,70,-1,82,77,71,-1,82,71,76,-1,
  83,78,72,-1,83,42,41,-1,83,43,42,-1,83,41,78,-1,83,72,77,-1,84,80,74,-1,84,74,79,-1,85,81,75,-1,
  85,75,80,-1,86,76,81,-1,86,82,76,-1,87,44,43,-1,87,45,44,-1,87,77,82,-1,87,43,83,-1,87,83,77,-1,
  88,23,24,-1,88,24,25,-1,88,25,26,-1,88,26,27,-1,89,80,84,-1,89,85,80,-1,90,81,85,-1,90,85,89,-1,
  90,86,81,-1,91,87,82,-1,91,45,87,-1,91,46,45,-1,91,47,46,-1,91,82,86,-1,92,90,89,-1,93,47,91,-1,
  93,91,86,-1,93,48,47,-1,93,49,48,-1,93,86,90,-1,94,1,2,-1,94,27,28,-1,94,28,29,-1,94,29,30,-1,
  94,30,1,-1,95,49,93,-1,95,93,90,-1,95,50,49,-1,95,51,50,-1,95,52,51,-1,95,90,92,-1,96,94,2,-1,
  97,2,3,-1,97,96,2,-1,98,53,52,-1,98,54,53,-1,98,55,54,-1,98,56,55,-1,99,3,4,-1,99,4,5,-1,
  99,97,3,-1,100,99,5,-1,100,57,56,-1,100,58,57,-1,100,59,58,-1,100,5,59,-1,101,79,23,-1,101,88,102,-1,
  101,23,88,-1,101,84,79,-1,103,102,104,-1,103,101,102,-1,103,84,101,-1,103,89,84,-1,105,27,94,-1,105,94,96,-1,
  105,88,27,-1,105,102,88,-1,106,92,89,-1,106,104,107,-1,106,103,104,-1,106,89,103,-1,108,104,102,-1,108,102,105,-1,
  108,96,97,-1,108,105,96,-1,109,95,92,-1,109,92,106,-1,109,52,95,-1,109,107,98,-1,109,98,52,-1,109,106,107,-1,
  110,107,104,-1,110,97,99,-1,110,104,108,-1,110,108,97,-1,111,98,107,-1,111,107,110,-1,111,56,98,-1,111,99,100,-1,
  111,110,99,-1,111,100,56,-1]
  normalPerVertex TRUE
  normal DEF NORM_70 Normal { vector [
  0.13050692 0.99129851 0.017181563,0.22133616 0.97190524 0.080065609,
  0.22414387 0.96592583 0.12940952,0.17373083 0.96584289 0.19226315,
  0.12940952 0.96592583 0.22414387,0.086446038 0.96988506 0.22770608,
  0.017181563 0.99129851 0.13050692,-0.13050692 0.99129851 -0.017181563,
  -0.25868867 0.96543927 0.031736081,-0.52034703 0.83003486 0.20070153,
  -0.70691973 0.70691973 0.022999818,-0.86045084 0.49678152 -0.1132805,
  -0.96386214 0.25826608 -0.065333102,-0.99144486 0 -0.13052619,
  -0.96386214 -0.25826608 -0.065333102,-0.86045084 -0.49678152 -0.1132805,
  -0.70645063 -0.70645063 -0.043069923,-0.49892023 -0.86415519 -0.065684095,
  -0.25881742 -0.96591977 0.0035408034,0 -1 0,
  0.25830158 -0.9639946 0.063203665,0.49892023 -0.86415519 0.065684095,
  0.69971347 -0.69971347 0.14422942,0.85083996 -0.49421455 0.178391,
  0.95209784 -0.25511385 0.16860199,0.99144486 0 0.13052619,
  0.95209784 0.25511385 0.16860199,0.85083996 0.49421455 0.178391,
  0.69971347 0.69971347 0.14422942,0.49892023 0.86415519 0.065684095,
  0.25830158 0.9639946 0.063203665,-0.39158606 0.91559522 -0.091355081,
  -0.21948791 0.96588412 -0.13745152,-0.17643397 0.96588412 -0.18957563,
  -0.12135635 0.96588412 -0.22878047,-0.031463328 0.97231325 -0.23155344,
  -0.017181563 0.99129851 -0.13050692,0.0035408034 0.96591977 -0.25881742,
  -0.065684095 0.86415519 -0.49892023,-0.043069923 0.70645063 -0.70645063,
  -0.1132805 0.49678152 -0.86045084,-0.065333102 0.25826608 -0.96386214,
  -0.13052619 0 -0.99144486,-0.065333102 -0.25826608 -0.96386214,
  -0.1132805 -0.49678152 -0.86045084,-0.043069923 -0.70645063 -0.70645063,
  -0.065684095 -0.86415519 -0.49892023,0.0035408034 -0.96591977 -0.25881742,
  0 -1 0,0.063203665 -0.9639946 0.25830158,
  0.065684095 -0.86415519 0.49892023,0.14422942 -0.69971347 0.69971347,
  0.178391 -0.49421455 0.85083996,0.16860199 -0.25511385 0.95209784,
  0.13052619 0 0.99144486,0.16860199 0.25511385 0.95209784,
  0.178391 0.49421455 0.85083996,0.14422942 0.69971347 0.69971347,
  0.065684095 0.86415519 0.49892023,0.063203665 0.9639946 0.25830158,
  -0.70421245 0.689054 -0.1711415,-0.40844322 0.84768267 -0.33853836,
  -0.97501158 -0.048611194 -0.21677032,-0.75796653 0.45741786 -0.46503295,
  -0.33488611 0.87843669 -0.34088161,-0.81236507 -0.55461874 -0.18016951,
  -0.8660254 0 -0.5,-0.60682685 0.51639601 -0.60423202,
  -0.23524849 0.87843669 -0.41594126,-0.43241457 -0.89772239 -0.084333541,
  -0.74070166 -0.51639601 -0.42976297,-0.70710678 0 -0.70710678,
  -0.42976297 0.51639601 -0.74070166,-0.084333541 0.89772239 -0.43241457,
  0.054944873 -0.99756895 0.042863155,-0.41594126 -0.87843669 -0.23524849,
  -0.60423202 -0.51639601 -0.60682685,-0.5 0 -0.8660254,
  -0.18016951 0.55461874 -0.81236507,0.54910231 -0.82265545 0.14739288,
  0.01345392 -0.99968172 0.021341111,-0.34088161 -0.87843669 -0.33488611,
  -0.42658497 -0.51639601 -0.74253648,-0.21677032 0.048611194 -0.97501158,
  0.44463428 -0.85974556 0.25127261,-0.033823857 -0.99909076 -0.025953959,
  -0.24259145 -0.87843669 -0.4117018,-0.1881807 -0.47399049 -0.86018663,
  0.96959818 0 0.2447026,0.34086025 -0.87614416 0.34086025,
  0.029117313 -0.99790834 0.057715919,-0.10592209 -0.85493925 -0.50779856,
  0.27365261 -0.83693309 0.47398023,0.010922267 -0.99958997 -0.026468864,
  0.5153028 0.84506641 0.14256855,0.14256855 -0.84506641 0.5153028,
  0.47398023 0.83693309 0.27365261,0.3644496 0.85974556 0.35779052,
  0.2447026 0 0.96959818,0.24102459 0.87614416 0.41746684,
  0.14739288 0.82265545 0.54910231,0.81714112 -0.49560202 0.29437904,
  0.8660254 0 0.5,0.6901533 -0.49319428 0.52957325,
  0.70710678 0 0.70710678,0.81714112 0.49560202 0.29437904,
  0.52957325 -0.49319428 0.6901533,0.5 0 0.8660254,
  0.6901533 0.49319428 0.52957325,0.29437904 -0.49560202 0.81714112,
  0.52957325 0.49319428 0.6901533,0.29437904 0.49560202 0.81714112] }
}
}
DEF SHAPE_71 Shape {
 appearance USE APP_3
 geometry DEF FACE_71 IndexedFaceSet {
  coord DEF COORD_71 Coordinate { point [
  0 -0.13779528 -0.78740157,0.035664042 -0.13310002 -0.78740157,
  0.068897638 -0.11933421 -0.78740157,0.097435974 -0.097435974 -0.78740157,
  0.11933421 -0.068897638 -0.78740157,0.13310002 -0.035664042 -0.78740157,
  0.13779528 0 -0.78740157,0.13310002 0.035664042 -0.78740157,
  0.11933421 0.068897638 -0.78740157,0.097435974 0.097435974 -0.78740157,
  0.068897638 0.11933421 -0.78740157,0.035664042 0.13310002 -0.78740157,
  0 0.13779528 -0.78740157,-0.035664042 0.13310002 -0.78740157,
  -0.068897638 0.11933421 -0.78740157,-0.097435974 0.097435974 -0.78740157,
  -0.11933421 0.068897638 -0.78740157,-0.13310002 0.035664042 -0.78740157,
  -0.13779528 0 -0.78740157,-0.13310002 -0.035664042 -0.78740157,
  -0.11933421 -0.068897638 -0.78740157,-0.097435974 -0.097435974 -0.78740157,
  -0.068897638 -0.11933421 -0.78740157,-0.035664042 -0.13310002 -0.78740157] }
 coordIndex [
  23,22,21,-1,3,1,0,-1,3,2,1,-1,3,5,4,-1,3,6,5,-1,3,7,6,-1,3,8,7,-1,3,9,8,-1,
  3,10,9,-1,3,11,10,-1,3,12,11,-1,3,13,12,-1,3,14,13,-1,3,15,14,-1,3,16,15,-1,3,17,16,-1,
  3,18,17,-1,3,19,18,-1,3,20,19,-1,3,21,20,-1,3,0,23,-1,3,23,21,-1]
  normalPerVertex TRUE
  normal DEF NORM_71 Normal { vector [
  0 0 -1,0 0 -1,
  0 0 -1,0 0 -1,
  0 0 -1,0 0 -1,
  0 0 -1,0 0 -1,
  0 0 -1,0 0 -1,
  0 0 -1,0 0 -1,
  0 0 -1,0 0 -1,
  0 0 -1,0 0 -1,
  0 0 -1,0 0 -1,
  0 0 -1,0 0 -1,
  0 0 -1,0 0 -1,
  0 0 -1,0 0 -1] }
}
}
DEF SHAPE_72 Shape {
 appearance USE APP_3
 geometry DEF FACE_72 IndexedFaceSet {
  coord DEF COORD_72 Coordinate { point [
  5.9055118 0.13779528 -0.78740157,5.9055118 0.13779528 0.61023622,
  5.9055118 0.13779528 0.61023622,5.8698478 0.13310002 0.61023622,
  5.8366142 0.11933421 0.61023622,5.8080758 0.097435974 0.61023622,
  5.7861776 0.068897638 0.61023622,5.7724118 0.035664042 0.61023622,
  5.7677165 0 0.61023622,5.7724118 -0.035664042 0.61023622,
  5.7861776 -0.068897638 0.61023622,5.8080758 -0.097435974 0.61023622,
  5.8366142 -0.11933421 0.61023622,5.8698478 -0.13310002 0.61023622,
  5.9055118 -0.13779528 0.61023622,5.9411759 -0.13310002 0.61023622,
  5.9744094 -0.11933421 0.61023622,6.0029478 -0.097435974 0.61023622,
  6.024846 -0.068897638 0.61023622,6.0386118 -0.035664042 0.61023622,
  6.0433071 0 0.61023622,6.0386118 0.035664042 0.61023622,
  6.024846 0.068897638 0.61023622,6.0029478 0.097435974 0.61023622,
  5.9744094 0.11933421 0.61023622,5.9411759 0.13310002 0.61023622,
  5.9055118 0.13779528 -0.78740157,5.8698478 0.13310002 -0.78740157,
  5.8366142 0.11933421 -0.78740157,5.8080758 0.097435974 -0.78740157,
  5.7861776 0.068897638 -0.78740157,5.7724118 0.035664042 -0.78740157,
  5.7677165 0 -0.78740157,5.7724118 -0.035664042 -0.78740157,
  5.7861776 -0.068897638 -0.78740157,5.8080758 -0.097435974 -0.78740157,
  5.8366142 -0.11933421 -0.78740157,5.8698478 -0.13310002 -0.78740157,
  5.9055118 -0.13779528 -0.78740157,5.9411759 -0.13310002 -0.78740157,
  5.9744094 -0.11933421 -0.78740157,6.0029478 -0.097435974 -0.78740157,
  6.024846 -0.068897638 -0.78740157,6.0386118 -0.035664042 -0.78740157,
  6.0433071 0 -0.78740157,6.0386118 0.035664042 -0.78740157,
  6.024846 0.068897638 -0.78740157,6.0029478 0.097435974 -0.78740157,
  5.9744094 0.11933421 -0.78740157,5.9411759 0.13310002 -0.78740157] }
 coordIndex [
  49,0,1,-1,49,1,25,-1,48,25,24,-1,48,49,25,-1,47,24,23,-1,47,48,24,-1,46,23,22,-1,46,47,23,-1,
  45,22,21,-1,45,46,22,-1,44,20,19,-1,44,21,20,-1,44,45,21,-1,43,44,19,-1,42,18,17,-1,42,19,18,-1,
  42,43,19,-1,41,17,16,-1,41,42,17,-1,40,16,15,-1,40,41,16,-1,39,40,15,-1,38,39,15,-1,38,15,14,-1,
  37,38,14,-1,37,14,13,-1,36,37,13,-1,36,13,12,-1,35,36,12,-1,35,12,11,-1,34,11,10,-1,34,35,11,-1,
  33,10,9,-1,33,34,10,-1,32,8,7,-1,32,9,8,-1,32,33,9,-1,31,32,7,-1,30,6,5,-1,30,7,6,-1,
  30,31,7,-1,29,30,5,-1,28,4,3,-1,28,5,4,-1,28,29,5,-1,27,28,3,-1,26,3,2,-1,26,27,3,-1]
  normalPerVertex TRUE
  normal DEF NORM_72 Normal { vector [
  0.13052619 0.99144486 0,0.13052619 0.99144486 0,
  -0.13052619 0.99144486 0,-0.25881905 0.96592583 0,
  -0.5 0.8660254 0,-0.70710678 0.70710678 0,
  -0.8660254 0.5 0,-0.96592583 0.25881905 0,
  -1 0 0,-0.9763442 -0.21622209 0,
  -0.88711369 -0.46155098 0,-0.73742784 -0.67542593 0,
  -0.5374875 -0.84327172 0,-0.30091828 -0.95364993 0,
  -0.04384197 -0.99903848 0,0.25881905 -0.96592583 0,
  0.5374875 -0.84327172 0,0.73742784 -0.67542593 0,
  0.8660254 -0.5 0,0.96592583 -0.25881905 0,
  1 0 0,0.9763442 0.21622209 0,
  0.88711369 0.46155098 0,0.73742784 0.67542593 0,
  0.5374875 0.84327172 0,0.30091828 0.95364993 0,
  -0.13052619 0.99144486 0,-0.25881905 0.96592583 0,
  -0.5 0.8660254 0,-0.70710678 0.70710678 0,
  -0.8660254 0.5 0,-0.96592583 0.25881905 0,
  -1 0 0,-0.95364993 -0.30091828 0,
  -0.84327172 -0.5374875 0,-0.67542593 -0.73742784 0,
  -0.46155098 -0.88711369 0,-0.21622209 -0.9763442 0,
  0.04384197 -0.99903848 0,0.25881905 -0.96592583 0,
  0.46155098 -0.88711369 0,0.67542593 -0.73742784 0,
  0.8660254 -0.5 0,0.96592583 -0.25881905 0,
  1 0 0,0.95364993 0.30091828 0,
  0.84327172 0.5374875 0,0.67542593 0.73742784 0,
  0.46155098 0.88711369 0,0.21622209 0.9763442 0] }
}
}
DEF SHAPE_73 Shape {
 appearance USE APP_3
 geometry DEF FACE_73 IndexedFaceSet {
  coord DEF COORD_73 Coordinate { point [
  5.9055118 0.13779528 -0.78740157,5.8698478 0.13310002 -0.78740157,
  5.8366142 0.11933421 -0.78740157,5.8080758 0.097435974 -0.78740157,
  5.7861776 0.068897638 -0.78740157,5.7724118 0.035664042 -0.78740157,
  5.7677165 0 -0.78740157,5.7724118 -0.035664042 -0.78740157,
  5.7861776 -0.068897638 -0.78740157,5.8080758 -0.097435974 -0.78740157,
  5.8366142 -0.11933421 -0.78740157,5.8698478 -0.13310002 -0.78740157,
  5.9055118 -0.13779528 -0.78740157,5.9411759 -0.13310002 -0.78740157,
  5.9744094 -0.11933421 -0.78740157,6.0029478 -0.097435974 -0.78740157,
  6.024846 -0.068897638 -0.78740157,6.0386118 -0.035664042 -0.78740157,
  6.0433071 0 -0.78740157,6.0386118 0.035664042 -0.78740157,
  6.024846 0.068897638 -0.78740157,6.0029478 0.097435974 -0.78740157,
  5.9744094 0.11933421 -0.78740157,5.9411759 0.13310002 -0.78740157] }
 coordIndex [
  3,1,0,-1,3,2,1,-1,3,5,4,-1,3,6,5,-1,3,7,6,-1,3,8,7,-1,3,9,8,-1,3,10,9,-1,
  3,11,10,-1,3,12,11,-1,3,13,12,-1,3,14,13,-1,3,15,14,-1,3,16,15,-1,3,17,16,-1,3,18,17,-1,
  3,19,18,-1,3,20,19,-1,3,21,20,-1,3,22,21,-1,3,23,22,-1,3,0,23,-1]
  normalPerVertex TRUE
  normal DEF NORM_73 Normal { vector [
  0 0 -1,0 0 -1,
  0 0 -1,0 0 -1,
  0 0 -1,0 0 -1,
  0 0 -1,0 0 -1,
  0 0 -1,0 0 -1,
  0 0 -1,0 0 -1,
  0 0 -1,0 0 -1,
  0 0 -1,0 0 -1,
  0 0 -1,0 0 -1,
  0 0 -1,0 0 -1,
  0 0 -1,0 0 -1,
  0 0 -1,0 0 -1] }
}
}
DEF SHAPE_74 Shape {
 appearance USE APP_4
 geometry DEF FACE_74 IndexedFaceSet {
  coord DEF COORD_74 Coordinate { point [
  4.7637795 0.23729386 1.4587048,4.7637795 0.052731969 1.013133,
  4.7637795 0.37748002 1.3777683,4.7637795 0.49194154 1.2633068,
  4.7637795 0.57287806 1.1231206,4.7637795 0.61477388 0.96676329,
  4.7637795 0.61477388 0.80489025,4.7637795 0.57287806 0.64853291,
  4.7637795 0.49194154 0.50834675,4.7637795 0.37748002 0.39388523,
  4.7637795 0.23729386 0.31294872,4.7637795 0.080936517 0.27105289,
  4.7637795 -0.080936517 0.27105289,4.7637795 -0.23729386 0.31294872,
  4.7637795 -0.37748002 0.39388523,4.7637795 -0.49194154 0.50834675,
  4.7637795 -0.57287806 0.64853291,4.7637795 -0.61477388 0.80489025,
  4.7637795 -0.61477388 0.96676329,4.7637795 -0.57287806 1.1231206,
  4.7637795 -0.49194154 1.2633068,4.7637795 -0.37748002 1.3777683,
  4.7637795 -0.23729386 1.4587048,4.7637795 -0.052731969 1.013133,
  4.7637795 0.13779528 0.88582677,4.7637795 0.13337068 0.85118864,
  4.7637795 0.12038104 0.81877497,4.7637795 0.099660544 0.79066736,
  4.7637795 0.072539865 0.76867087,4.7637795 0.040760686 0.75419811,
  4.7637795 0.0063638624 0.74817853,4.7637795 -0.028441648 0.75099869,
  4.7637795 -0.06142064 0.7624775,4.7637795 -0.090455207 0.78187778,
  4.7637795 -0.11368075 0.80795364,4.7637795 -0.12960574 0.83903051,
  4.7637795 -0.13720747 0.87311263,4.7637795 -0.13599775 0.90801124,
  4.7637795 -0.12605427 0.94148518,4.7637795 -0.10801561 0.97138474,
  4.7637795 -0.083040206 0.99578978,4.7637795 0.080994031 0.99730549,
  4.7637795 0.10478035 0.97531764,4.7637795 0.12277649 0.94838452,
  4.7637795 0.13398798 0.91799444] }
 coordIndex [
  35,16,17,-1,34,15,16,-1,34,16,35,-1,36,17,18,-1,36,35,17,-1,33,14,15,-1,33,15,34,-1,37,18,19,-1,
  37,36,18,-1,32,13,14,-1,32,14,33,-1,38,19,20,-1,38,37,19,-1,31,12,13,-1,31,13,32,-1,39,20,21,-1,
  39,38,20,-1,30,11,12,-1,30,12,31,-1,40,39,21,-1,29,11,30,-1,22,23,40,-1,22,40,21,-1,10,11,29,-1,
  28,10,29,-1,9,28,27,-1,9,10,28,-1,8,9,27,-1,8,27,26,-1,0,41,1,-1,7,8,26,-1,7,26,25,-1,
  2,41,0,-1,2,42,41,-1,6,25,24,-1,6,7,25,-1,3,42,2,-1,3,43,42,-1,5,6,24,-1,5,24,44,-1,
  4,43,3,-1,4,5,44,-1,4,44,43,-1]
  normalPerVertex TRUE
  normal DEF NORM_74 Normal { vector [
  -1 0 0,-1 0 0,
  -1 0 0,-1 0 0,
  -1 0 0,-1 0 0,
  -1 0 0,-1 0 0,
  -1 0 0,-1 0 0,
  -1 0 0,-1 0 0,
  -1 0 0,-1 0 0,
  -1 0 0,-1 0 0,
  -1 0 0,-1 0 0,
  -1 0 0,-1 0 0,
  -1 0 0,-1 0 0,
  -1 0 0,-1 0 0,
  -1 0 0,-1 0 0,
  -1 0 0,-1 0 0,
  -1 0 0,-1 0 0,
  -1 0 0,-1 0 0,
  -1 0 0,-1 0 0,
  -1 0 0,-1 0 0,
  -1 0 0,-1 0 0,
  -1 0 0,-1 0 0,
  -1 0 0,-1 0 0,
  -1 0 0,-1 0 0,
  -1 0 0] }
}
}
DEF SHAPE_75 Shape {
 appearance USE APP_3
 geometry DEF FACE_75 IndexedFaceSet {
  coord DEF COORD_75 Coordinate { point [
  4.7677165 0.052731969 1.013133,4.7637795 0.052731969 1.013133,
  4.7637795 0.23729386 1.4587048,4.7677165 0.23729386 1.4587048] }
 coordIndex [
  2,1,0,-1,2,0,3,-1]
  normalPerVertex TRUE
  normal DEF NORM_75 Normal { vector [
  0 -0.92387953 0.38268343,0 -0.92387953 0.38268343,
  0 -0.92387953 0.38268343,0 -0.92387953 0.38268343] }
}
}
DEF SHAPE_76 Shape {
 appearance USE APP_3
 geometry DEF FACE_76 IndexedFaceSet {
  coord DEF COORD_76 Coordinate { point [
  4.7677165 0.052731969 1.013133,4.7637795 0.052731969 1.013133,
  4.7677165 -0.052731969 1.013133,4.7677165 -0.026882525 1.0209743,
  4.7677165 0 1.023622,4.7677165 0.026882525 1.0209743,
  4.7637795 -0.052731969 1.013133,4.7637795 0.13779528 0.88582677,
  4.7637795 0.13337068 0.85118864,4.7637795 0.12038104 0.81877497,
  4.7637795 0.099660544 0.79066736,4.7637795 0.072539865 0.76867087,
  4.7637795 0.040760686 0.75419811,4.7637795 0.0063638624 0.74817853,
  4.7637795 -0.028441648 0.75099869,4.7637795 -0.06142064 0.7624775,
  4.7637795 -0.090455207 0.78187778,4.7637795 -0.11368075 0.80795364,
  4.7637795 -0.12960574 0.83903051,4.7637795 -0.13720747 0.87311263,
  4.7637795 -0.13599775 0.90801124,4.7637795 -0.12605427 0.94148518,
  4.7637795 -0.10801561 0.97138474,4.7637795 -0.083040206 0.99578978,
  4.8031496 0.13779528 0.88582677,4.8031496 0.13310002 0.85016273,
  4.8031496 0.11933421 0.81692913,4.8031496 0.097435974 0.7883908,
  4.8031496 0.068897638 0.76649256,4.8031496 0.035664042 0.75272676,
  4.8031496 0 0.7480315,4.8031496 -0.035664042 0.75272676,
  4.8031496 -0.068897638 0.76649256,4.8031496 -0.097435974 0.7883908,
  4.8031496 -0.11933421 0.81692913,4.8031496 -0.13310002 0.85016273,
  4.8031496 -0.13779528 0.88582677,4.8031496 -0.13310002 0.92149081,
  4.8031496 -0.11933421 0.95472441,4.8031496 -0.097435974 0.98326275,
  4.8031496 -0.068897638 1.005161,4.8031496 -0.035664042 1.0189268,
  4.8031496 0 1.023622,4.8031496 0.035664042 1.0189268,
  4.8031496 0.068897638 1.005161,4.8031496 0.097435974 0.98326275,
  4.8031496 0.11933421 0.95472441,4.8031496 0.13310002 0.92149081,
  4.8031496 0.13779528 0.88582677,4.7637795 0.13779528 0.88582677,
  4.7637795 0.080994031 0.99730549,4.7637795 0.10478035 0.97531764,
  4.7637795 0.12277649 0.94838452,4.7637795 0.13398798 0.91799444] }
 coordIndex [
  8,24,7,-1,8,25,24,-1,9,26,25,-1,9,25,8,-1,10,27,26,-1,10,26,9,-1,11,28,27,-1,11,27,10,-1,
  12,29,28,-1,12,28,11,-1,13,30,29,-1,13,29,12,-1,14,31,30,-1,14,30,13,-1,15,32,31,-1,15,31,14,-1,
  16,33,32,-1,16,32,15,-1,17,34,33,-1,17,33,16,-1,18,34,17,-1,18,35,34,-1,19,35,18,-1,19,36,35,-1,
  20,36,19,-1,20,37,36,-1,21,37,20,-1,21,38,37,-1,22,38,21,-1,22,39,38,-1,23,39,22,-1,23,40,39,-1,
  2,40,23,-1,2,41,40,-1,6,2,23,-1,3,41,2,-1,3,42,41,-1,4,42,3,-1,5,42,4,-1,5,43,42,-1,
  0,43,5,-1,0,44,43,-1,50,0,1,-1,50,44,0,-1,50,45,44,-1,51,46,45,-1,51,45,50,-1,52,47,46,-1,
  52,46,51,-1,53,48,47,-1,53,47,52,-1,49,48,53,-1]
  normalPerVertex TRUE
  normal DEF NORM_76 Normal { vector [
  0.0011448876 -0.39836352 -0.9172269,0 -0.48862124 -0.87249601,
  0.0033505312 0.40402439 -0.91474208,-0.0049912015 0.1692942 -0.98555292,
  0 0 -1,-0.0049912015 -0.1692942 -0.98555292,
  0 0.49666211 -0.86794398,0 -0.99194004 0.12670818,
  -6.8411246e-05 -0.97760903 0.21042952,0.00096569476 -0.89213713 0.45176367,
  0.0019329812 -0.74818681 0.66348531,0.0028334663 -0.5551941 0.83171599,
  0.0036671678 -0.32580977 0.94542823,0.0044341029 -0.075070036 0.99716841,
  0.005134288 0.18058917 0.98354522,0.0057677387 0.42440956 0.90545196,
  0.0063344692 0.64040902 0.76800791,0.006834493 0.81442922 0.58022266,
  0.0072678219 0.93506358 0.35440553,0.0076344664 0.99440498 0.10535866,
  0.0079344357 0.98856397 -0.15059325,0.0081677372 0.91792365 -0.39667298,
  0.0083343769 0.78711458 -0.61675049,0.0082948601 0.60215866 -0.79833335,
  -0.0017327271 -0.99168912 0.12864557,-0.0023138017 -0.95503685 0.2964781,
  -0.0033970779 -0.84710345 0.53141717,-0.0044080314 -0.68254474 0.73083052,
  -0.0053466808 -0.47236203 0.88138841,-0.0062130448 -0.23060618 0.97302733,
  -0.0070071412 0.026561827 0.99962261,-0.0077289871 0.28195124 0.9593976,
  -0.0083785988 0.51849064 0.85504226,-0.0089559912 0.72036906 0.69353314,
  -0.009461178 0.87409273 0.48566696,-0.0098941716 0.96938691 0.24533879,
  -0.010254983 0.99988258 -0.011386745,-0.01054362 0.963542 -0.26734929,
  -0.010760092 0.86279482 -0.50543973,-0.010904404 0.70437562 -0.70974367,
  -0.011548156 0.50194312 -0.86482353,-0.016721422 0.26745328 -0.96342573,
  -0.014344074 0 -0.99989712,-0.016721422 -0.26745328 -0.96342573,
  -0.01352239 -0.49969143 -0.86609793,-0.011957103 -0.69833243 -0.7156737,
  -0.010131788 -0.85558314 -0.51756627,-0.0073931806 -0.9581017 -0.28633279,
  -0.0056667922 -0.99221941 -0.12437251,0 -0.99306846 -0.1175374,
  0.0043166343 -0.59281222 -0.80532915,0.0033606236 -0.77246061 -0.63505379,
  0.0016397081 -0.90343492 -0.42872213,-0.0007702223 -0.98044638 -0.19678491] }
}
}
DEF SHAPE_77 Shape {
 appearance USE APP_3
 geometry DEF FACE_77 IndexedFaceSet {
  coord DEF COORD_77 Coordinate { point [
  4.7677165 -0.052731969 1.013133,4.7637795 -0.052731969 1.013133,
  4.7637795 -0.23729386 1.4587048,4.7677165 -0.23729386 1.4587048] }
 coordIndex [
  2,0,1,-1,2,3,0,-1]
  normalPerVertex TRUE
  normal DEF NORM_77 Normal { vector [
  0 0.92387953 0.38268343,0 0.92387953 0.38268343,
  0 0.92387953 0.38268343,0 0.92387953 0.38268343] }
}
}
DEF SHAPE_78 Shape {
 appearance USE APP_4
 geometry DEF FACE_78 IndexedFaceSet {
  coord DEF COORD_78 Coordinate { point [
  4.8031496 0.23729386 1.4587048,4.7677165 0.23729386 1.4587048,
  4.8031496 0 0.26574803,4.8031496 0.1533495 0.28500935,
  4.8031496 0.29717211 0.34159669,4.8031496 0.42253278 0.43199454,
  4.8031496 0.52164343 0.55058689,4.8031496 0.58834678 0.69000616,
  4.8031496 0.61849885 0.84159086,4.8031496 0.61022644 0.99592373,
  4.8031496 0.56404346 1.1434168,4.8031496 0.48281906 1.274907,
  4.8031496 0.37159934 1.3822254,4.8031496 -0.23729386 1.4587048,
  4.8031496 -0.37159934 1.3822254,4.8031496 -0.48281906 1.274907,
  4.8031496 -0.56404346 1.1434168,4.8031496 -0.61022644 0.99592373,
  4.8031496 -0.61849885 0.84159086,4.8031496 -0.58834678 0.69000616,
  4.8031496 -0.52164343 0.55058689,4.8031496 -0.42253278 0.43199454,
  4.8031496 -0.29717211 0.34159669,4.8031496 -0.1533495 0.28500935,
  4.7677165 -0.23729386 1.4587048,4.7637795 -0.23729386 1.4587048,
  4.7637795 0.23729386 1.4587048,4.7637795 0.37748002 1.3777683,
  4.7637795 0.49194154 1.2633068,4.7637795 0.57287806 1.1231206,
  4.7637795 0.61477388 0.96676329,4.7637795 0.61477388 0.80489025,
  4.7637795 0.57287806 0.64853291,4.7637795 0.49194154 0.50834675,
  4.7637795 0.37748002 0.39388523,4.7637795 0.23729386 0.31294872,
  4.7637795 0.080936517 0.27105289,4.7637795 -0.080936517 0.27105289,
  4.7637795 -0.23729386 0.31294872,4.7637795 -0.37748002 0.39388523,
  4.7637795 -0.49194154 0.50834675,4.7637795 -0.57287806 0.64853291,
  4.7637795 -0.61477388 0.80489025,4.7637795 -0.61477388 0.96676329,
  4.7637795 -0.57287806 1.1231206,4.7637795 -0.49194154 1.2633068,
  4.7637795 -0.37748002 1.3777683] }
 coordIndex [
  1,0,12,-1,27,12,11,-1,27,26,1,-1,27,1,12,-1,28,11,10,-1,28,27,11,-1,29,10,9,-1,29,28,10,-1,
  30,9,8,-1,30,29,9,-1,31,8,7,-1,31,30,8,-1,32,7,6,-1,32,31,7,-1,33,6,5,-1,33,32,6,-1,
  34,5,4,-1,34,33,5,-1,35,4,3,-1,35,34,4,-1,36,3,2,-1,36,35,3,-1,37,2,23,-1,37,36,2,-1,
  38,23,22,-1,38,37,23,-1,39,38,22,-1,39,22,21,-1,40,39,21,-1,40,21,20,-1,41,40,20,-1,41,20,19,-1,
  42,41,19,-1,42,19,18,-1,43,18,17,-1,43,42,18,-1,44,17,16,-1,44,43,17,-1,45,16,15,-1,45,44,16,-1,
  46,15,14,-1,46,45,15,-1,24,14,13,-1,24,46,14,-1,25,46,24,-1]
  normalPerVertex TRUE
  normal DEF NORM_78 Normal { vector [
  0 0.49483834 0.86898505,-0.011948126 0.49744555 0.86741292,
  0.034248591 0 -0.99941334,0.033899348 0.25114322 -0.96735615,
  0.032851527 0.48618623 -0.8732375,0.031104861 0.69005783 -0.72308553,
  0.02865893 0.84967981 -0.52651959,0.0255132 0.95480461 -0.2961372,
  0.021667076 0.99867346 -0.046710285,0.01711997 0.97845302 0.20575857,
  0.011871389 0.89542188 0.44506036,0.0059210337 0.75489457 0.65581944,
  -0.0007572046 0.56818417 0.82290108,0 -0.49483834 0.86898505,
  -0.0007572046 -0.56818417 0.82290108,0.0059210337 -0.75489457 0.65581944,
  0.011871389 -0.89542188 0.44506036,0.01711997 -0.97845302 0.20575857,
  0.021667076 -0.99867346 -0.046710285,0.0255132 -0.95480461 -0.2961372,
  0.02865893 -0.84967981 -0.52651959,0.031104861 -0.69005783 -0.72308553,
  0.032851527 -0.48618623 -0.8732375,0.033899348 -0.25114322 -0.96735615,
  -0.011948126 -0.49744555 0.86741292,0 -0.5 0.8660254,
  0 0.5 0.8660254,-0.015394133 0.63319906 0.77383588,
  -0.023015215 0.81271112 0.5822121,-0.029347025 0.93418421 0.35558207,
  -0.034883871 0.99380678 0.10550447,-0.039626744 0.98766836 -0.15146263,
  -0.043576783 0.91620917 -0.39832377,-0.046735141 0.78418298 -0.61876723,
  -0.049102872 0.60033725 -0.79823812,-0.050680844 0.37683232 -0.92489397,
  -0.051469671 0.1284382 -0.99038099,-0.051469671 -0.1284382 -0.99038099,
  -0.050680844 -0.37683232 -0.92489397,-0.049102872 -0.60033725 -0.79823812,
  -0.046735141 -0.78418298 -0.61876723,-0.043576783 -0.91620917 -0.39832377,
  -0.039626744 -0.98766836 -0.15146263,-0.034883871 -0.99380678 0.10550447,
  -0.029347025 -0.93418421 0.35558207,-0.023015215 -0.81271112 0.5822121,
  -0.015394133 -0.63319906 0.77383588] }
}
}
DEF SHAPE_79 Shape {
 appearance USE APP_3
 geometry DEF FACE_79 IndexedFaceSet {
  coord DEF COORD_79 Coordinate { point [
  4.7677165 -0.23729386 1.4587048,4.7677165 -0.052731969 1.013133,
  4.7677165 -0.12097136 1.4939909,4.7677165 0 1.5059055,
  4.7677165 0.12097136 1.4939909,4.7677165 0.23729386 1.4587048,
  4.7677165 0.052731969 1.013133,4.7677165 -0.026882525 1.0209743,
  4.7677165 0 1.023622,4.7677165 0.026882525 1.0209743] }
 coordIndex [
  0,7,1,-1,2,8,7,-1,2,7,0,-1,3,8,2,-1,4,9,8,-1,4,8,3,-1,5,6,9,-1,5,9,4,-1]
  normalPerVertex TRUE
  normal DEF NORM_79 Normal { vector [
  -1 0 0,-1 0 0,
  -1 0 0,-1 0 0,
  -1 0 0,-1 0 0,
  -1 0 0,-1 0 0,
  -1 0 0,-1 0 0] }
}
}
DEF SHAPE_80 Shape {
 appearance USE APP_3
 geometry DEF FACE_80 IndexedFaceSet {
  coord DEF COORD_80 Coordinate { point [
  4.8031496 0 0.26574803,4.8031496 0.1533495 0.28500935,
  4.8031496 0.29717211 0.34159669,4.8031496 0.42253278 0.43199454,
  4.8031496 0.52164343 0.55058689,4.8031496 0.58834678 0.69000616,
  4.8031496 0.61849885 0.84159086,4.8031496 0.61022644 0.99592373,
  4.8031496 0.56404346 1.1434168,4.8031496 0.48281906 1.274907,
  4.8031496 0.37159934 1.3822254,4.8031496 0.23729386 1.4587048,
  4.8031496 0.12097136 1.4939909,4.8031496 0 1.5059055,
  4.8031496 -0.12097136 1.4939909,4.8031496 -0.23729386 1.4587048,
  4.8031496 -0.37159934 1.3822254,4.8031496 -0.48281906 1.274907,
  4.8031496 -0.56404346 1.1434168,4.8031496 -0.61022644 0.99592373,
  4.8031496 -0.61849885 0.84159086,4.8031496 -0.58834678 0.69000616,
  4.8031496 -0.52164343 0.55058689,4.8031496 -0.42253278 0.43199454,
  4.8031496 -0.29717211 0.34159669,4.8031496 -0.1533495 0.28500935,
  4.8031496 0.13779528 0.88582677,4.8031496 0.13310002 0.85016273,
  4.8031496 0.11933421 0.81692913,4.8031496 0.097435974 0.7883908,
  4.8031496 0.068897638 0.76649256,4.8031496 0.035664042 0.75272676,
  4.8031496 0 0.7480315,4.8031496 -0.035664042 0.75272676,
  4.8031496 -0.068897638 0.76649256,4.8031496 -0.097435974 0.7883908,
  4.8031496 -0.11933421 0.81692913,4.8031496 -0.13310002 0.85016273,
  4.8031496 -0.13779528 0.88582677,4.8031496 -0.13310002 0.92149081,
  4.8031496 -0.11933421 0.95472441,4.8031496 -0.097435974 0.98326275,
  4.8031496 -0.068897638 1.005161,4.8031496 -0.035664042 1.0189268,
  4.8031496 0 1.023622,4.8031496 0.035664042 1.0189268,
  4.8031496 0.068897638 1.005161,4.8031496 0.097435974 0.98326275,
  4.8031496 0.11933421 0.95472441,4.8031496 0.13310002 0.92149081] }
 coordIndex [
  35,22,23,-1,36,21,22,-1,36,22,35,-1,34,23,24,-1,34,35,23,-1,37,20,21,-1,37,21,36,-1,33,24,25,-1,
  33,34,24,-1,38,19,20,-1,38,20,37,-1,32,0,1,-1,32,25,0,-1,32,33,25,-1,39,18,19,-1,39,19,38,-1,
  31,1,2,-1,31,32,1,-1,30,31,2,-1,40,17,18,-1,40,18,39,-1,3,30,2,-1,29,30,3,-1,41,17,40,-1,
  16,17,41,-1,16,41,42,-1,4,28,29,-1,4,29,3,-1,15,16,42,-1,15,42,43,-1,5,27,28,-1,5,28,4,-1,
  14,15,43,-1,14,43,44,-1,6,27,5,-1,6,26,27,-1,13,14,44,-1,7,26,6,-1,7,49,26,-1,12,13,44,-1,
  12,44,45,-1,11,12,45,-1,11,45,46,-1,8,49,7,-1,8,48,49,-1,10,46,47,-1,10,11,46,-1,9,10,47,-1,
  9,47,48,-1,9,48,8,-1]
  normalPerVertex TRUE
  normal DEF NORM_80 Normal { vector [
  1 0 0,1 0 0,
  1 0 0,1 0 0,
  1 0 0,1 0 0,
  1 0 0,1 0 0,
  1 0 0,1 0 0,
  1 0 0,1 0 0,
  1 0 0,1 0 0,
  1 0 0,1 0 0,
  1 0 0,1 0 0,
  1 0 0,1 0 0,
  1 0 0,1 0 0,
  1 0 0,1 0 0,
  1 0 0,1 0 0,
  1 0 0,1 0 0,
  1 0 0,1 0 0,
  1 0 0,1 0 0,
  1 0 0,1 0 0,
  1 0 0,1 0 0,
  1 0 0,1 0 0,
  1 0 0,1 0 0,
  1 0 0,1 0 0,
  1 0 0,1 0 0,
  1 0 0,1 0 0,
  1 0 0,1 0 0,
  1 0 0,1 0 0] }
}
}
DEF SHAPE_81 Shape {
 appearance USE APP_3
 geometry DEF FACE_81 IndexedFaceSet {
  coord DEF COORD_81 Coordinate { point [
  4.8031496 -0.23729386 1.4587048,4.7677165 -0.23729386 1.4587048,
  4.8031496 0.23729386 1.4587048,4.8031496 0.12097136 1.4939909,
  4.8031496 0 1.5059055,4.8031496 -0.12097136 1.4939909,
  4.7677165 0.23729386 1.4587048,4.7677165 -0.12097136 1.4939909,
  4.7677165 0 1.5059055,4.7677165 0.12097136 1.4939909] }
 coordIndex [
  1,0,5,-1,7,5,4,-1,7,1,5,-1,8,4,3,-1,8,7,4,-1,9,3,2,-1,9,8,3,-1,6,9,2,-1]
  normalPerVertex TRUE
  normal DEF NORM_81 Normal { vector [
  0 -0.29028468 0.95694034,0 -0.29028468 0.95694034,
  0 0.29028468 0.95694034,0 0.16280297 0.9866586,
  0 -0.032812789 0.99946152,0 -0.22716757 0.97385569,
  0 0.29028468 0.95694034,0 -0.16280297 0.9866586,
  0 0.032812789 0.99946152,0 0.22716757 0.97385569] }
}
}
] }
] }
] }
] }
DEF TXFM_11 Transform {
  center 0 0 0
  rotation 0 0 1 0
  scale 1 1 1
  scaleOrientation 0 0 1 0
  translation 0 0 0
 children [
DEF SHAPE_82 Shape {
 appearance DEF APP_6 Appearance {
  material Material {
   ambientIntensity 1
   diffuseColor 0 0 0
   emissiveColor 0 0 0
   shininess 0.0099999998
   specularColor 0.1 0.1 0.1
   transparency 0
} }
 geometry DEF FACE_82 IndexedFaceSet {
  coord DEF COORD_82 Coordinate { point [
  49.129921 -43.775591 0.31003937,49.142059 -43.714572 0.31003937,
  49.176623 -43.662843 0.31003937,49.228352 -43.628279 0.31003937,
  49.28937 -43.616142 0.31003937,49.350389 -43.628279 0.31003937,
  49.402117 -43.662843 0.31003937,49.436682 -43.714572 0.31003937,
  49.448819 -43.775591 0.31003937,49.436682 -43.836609 0.31003937,
  49.402117 -43.888338 0.31003937,49.350389 -43.922902 0.31003937,
  49.28937 -43.935039 0.31003937,49.228352 -43.922902 0.31003937,
  49.176623 -43.888338 0.31003937,49.142059 -43.836609 0.31003937,
  49.129921 -44.775591 0.31003937,49.142059 -44.714572 0.31003937,
  49.176623 -44.662843 0.31003937,49.228352 -44.628279 0.31003937,
  49.28937 -44.616142 0.31003937,49.350389 -44.628279 0.31003937,
  49.402117 -44.662843 0.31003937,49.436682 -44.714572 0.31003937,
  49.448819 -44.775591 0.31003937,49.436682 -44.836609 0.31003937,
  49.402117 -44.888338 0.31003937,49.350389 -44.922902 0.31003937,
  49.28937 -44.935039 0.31003937,49.228352 -44.922902 0.31003937,
  49.176623 -44.888338 0.31003937,49.142059 -44.836609 0.31003937,
  49.129921 -45.775591 0.31003937,49.142059 -45.714572 0.31003937,
  49.176623 -45.662843 0.31003937,49.228352 -45.628279 0.31003937,
  49.28937 -45.616142 0.31003937,49.350389 -45.628279 0.31003937,
  49.402117 -45.662843 0.31003937,49.436682 -45.714572 0.31003937,
  49.448819 -45.775591 0.31003937,49.436682 -45.836609 0.31003937,
  49.402117 -45.888338 0.31003937,49.350389 -45.922902 0.31003937,
  49.28937 -45.935039 0.31003937,49.228352 -45.922902 0.31003937,
  49.176623 -45.888338 0.31003937,49.142059 -45.836609 0.31003937,
  49.129921 -46.775591 0.31003937,49.142059 -46.714572 0.31003937,
  49.176623 -46.662843 0.31003937,49.228352 -46.628279 0.31003937,
  49.28937 -46.616142 0.31003937,49.350389 -46.628279 0.31003937,
  49.402117 -46.662843 0.31003937,49.436682 -46.714572 0.31003937,
  49.448819 -46.775591 0.31003937,49.436682 -46.836609 0.31003937,
  49.402117 -46.888338 0.31003937,49.350389 -46.922902 0.31003937,
  49.28937 -46.935039 0.31003937,49.228352 -46.922902 0.31003937,
  49.176623 -46.888338 0.31003937,49.142059 -46.836609 0.31003937,
  60.096457 -48.153543 0.31003937,60.107096 -48.100058 0.31003937,
  60.137393 -48.054715 0.31003937,60.182735 -48.024418 0.31003937,
  60.23622 -48.01378 0.31003937,60.289706 -48.024418 0.31003937,
  60.335048 -48.054715 0.31003937,60.365345 -48.100058 0.31003937,
  60.375984 -48.153543 0.31003937,60.365345 -48.207029 0.31003937,
  60.335048 -48.252371 0.31003937,60.289706 -48.282668 0.31003937,
  60.23622 -48.293307 0.31003937,60.182735 -48.282668 0.31003937,
  60.137393 -48.252371 0.31003937,60.107096 -48.207029 0.31003937,
  60.289706 -45.024418 0.31003937,60.335048 -45.054715 0.31003937,
  60.365345 -45.100058 0.31003937,60.375984 -45.153543 0.31003937,
  60.365345 -45.207029 0.31003937,60.335048 -45.252371 0.31003937,
  60.289706 -45.282668 0.31003937,60.23622 -45.293307 0.31003937,
  60.182735 -45.282668 0.31003937,60.137393 -45.252371 0.31003937,
  60.107096 -45.207029 0.31003937,60.096457 -45.153543 0.31003937,
  60.107096 -45.100058 0.31003937,60.137393 -45.054715 0.31003937,
  60.182735 -45.024418 0.31003937,60.23622 -45.01378 0.31003937,
  58.895669 -35.507874 0.31003937,58.883532 -35.568892 0.31003937,
  58.848968 -35.620621 0.31003937,58.797239 -35.655186 0.31003937,
  58.73622 -35.667323 0.31003937,58.675202 -35.655186 0.31003937,
  58.623473 -35.620621 0.31003937,58.588909 -35.568892 0.31003937,
  58.576772 -35.507874 0.31003937,58.588909 -35.446856 0.31003937,
  58.623473 -35.395127 0.31003937,58.675202 -35.360563 0.31003937,
  58.73622 -35.348425 0.31003937,58.797239 -35.360563 0.31003937,
  58.848968 -35.395127 0.31003937,58.883532 -35.446856 0.31003937,
  59.840551 -42.418307 0.31003937,59.855685 -42.342222 0.31003937,
  59.898784 -42.277721 0.31003937,59.963285 -42.234622 0.31003937,
  60.03937 -42.219488 0.31003937,60.115455 -42.234622 0.31003937,
  60.179956 -42.277721 0.31003937,60.223055 -42.342222 0.31003937,
  60.238189 -42.418307 0.31003937,60.223055 -42.494392 0.31003937,
  60.179956 -42.558893 0.31003937,60.115455 -42.601992 0.31003937,
  60.03937 -42.617126 0.31003937,59.963285 -42.601992 0.31003937,
  59.898784 -42.558893 0.31003937,59.855685 -42.494392 0.31003937,
  58.576772 -36.507874 0.31003937,58.588909 -36.446856 0.31003937,
  58.623473 -36.395127 0.31003937,58.675202 -36.360563 0.31003937,
  58.73622 -36.348425 0.31003937,58.797239 -36.360563 0.31003937,
  58.848968 -36.395127 0.31003937,58.883532 -36.446856 0.31003937,
  58.895669 -36.507874 0.31003937,58.883532 -36.568892 0.31003937,
  58.848968 -36.620621 0.31003937,58.797239 -36.655186 0.31003937,
  58.73622 -36.667323 0.31003937,58.675202 -36.655186 0.31003937,
  58.623473 -36.620621 0.31003937,58.588909 -36.568892 0.31003937,
  58.576772 -37.507874 0.31003937,58.588909 -37.446856 0.31003937,
  58.623473 -37.395127 0.31003937,58.675202 -37.360563 0.31003937,
  58.73622 -37.348425 0.31003937,58.797239 -37.360563 0.31003937,
  58.848968 -37.395127 0.31003937,58.883532 -37.446856 0.31003937,
  58.895669 -37.507874 0.31003937,58.883532 -37.568892 0.31003937,
  58.848968 -37.620621 0.31003937,58.797239 -37.655186 0.31003937,
  58.73622 -37.667323 0.31003937,58.675202 -37.655186 0.31003937,
  58.623473 -37.620621 0.31003937,58.588909 -37.568892 0.31003937,
  58.576772 -38.507874 0.31003937,58.588909 -38.446856 0.31003937,
  58.623473 -38.395127 0.31003937,58.675202 -38.360563 0.31003937,
  58.73622 -38.348425 0.31003937,58.797239 -38.360563 0.31003937,
  58.848968 -38.395127 0.31003937,58.883532 -38.446856 0.31003937,
  58.895669 -38.507874 0.31003937,58.883532 -38.568892 0.31003937,
  58.848968 -38.620621 0.31003937,58.797239 -38.655186 0.31003937,
  58.73622 -38.667323 0.31003937,58.675202 -38.655186 0.31003937,
  58.623473 -38.620621 0.31003937,58.588909 -38.568892 0.31003937,
  56.505906 -44.822835 0.31003937,56.516544 -44.769349 0.31003937,
  56.546841 -44.724007 0.31003937,56.592184 -44.69371 0.31003937,
  56.645669 -44.683071 0.31003937,56.699155 -44.69371 0.31003937,
  56.744497 -44.724007 0.31003937,56.774794 -44.769349 0.31003937,
  56.785433 -44.822835 0.31003937,56.774794 -44.87632 0.31003937,
  56.744497 -44.921663 0.31003937,56.699155 -44.95196 0.31003937,
  56.645669 -44.962598 0.31003937,56.592184 -44.95196 0.31003937,
  56.546841 -44.921663 0.31003937,56.516544 -44.87632 0.31003937,
  54.332677 -42.418307 0.31003937,54.317543 -42.494392 0.31003937,
  54.274444 -42.558893 0.31003937,54.209943 -42.601992 0.31003937,
  54.133858 -42.617126 0.31003937,54.057774 -42.601992 0.31003937,
  53.993272 -42.558893 0.31003937,53.950174 -42.494392 0.31003937,
  53.935039 -42.418307 0.31003937,53.950174 -42.342222 0.31003937,
  53.993272 -42.277721 0.31003937,54.057774 -42.234622 0.31003937,
  54.133858 -42.219488 0.31003937,54.209943 -42.234622 0.31003937,
  54.274444 -42.277721 0.31003937,54.317543 -42.342222 0.31003937,
  56.505906 -47.822835 0.31003937,56.516544 -47.769349 0.31003937,
  56.546841 -47.724007 0.31003937,56.592184 -47.69371 0.31003937,
  56.645669 -47.683071 0.31003937,56.699155 -47.69371 0.31003937,
  56.744497 -47.724007 0.31003937,56.774794 -47.769349 0.31003937,
  56.785433 -47.822835 0.31003937,56.774794 -47.87632 0.31003937,
  56.744497 -47.921663 0.31003937,56.699155 -47.95196 0.31003937,
  56.645669 -47.962598 0.31003937,56.592184 -47.95196 0.31003937,
  56.546841 -47.921663 0.31003937,56.516544 -47.87632 0.31003937,
  52.448819 -43.775591 0.31003937,52.436682 -43.836609 0.31003937,
  52.402117 -43.888338 0.31003937,52.350389 -43.922902 0.31003937,
  52.28937 -43.935039 0.31003937,52.228352 -43.922902 0.31003937,
  52.176623 -43.888338 0.31003937,52.142059 -43.836609 0.31003937,
  52.129921 -43.775591 0.31003937,52.142059 -43.714572 0.31003937,
  52.176623 -43.662843 0.31003937,52.228352 -43.628279 0.31003937,
  52.28937 -43.616142 0.31003937,52.350389 -43.628279 0.31003937,
  52.402117 -43.662843 0.31003937,52.436682 -43.714572 0.31003937,
  52.448819 -44.775591 0.31003937,52.436682 -44.836609 0.31003937,
  52.402117 -44.888338 0.31003937,52.350389 -44.922902 0.31003937,
  52.28937 -44.935039 0.31003937,52.228352 -44.922902 0.31003937,
  52.176623 -44.888338 0.31003937,52.142059 -44.836609 0.31003937,
  52.129921 -44.775591 0.31003937,52.142059 -44.714572 0.31003937,
  52.176623 -44.662843 0.31003937,52.228352 -44.628279 0.31003937,
  52.28937 -44.616142 0.31003937,52.350389 -44.628279 0.31003937,
  52.402117 -44.662843 0.31003937,52.436682 -44.714572 0.31003937,
  52.448819 -45.775591 0.31003937,52.436682 -45.836609 0.31003937,
  52.402117 -45.888338 0.31003937,52.350389 -45.922902 0.31003937,
  52.28937 -45.935039 0.31003937,52.228352 -45.922902 0.31003937,
  52.176623 -45.888338 0.31003937,52.142059 -45.836609 0.31003937,
  52.129921 -45.775591 0.31003937,52.142059 -45.714572 0.31003937,
  52.176623 -45.662843 0.31003937,52.228352 -45.628279 0.31003937,
  52.28937 -45.616142 0.31003937,52.350389 -45.628279 0.31003937,
  52.402117 -45.662843 0.31003937,52.436682 -45.714572 0.31003937,
  45.472441 -31.889764 0.31003937,45.472441 -51.771654 0.31003937,
  65.354331 -51.771654 0.31003937,65.354331 -31.889764 0.31003937,
  48.937008 -37.795276 0.31003937,49.041898 -37.267956 0.31003937,
  49.340601 -36.820916 0.31003937,49.787641 -36.522213 0.31003937,
  50.314961 -36.417323 0.31003937,50.84228 -36.522213 0.31003937,
  51.28932 -36.820916 0.31003937,51.588023 -37.267956 0.31003937,
  51.692913 -37.795276 0.31003937,51.588023 -38.322595 0.31003937,
  51.28932 -38.769635 0.31003937,50.84228 -39.068338 0.31003937,
  50.314961 -39.173228 0.31003937,49.787641 -39.068338 0.31003937,
  49.340601 -38.769635 0.31003937,49.041898 -38.322595 0.31003937,
  61.895669 -35.507874 0.31003937,61.883532 -35.568892 0.31003937,
  61.848968 -35.620621 0.31003937,61.797239 -35.655186 0.31003937,
  61.73622 -35.667323 0.31003937,61.675202 -35.655186 0.31003937,
  61.623473 -35.620621 0.31003937,61.588909 -35.568892 0.31003937,
  61.576772 -35.507874 0.31003937,61.588909 -35.446856 0.31003937,
  61.623473 -35.395127 0.31003937,61.675202 -35.360563 0.31003937,
  61.73622 -35.348425 0.31003937,61.797239 -35.360563 0.31003937,
  61.848968 -35.395127 0.31003937,61.883532 -35.446856 0.31003937,
  61.895669 -36.507874 0.31003937,61.883532 -36.568892 0.31003937,
  61.848968 -36.620621 0.31003937,61.797239 -36.655186 0.31003937,
  61.73622 -36.667323 0.31003937,61.675202 -36.655186 0.31003937,
  61.623473 -36.620621 0.31003937,61.588909 -36.568892 0.31003937,
  61.576772 -36.507874 0.31003937,61.588909 -36.446856 0.31003937,
  61.623473 -36.395127 0.31003937,61.675202 -36.360563 0.31003937,
  61.73622 -36.348425 0.31003937,61.797239 -36.360563 0.31003937,
  61.848968 -36.395127 0.31003937,61.883532 -36.446856 0.31003937,
  61.895669 -37.507874 0.31003937,61.883532 -37.568892 0.31003937,
  61.848968 -37.620621 0.31003937,61.797239 -37.655186 0.31003937,
  61.73622 -37.667323 0.31003937,61.675202 -37.655186 0.31003937,
  61.623473 -37.620621 0.31003937,61.588909 -37.568892 0.31003937,
  61.576772 -37.507874 0.31003937,61.588909 -37.446856 0.31003937,
  61.623473 -37.395127 0.31003937,61.675202 -37.360563 0.31003937,
  61.73622 -37.348425 0.31003937,61.797239 -37.360563 0.31003937,
  61.848968 -37.395127 0.31003937,61.883532 -37.446856 0.31003937,
  61.895669 -38.507874 0.31003937,61.883532 -38.568892 0.31003937,
  61.848968 -38.620621 0.31003937,61.797239 -38.655186 0.31003937,
  61.73622 -38.667323 0.31003937,61.675202 -38.655186 0.31003937,
  61.623473 -38.620621 0.31003937,61.588909 -38.568892 0.31003937,
  61.576772 -38.507874 0.31003937,61.588909 -38.446856 0.31003937,
  61.623473 -38.395127 0.31003937,61.675202 -38.360563 0.31003937,
  61.73622 -38.348425 0.31003937,61.797239 -38.360563 0.31003937,
  61.848968 -38.395127 0.31003937,61.883532 -38.446856 0.31003937,
  52.129921 -46.775591 0.31003937,52.142059 -46.714572 0.31003937,
  52.176623 -46.662843 0.31003937,52.228352 -46.628279 0.31003937,
  52.28937 -46.616142 0.31003937,52.350389 -46.628279 0.31003937,
  52.402117 -46.662843 0.31003937,52.436682 -46.714572 0.31003937,
  52.448819 -46.775591 0.31003937,52.436682 -46.836609 0.31003937,
  52.402117 -46.888338 0.31003937,52.350389 -46.922902 0.31003937,
  52.28937 -46.935039 0.31003937,52.228352 -46.922902 0.31003937,
  52.176623 -46.888338 0.31003937,52.142059 -46.836609 0.31003937,
  49.129921 -43.775591 -0.31003937,49.142059 -43.714572 -0.31003937,
  49.176623 -43.662843 -0.31003937,49.228352 -43.628279 -0.31003937,
  49.28937 -43.616142 -0.31003937,49.350389 -43.628279 -0.31003937,
  49.402117 -43.662843 -0.31003937,49.436682 -43.714572 -0.31003937,
  49.448819 -43.775591 -0.31003937,49.436682 -43.836609 -0.31003937,
  49.402117 -43.888338 -0.31003937,49.350389 -43.922902 -0.31003937,
  49.28937 -43.935039 -0.31003937,49.228352 -43.922902 -0.31003937,
  49.176623 -43.888338 -0.31003937,49.142059 -43.836609 -0.31003937,
  49.129921 -44.775591 -0.31003937,49.142059 -44.714572 -0.31003937,
  49.176623 -44.662843 -0.31003937,49.228352 -44.628279 -0.31003937,
  49.28937 -44.616142 -0.31003937,49.350389 -44.628279 -0.31003937,
  49.402117 -44.662843 -0.31003937,49.436682 -44.714572 -0.31003937,
  49.448819 -44.775591 -0.31003937,49.436682 -44.836609 -0.31003937,
  49.402117 -44.888338 -0.31003937,49.350389 -44.922902 -0.31003937,
  49.28937 -44.935039 -0.31003937,49.228352 -44.922902 -0.31003937,
  49.176623 -44.888338 -0.31003937,49.142059 -44.836609 -0.31003937,
  49.129921 -45.775591 -0.31003937,49.142059 -45.714572 -0.31003937,
  49.176623 -45.662843 -0.31003937,49.228352 -45.628279 -0.31003937,
  49.28937 -45.616142 -0.31003937,49.350389 -45.628279 -0.31003937,
  49.402117 -45.662843 -0.31003937,49.436682 -45.714572 -0.31003937,
  49.448819 -45.775591 -0.31003937,49.436682 -45.836609 -0.31003937,
  49.402117 -45.888338 -0.31003937,49.350389 -45.922902 -0.31003937,
  49.28937 -45.935039 -0.31003937,49.228352 -45.922902 -0.31003937,
  49.176623 -45.888338 -0.31003937,49.142059 -45.836609 -0.31003937,
  49.129921 -46.775591 -0.31003937,49.142059 -46.714572 -0.31003937,
  49.176623 -46.662843 -0.31003937,49.228352 -46.628279 -0.31003937,
  49.28937 -46.616142 -0.31003937,49.350389 -46.628279 -0.31003937,
  49.402117 -46.662843 -0.31003937,49.436682 -46.714572 -0.31003937,
  49.448819 -46.775591 -0.31003937,49.436682 -46.836609 -0.31003937,
  49.402117 -46.888338 -0.31003937,49.350389 -46.922902 -0.31003937,
  49.28937 -46.935039 -0.31003937,49.228352 -46.922902 -0.31003937,
  49.176623 -46.888338 -0.31003937,49.142059 -46.836609 -0.31003937,
  60.096457 -48.153543 -0.31003937,60.107096 -48.100058 -0.31003937,
  60.137393 -48.054715 -0.31003937,60.182735 -48.024418 -0.31003937,
  60.23622 -48.01378 -0.31003937,60.289706 -48.024418 -0.31003937,
  60.335048 -48.054715 -0.31003937,60.365345 -48.100058 -0.31003937,
  60.375984 -48.153543 -0.31003937,60.365345 -48.207029 -0.31003937,
  60.335048 -48.252371 -0.31003937,60.289706 -48.282668 -0.31003937,
  60.23622 -48.293307 -0.31003937,60.182735 -48.282668 -0.31003937,
  60.137393 -48.252371 -0.31003937,60.107096 -48.207029 -0.31003937,
  60.289706 -45.024418 -0.31003937,60.335048 -45.054715 -0.31003937,
  60.365345 -45.100058 -0.31003937,60.375984 -45.153543 -0.31003937,
  60.365345 -45.207029 -0.31003937,60.335048 -45.252371 -0.31003937,
  60.289706 -45.282668 -0.31003937,60.23622 -45.293307 -0.31003937,
  60.182735 -45.282668 -0.31003937,60.137393 -45.252371 -0.31003937,
  60.107096 -45.207029 -0.31003937,60.096457 -45.153543 -0.31003937,
  60.107096 -45.100058 -0.31003937,60.137393 -45.054715 -0.31003937,
  60.182735 -45.024418 -0.31003937,60.23622 -45.01378 -0.31003937,
  58.895669 -35.507874 -0.31003937,58.883532 -35.568892 -0.31003937,
  58.848968 -35.620621 -0.31003937,58.797239 -35.655186 -0.31003937,
  58.73622 -35.667323 -0.31003937,58.675202 -35.655186 -0.31003937,
  58.623473 -35.620621 -0.31003937,58.588909 -35.568892 -0.31003937,
  58.576772 -35.507874 -0.31003937,58.588909 -35.446856 -0.31003937,
  58.623473 -35.395127 -0.31003937,58.675202 -35.360563 -0.31003937,
  58.73622 -35.348425 -0.31003937,58.797239 -35.360563 -0.31003937,
  58.848968 -35.395127 -0.31003937,58.883532 -35.446856 -0.31003937,
  59.840551 -42.418307 -0.31003937,59.855685 -42.342222 -0.31003937,
  59.898784 -42.277721 -0.31003937,59.963285 -42.234622 -0.31003937,
  60.03937 -42.219488 -0.31003937,60.115455 -42.234622 -0.31003937,
  60.179956 -42.277721 -0.31003937,60.223055 -42.342222 -0.31003937,
  60.238189 -42.418307 -0.31003937,60.223055 -42.494392 -0.31003937,
  60.179956 -42.558893 -0.31003937,60.115455 -42.601992 -0.31003937,
  60.03937 -42.617126 -0.31003937,59.963285 -42.601992 -0.31003937,
  59.898784 -42.558893 -0.31003937,59.855685 -42.494392 -0.31003937,
  58.576772 -36.507874 -0.31003937,58.588909 -36.446856 -0.31003937,
  58.623473 -36.395127 -0.31003937,58.675202 -36.360563 -0.31003937,
  58.73622 -36.348425 -0.31003937,58.797239 -36.360563 -0.31003937,
  58.848968 -36.395127 -0.31003937,58.883532 -36.446856 -0.31003937,
  58.895669 -36.507874 -0.31003937,58.883532 -36.568892 -0.31003937,
  58.848968 -36.620621 -0.31003937,58.797239 -36.655186 -0.31003937,
  58.73622 -36.667323 -0.31003937,58.675202 -36.655186 -0.31003937,
  58.623473 -36.620621 -0.31003937,58.588909 -36.568892 -0.31003937,
  58.576772 -37.507874 -0.31003937,58.588909 -37.446856 -0.31003937,
  58.623473 -37.395127 -0.31003937,58.675202 -37.360563 -0.31003937,
  58.73622 -37.348425 -0.31003937,58.797239 -37.360563 -0.31003937,
  58.848968 -37.395127 -0.31003937,58.883532 -37.446856 -0.31003937,
  58.895669 -37.507874 -0.31003937,58.883532 -37.568892 -0.31003937,
  58.848968 -37.620621 -0.31003937,58.797239 -37.655186 -0.31003937,
  58.73622 -37.667323 -0.31003937,58.675202 -37.655186 -0.31003937,
  58.623473 -37.620621 -0.31003937,58.588909 -37.568892 -0.31003937,
  58.576772 -38.507874 -0.31003937,58.588909 -38.446856 -0.31003937,
  58.623473 -38.395127 -0.31003937,58.675202 -38.360563 -0.31003937,
  58.73622 -38.348425 -0.31003937,58.797239 -38.360563 -0.31003937,
  58.848968 -38.395127 -0.31003937,58.883532 -38.446856 -0.31003937,
  58.895669 -38.507874 -0.31003937,58.883532 -38.568892 -0.31003937,
  58.848968 -38.620621 -0.31003937,58.797239 -38.655186 -0.31003937,
  58.73622 -38.667323 -0.31003937,58.675202 -38.655186 -0.31003937,
  58.623473 -38.620621 -0.31003937,58.588909 -38.568892 -0.31003937,
  56.505906 -44.822835 -0.31003937,56.516544 -44.769349 -0.31003937,
  56.546841 -44.724007 -0.31003937,56.592184 -44.69371 -0.31003937,
  56.645669 -44.683071 -0.31003937,56.699155 -44.69371 -0.31003937,
  56.744497 -44.724007 -0.31003937,56.774794 -44.769349 -0.31003937,
  56.785433 -44.822835 -0.31003937,56.774794 -44.87632 -0.31003937,
  56.744497 -44.921663 -0.31003937,56.699155 -44.95196 -0.31003937,
  56.645669 -44.962598 -0.31003937,56.592184 -44.95196 -0.31003937,
  56.546841 -44.921663 -0.31003937,56.516544 -44.87632 -0.31003937,
  54.332677 -42.418307 -0.31003937,54.317543 -42.494392 -0.31003937,
  54.274444 -42.558893 -0.31003937,54.209943 -42.601992 -0.31003937,
  54.133858 -42.617126 -0.31003937,54.057774 -42.601992 -0.31003937,
  53.993272 -42.558893 -0.31003937,53.950174 -42.494392 -0.31003937,
  53.935039 -42.418307 -0.31003937,53.950174 -42.342222 -0.31003937,
  53.993272 -42.277721 -0.31003937,54.057774 -42.234622 -0.31003937,
  54.133858 -42.219488 -0.31003937,54.209943 -42.234622 -0.31003937,
  54.274444 -42.277721 -0.31003937,54.317543 -42.342222 -0.31003937,
  56.505906 -47.822835 -0.31003937,56.516544 -47.769349 -0.31003937,
  56.546841 -47.724007 -0.31003937,56.592184 -47.69371 -0.31003937,
  56.645669 -47.683071 -0.31003937,56.699155 -47.69371 -0.31003937,
  56.744497 -47.724007 -0.31003937,56.774794 -47.769349 -0.31003937,
  56.785433 -47.822835 -0.31003937,56.774794 -47.87632 -0.31003937,
  56.744497 -47.921663 -0.31003937,56.699155 -47.95196 -0.31003937,
  56.645669 -47.962598 -0.31003937,56.592184 -47.95196 -0.31003937,
  56.546841 -47.921663 -0.31003937,56.516544 -47.87632 -0.31003937,
  52.448819 -43.775591 -0.31003937,52.436682 -43.836609 -0.31003937,
  52.402117 -43.888338 -0.31003937,52.350389 -43.922902 -0.31003937,
  52.28937 -43.935039 -0.31003937,52.228352 -43.922902 -0.31003937,
  52.176623 -43.888338 -0.31003937,52.142059 -43.836609 -0.31003937,
  52.129921 -43.775591 -0.31003937,52.142059 -43.714572 -0.31003937,
  52.176623 -43.662843 -0.31003937,52.228352 -43.628279 -0.31003937,
  52.28937 -43.616142 -0.31003937,52.350389 -43.628279 -0.31003937,
  52.402117 -43.662843 -0.31003937,52.436682 -43.714572 -0.31003937,
  52.448819 -44.775591 -0.31003937,52.436682 -44.836609 -0.31003937,
  52.402117 -44.888338 -0.31003937,52.350389 -44.922902 -0.31003937,
  52.28937 -44.935039 -0.31003937,52.228352 -44.922902 -0.31003937,
  52.176623 -44.888338 -0.31003937,52.142059 -44.836609 -0.31003937,
  52.129921 -44.775591 -0.31003937,52.142059 -44.714572 -0.31003937,
  52.176623 -44.662843 -0.31003937,52.228352 -44.628279 -0.31003937,
  52.28937 -44.616142 -0.31003937,52.350389 -44.628279 -0.31003937,
  52.402117 -44.662843 -0.31003937,52.436682 -44.714572 -0.31003937,
  52.448819 -45.775591 -0.31003937,52.436682 -45.836609 -0.31003937,
  52.402117 -45.888338 -0.31003937,52.350389 -45.922902 -0.31003937,
  52.28937 -45.935039 -0.31003937,52.228352 -45.922902 -0.31003937,
  52.176623 -45.888338 -0.31003937,52.142059 -45.836609 -0.31003937,
  52.129921 -45.775591 -0.31003937,52.142059 -45.714572 -0.31003937,
  52.176623 -45.662843 -0.31003937,52.228352 -45.628279 -0.31003937,
  52.28937 -45.616142 -0.31003937,52.350389 -45.628279 -0.31003937,
  52.402117 -45.662843 -0.31003937,52.436682 -45.714572 -0.31003937,
  45.472441 -31.889764 -0.31003937,45.472441 -51.771654 -0.31003937,
  65.354331 -51.771654 -0.31003937,65.354331 -31.889764 -0.31003937,
  48.937008 -37.795276 -0.31003937,49.041898 -37.267956 -0.31003937,
  49.340601 -36.820916 -0.31003937,49.787641 -36.522213 -0.31003937,
  50.314961 -36.417323 -0.31003937,50.84228 -36.522213 -0.31003937,
  51.28932 -36.820916 -0.31003937,51.588023 -37.267956 -0.31003937,
  51.692913 -37.795276 -0.31003937,51.588023 -38.322595 -0.31003937,
  51.28932 -38.769635 -0.31003937,50.84228 -39.068338 -0.31003937,
  50.314961 -39.173228 -0.31003937,49.787641 -39.068338 -0.31003937,
  49.340601 -38.769635 -0.31003937,49.041898 -38.322595 -0.31003937,
  61.895669 -35.507874 -0.31003937,61.883532 -35.568892 -0.31003937,
  61.848968 -35.620621 -0.31003937,61.797239 -35.655186 -0.31003937,
  61.73622 -35.667323 -0.31003937,61.675202 -35.655186 -0.31003937,
  61.623473 -35.620621 -0.31003937,61.588909 -35.568892 -0.31003937,
  61.576772 -35.507874 -0.31003937,61.588909 -35.446856 -0.31003937,
  61.623473 -35.395127 -0.31003937,61.675202 -35.360563 -0.31003937,
  61.73622 -35.348425 -0.31003937,61.797239 -35.360563 -0.31003937,
  61.848968 -35.395127 -0.31003937,61.883532 -35.446856 -0.31003937,
  61.895669 -36.507874 -0.31003937,61.883532 -36.568892 -0.31003937,
  61.848968 -36.620621 -0.31003937,61.797239 -36.655186 -0.31003937,
  61.73622 -36.667323 -0.31003937,61.675202 -36.655186 -0.31003937,
  61.623473 -36.620621 -0.31003937,61.588909 -36.568892 -0.31003937,
  61.576772 -36.507874 -0.31003937,61.588909 -36.446856 -0.31003937,
  61.623473 -36.395127 -0.31003937,61.675202 -36.360563 -0.31003937,
  61.73622 -36.348425 -0.31003937,61.797239 -36.360563 -0.31003937,
  61.848968 -36.395127 -0.31003937,61.883532 -36.446856 -0.31003937,
  61.895669 -37.507874 -0.31003937,61.883532 -37.568892 -0.31003937,
  61.848968 -37.620621 -0.31003937,61.797239 -37.655186 -0.31003937,
  61.73622 -37.667323 -0.31003937,61.675202 -37.655186 -0.31003937,
  61.623473 -37.620621 -0.31003937,61.588909 -37.568892 -0.31003937,
  61.576772 -37.507874 -0.31003937,61.588909 -37.446856 -0.31003937,
  61.623473 -37.395127 -0.31003937,61.675202 -37.360563 -0.31003937,
  61.73622 -37.348425 -0.31003937,61.797239 -37.360563 -0.31003937,
  61.848968 -37.395127 -0.31003937,61.883532 -37.446856 -0.31003937,
  61.895669 -38.507874 -0.31003937,61.883532 -38.568892 -0.31003937,
  61.848968 -38.620621 -0.31003937,61.797239 -38.655186 -0.31003937,
  61.73622 -38.667323 -0.31003937,61.675202 -38.655186 -0.31003937,
  61.623473 -38.620621 -0.31003937,61.588909 -38.568892 -0.31003937,
  61.576772 -38.507874 -0.31003937,61.588909 -38.446856 -0.31003937,
  61.623473 -38.395127 -0.31003937,61.675202 -38.360563 -0.31003937,
  61.73622 -38.348425 -0.31003937,61.797239 -38.360563 -0.31003937,
  61.848968 -38.395127 -0.31003937,61.883532 -38.446856 -0.31003937,
  52.129921 -46.775591 -0.31003937,52.142059 -46.714572 -0.31003937,
  52.176623 -46.662843 -0.31003937,52.228352 -46.628279 -0.31003937,
  52.28937 -46.616142 -0.31003937,52.350389 -46.628279 -0.31003937,
  52.402117 -46.662843 -0.31003937,52.436682 -46.714572 -0.31003937,
  52.448819 -46.775591 -0.31003937,52.436682 -46.836609 -0.31003937,
  52.402117 -46.888338 -0.31003937,52.350389 -46.922902 -0.31003937,
  52.28937 -46.935039 -0.31003937,52.228352 -46.922902 -0.31003937,
  52.176623 -46.888338 -0.31003937,52.142059 -46.836609 -0.31003937] }
 coordIndex [
  290,291,0,-1,0,291,48,-1,0,48,32,-1,32,48,49,-1,32,49,47,-1,47,49,50,-1,47,50,46,-1,46,50,51,-1,
  46,51,45,-1,45,51,52,-1,45,52,44,-1,44,52,53,-1,44,53,43,-1,43,53,54,-1,43,54,42,-1,42,54,55,-1,
  42,55,41,-1,41,55,56,-1,41,56,40,-1,40,56,369,-1,40,369,370,-1,288,289,371,-1,371,289,8,-1,371,8,370,-1,
  370,8,24,-1,370,24,40,-1,40,24,25,-1,40,25,39,-1,39,25,26,-1,39,26,38,-1,38,26,27,-1,38,27,37,-1,
  37,27,28,-1,37,28,36,-1,36,28,29,-1,36,29,35,-1,35,29,30,-1,35,30,34,-1,34,30,31,-1,34,31,33,-1,
  33,31,16,-1,33,16,32,-1,32,16,0,-1,0,17,15,-1,15,17,18,-1,15,18,14,-1,14,18,19,-1,14,19,13,-1,
  13,19,20,-1,13,20,12,-1,12,20,21,-1,12,21,11,-1,11,21,22,-1,11,22,10,-1,10,22,23,-1,10,23,9,-1,
  9,23,24,-1,9,24,8,-1,289,290,5,-1,289,5,6,-1,289,6,7,-1,289,7,8,-1,290,0,1,-1,290,1,2,-1,
  290,2,3,-1,290,3,4,-1,290,4,5,-1,233,284,232,-1,232,284,356,-1,232,356,264,-1,264,356,357,-1,264,357,263,-1,
  263,357,358,-1,263,358,262,-1,262,358,359,-1,262,359,261,-1,261,359,360,-1,261,360,260,-1,260,360,361,-1,260,361,259,-1,
  259,361,362,-1,259,362,258,-1,258,362,363,-1,258,363,257,-1,257,363,364,-1,257,364,256,-1,256,364,221,-1,256,221,222,-1,
  198,199,223,-1,223,199,224,-1,223,224,222,-1,222,224,240,-1,222,240,256,-1,256,240,241,-1,256,241,271,-1,271,241,242,-1,
  271,242,270,-1,270,242,243,-1,270,243,269,-1,269,243,244,-1,269,244,268,-1,268,244,245,-1,268,245,267,-1,267,245,246,-1,
  267,246,266,-1,266,246,247,-1,266,247,265,-1,265,247,248,-1,265,248,264,-1,264,248,232,-1,232,249,231,-1,231,249,250,-1,
  231,250,230,-1,230,250,251,-1,230,251,229,-1,229,251,252,-1,229,252,228,-1,228,252,253,-1,228,253,227,-1,227,253,254,-1,
  227,254,226,-1,226,254,255,-1,226,255,225,-1,225,255,240,-1,225,240,224,-1,193,223,192,-1,192,223,208,-1,192,208,176,-1,
  176,208,209,-1,176,209,191,-1,191,209,210,-1,191,210,190,-1,190,210,211,-1,190,211,189,-1,189,211,212,-1,189,212,188,-1,
  188,212,213,-1,188,213,187,-1,187,213,214,-1,187,214,186,-1,186,214,215,-1,186,215,185,-1,185,215,216,-1,185,216,184,-1,
  184,216,78,-1,184,78,79,-1,183,184,104,-1,104,184,160,-1,104,160,144,-1,144,160,161,-1,144,161,159,-1,159,161,162,-1,
  159,162,158,-1,158,162,163,-1,158,163,157,-1,157,163,164,-1,157,164,156,-1,156,164,165,-1,156,165,155,-1,155,165,166,-1,
  155,166,154,-1,154,166,167,-1,154,167,153,-1,153,167,168,-1,153,168,152,-1,152,168,64,-1,152,64,136,-1,136,64,96,-1,
  136,96,97,-1,104,144,128,-1,128,144,145,-1,128,145,143,-1,143,145,146,-1,143,146,142,-1,142,146,147,-1,142,147,141,-1,
  141,147,148,-1,141,148,140,-1,140,148,149,-1,140,149,139,-1,139,149,150,-1,139,150,138,-1,138,150,151,-1,138,151,137,-1,
  137,151,152,-1,137,152,136,-1,136,97,135,-1,135,97,98,-1,135,98,134,-1,134,98,99,-1,134,99,133,-1,133,99,100,-1,
  133,100,132,-1,132,100,101,-1,132,101,131,-1,131,101,102,-1,131,102,130,-1,130,102,103,-1,130,103,129,-1,129,103,104,-1,
  129,104,128,-1,346,347,274,-1,274,347,83,-1,274,83,72,-1,72,83,84,-1,72,84,71,-1,71,84,85,-1,71,85,70,-1,
  70,85,86,-1,70,86,69,-1,69,86,87,-1,69,87,68,-1,68,87,88,-1,68,88,67,-1,67,88,89,-1,67,89,66,-1,
  66,89,90,-1,66,90,65,-1,65,90,91,-1,65,91,64,-1,64,91,124,-1,64,124,125,-1,82,83,300,-1,300,83,348,-1,
  300,348,332,-1,332,348,349,-1,332,349,331,-1,331,349,350,-1,331,350,330,-1,330,350,351,-1,330,351,329,-1,329,351,352,-1,
  329,352,328,-1,328,352,353,-1,328,353,327,-1,327,353,354,-1,327,354,326,-1,326,354,355,-1,326,355,325,-1,325,355,340,-1,
  325,340,324,-1,324,340,274,-1,324,274,308,-1,308,274,292,-1,308,292,293,-1,300,332,316,-1,316,332,333,-1,316,333,315,-1,
  315,333,334,-1,315,334,314,-1,314,334,335,-1,314,335,313,-1,313,335,336,-1,313,336,312,-1,312,336,337,-1,312,337,311,-1,
  311,337,338,-1,311,338,310,-1,310,338,339,-1,310,339,309,-1,309,339,324,-1,309,324,308,-1,308,293,323,-1,323,293,294,-1,
  323,294,322,-1,322,294,295,-1,322,295,321,-1,321,295,296,-1,321,296,320,-1,320,296,297,-1,320,297,319,-1,319,297,298,-1,
  319,298,318,-1,318,298,299,-1,318,299,317,-1,317,299,300,-1,317,300,316,-1,275,272,279,-1,275,279,280,-1,275,280,281,-1,
  275,281,282,-1,275,282,283,-1,275,283,284,-1,275,284,107,-1,275,107,108,-1,275,108,109,-1,275,109,110,-1,275,110,111,-1,
  275,111,96,-1,275,96,302,-1,275,302,303,-1,275,303,304,-1,275,304,305,-1,275,305,306,-1,275,306,307,-1,275,307,292,-1,
  275,292,274,-1,91,92,123,-1,123,92,93,-1,123,93,122,-1,122,93,94,-1,122,94,121,-1,121,94,95,-1,121,95,120,-1,
  120,95,80,-1,120,80,300,-1,300,80,81,-1,300,81,82,-1,116,117,301,-1,301,117,118,-1,301,118,300,-1,300,118,119,-1,
  300,119,120,-1,301,302,96,-1,301,96,113,-1,301,113,114,-1,301,114,115,-1,301,115,116,-1,126,127,64,-1,64,127,112,-1,
  64,112,96,-1,96,112,113,-1,179,180,105,-1,105,180,181,-1,105,181,104,-1,104,181,182,-1,104,182,183,-1,105,106,202,-1,
  105,202,203,-1,105,203,204,-1,105,204,205,-1,105,205,206,-1,105,206,207,-1,105,207,192,-1,105,192,177,-1,105,177,178,-1,
  105,178,179,-1,224,199,200,-1,224,200,201,-1,224,201,202,-1,224,202,106,-1,224,106,239,-1,106,107,284,-1,106,284,234,-1,
  106,234,235,-1,106,235,236,-1,106,236,237,-1,106,237,238,-1,106,238,239,-1,272,273,63,-1,272,63,48,-1,272,48,276,-1,
  272,276,277,-1,272,277,278,-1,272,278,279,-1,274,340,341,-1,274,341,342,-1,274,342,343,-1,274,343,344,-1,274,344,345,-1,
  274,345,346,-1,274,72,73,-1,274,73,74,-1,274,74,75,-1,274,75,76,-1,274,76,77,-1,274,77,78,-1,274,78,216,-1,
  274,216,217,-1,274,217,218,-1,274,218,219,-1,274,219,220,-1,274,220,221,-1,274,221,364,-1,274,364,365,-1,274,365,366,-1,
  274,366,367,-1,274,367,368,-1,274,368,369,-1,274,369,56,-1,274,56,57,-1,274,57,58,-1,274,58,59,-1,274,59,60,-1,
  274,60,61,-1,274,61,273,-1,64,168,169,-1,64,169,170,-1,64,170,171,-1,64,171,172,-1,64,172,173,-1,64,173,174,-1,
  64,174,175,-1,64,175,160,-1,64,160,184,-1,64,184,79,-1,223,193,194,-1,223,194,195,-1,223,195,196,-1,223,196,197,-1,
  223,197,198,-1,356,284,285,-1,356,285,286,-1,356,286,287,-1,356,287,288,-1,356,288,371,-1,62,63,273,-1,62,273,61,-1,
  124,91,123,-1,276,48,291,-1,126,64,125,-1,83,347,348,-1,234,284,233,-1,177,192,176,-1,249,232,248,-1,17,0,16,-1,
  663,662,372,-1,663,372,420,-1,420,372,404,-1,420,404,421,-1,421,404,419,-1,421,419,422,-1,422,419,418,-1,422,418,423,-1,
  423,418,417,-1,423,417,424,-1,424,417,416,-1,424,416,425,-1,425,416,415,-1,425,415,426,-1,426,415,414,-1,426,414,427,-1,
  427,414,413,-1,427,413,428,-1,428,413,412,-1,428,412,741,-1,741,412,742,-1,661,660,743,-1,661,743,380,-1,380,743,742,-1,
  380,742,396,-1,396,742,412,-1,396,412,397,-1,397,412,411,-1,397,411,398,-1,398,411,410,-1,398,410,399,-1,399,410,409,-1,
  399,409,400,-1,400,409,408,-1,400,408,401,-1,401,408,407,-1,401,407,402,-1,402,407,406,-1,402,406,403,-1,403,406,405,-1,
  403,405,388,-1,388,405,404,-1,388,404,372,-1,389,372,387,-1,389,387,390,-1,390,387,386,-1,390,386,391,-1,391,386,385,-1,
  391,385,392,-1,392,385,384,-1,392,384,393,-1,393,384,383,-1,393,383,394,-1,394,383,382,-1,394,382,395,-1,395,382,381,-1,
  395,381,396,-1,396,381,380,-1,662,661,377,-1,377,661,378,-1,378,661,379,-1,379,661,380,-1,372,662,373,-1,373,662,374,-1,
  374,662,375,-1,375,662,376,-1,376,662,377,-1,656,605,604,-1,656,604,728,-1,728,604,636,-1,728,636,729,-1,729,636,635,-1,
  729,635,730,-1,730,635,634,-1,730,634,731,-1,731,634,633,-1,731,633,732,-1,732,633,632,-1,732,632,733,-1,733,632,631,-1,
  733,631,734,-1,734,631,630,-1,734,630,735,-1,735,630,629,-1,735,629,736,-1,736,629,628,-1,736,628,593,-1,593,628,594,-1,
  571,570,595,-1,571,595,596,-1,596,595,594,-1,596,594,612,-1,612,594,628,-1,612,628,613,-1,613,628,643,-1,613,643,614,-1,
  614,643,642,-1,614,642,615,-1,615,642,641,-1,615,641,616,-1,616,641,640,-1,616,640,617,-1,617,640,639,-1,617,639,618,-1,
  618,639,638,-1,618,638,619,-1,619,638,637,-1,619,637,620,-1,620,637,636,-1,620,636,604,-1,621,604,603,-1,621,603,622,-1,
  622,603,602,-1,622,602,623,-1,623,602,601,-1,623,601,624,-1,624,601,600,-1,624,600,625,-1,625,600,599,-1,625,599,626,-1,
  626,599,598,-1,626,598,627,-1,627,598,597,-1,627,597,612,-1,612,597,596,-1,595,565,564,-1,595,564,580,-1,580,564,548,-1,
  580,548,581,-1,581,548,563,-1,581,563,582,-1,582,563,562,-1,582,562,583,-1,583,562,561,-1,583,561,584,-1,584,561,560,-1,
  584,560,585,-1,585,560,559,-1,585,559,586,-1,586,559,558,-1,586,558,587,-1,587,558,557,-1,587,557,588,-1,588,557,556,-1,
  588,556,450,-1,450,556,451,-1,556,555,476,-1,556,476,532,-1,532,476,516,-1,532,516,533,-1,533,516,531,-1,533,531,534,-1,
  534,531,530,-1,534,530,535,-1,535,530,529,-1,535,529,536,-1,536,529,528,-1,536,528,537,-1,537,528,527,-1,537,527,538,-1,
  538,527,526,-1,538,526,539,-1,539,526,525,-1,539,525,540,-1,540,525,524,-1,540,524,436,-1,436,524,508,-1,436,508,468,-1,
  468,508,469,-1,516,476,500,-1,516,500,517,-1,517,500,515,-1,517,515,518,-1,518,515,514,-1,518,514,519,-1,519,514,513,-1,
  519,513,520,-1,520,513,512,-1,520,512,521,-1,521,512,511,-1,521,511,522,-1,522,511,510,-1,522,510,523,-1,523,510,509,-1,
  523,509,524,-1,524,509,508,-1,469,508,507,-1,469,507,470,-1,470,507,506,-1,470,506,471,-1,471,506,505,-1,471,505,472,-1,
  472,505,504,-1,472,504,473,-1,473,504,503,-1,473,503,474,-1,474,503,502,-1,474,502,475,-1,475,502,501,-1,475,501,476,-1,
  476,501,500,-1,719,718,646,-1,719,646,455,-1,455,646,444,-1,455,444,456,-1,456,444,443,-1,456,443,457,-1,457,443,442,-1,
  457,442,458,-1,458,442,441,-1,458,441,459,-1,459,441,440,-1,459,440,460,-1,460,440,439,-1,460,439,461,-1,461,439,438,-1,
  461,438,462,-1,462,438,437,-1,462,437,463,-1,463,437,436,-1,463,436,496,-1,496,436,497,-1,455,454,672,-1,455,672,720,-1,
  720,672,704,-1,720,704,721,-1,721,704,703,-1,721,703,722,-1,722,703,702,-1,722,702,723,-1,723,702,701,-1,723,701,724,-1,
  724,701,700,-1,724,700,725,-1,725,700,699,-1,725,699,726,-1,726,699,698,-1,726,698,727,-1,727,698,697,-1,727,697,712,-1,
  712,697,696,-1,712,696,646,-1,646,696,680,-1,646,680,664,-1,664,680,665,-1,704,672,688,-1,704,688,705,-1,705,688,687,-1,
  705,687,706,-1,706,687,686,-1,706,686,707,-1,707,686,685,-1,707,685,708,-1,708,685,684,-1,708,684,709,-1,709,684,683,-1,
  709,683,710,-1,710,683,682,-1,710,682,711,-1,711,682,681,-1,711,681,696,-1,696,681,680,-1,665,680,695,-1,665,695,666,-1,
  666,695,694,-1,666,694,667,-1,667,694,693,-1,667,693,668,-1,668,693,692,-1,668,692,669,-1,669,692,691,-1,669,691,670,-1,
  670,691,690,-1,670,690,671,-1,671,690,689,-1,671,689,672,-1,672,689,688,-1,644,647,651,-1,651,647,652,-1,652,647,653,-1,
  653,647,654,-1,654,647,655,-1,655,647,656,-1,656,647,479,-1,479,647,480,-1,480,647,481,-1,481,647,482,-1,482,647,483,-1,
  483,647,468,-1,468,647,674,-1,674,647,675,-1,675,647,676,-1,676,647,677,-1,677,647,678,-1,678,647,679,-1,679,647,664,-1,
  664,647,646,-1,464,463,495,-1,464,495,465,-1,465,495,494,-1,465,494,466,-1,466,494,493,-1,466,493,467,-1,467,493,492,-1,
  467,492,452,-1,452,492,672,-1,452,672,453,-1,453,672,454,-1,489,488,673,-1,489,673,490,-1,490,673,672,-1,490,672,491,-1,
  491,672,492,-1,674,673,468,-1,468,673,485,-1,485,673,486,-1,486,673,487,-1,487,673,488,-1,499,498,436,-1,499,436,484,-1,
  484,436,468,-1,484,468,485,-1,552,551,477,-1,552,477,553,-1,553,477,476,-1,553,476,554,-1,554,476,555,-1,478,477,574,-1,
  574,477,575,-1,575,477,576,-1,576,477,577,-1,577,477,578,-1,578,477,579,-1,579,477,564,-1,564,477,549,-1,549,477,550,-1,
  550,477,551,-1,571,596,572,-1,572,596,573,-1,573,596,574,-1,574,596,478,-1,478,596,611,-1,479,478,656,-1,656,478,606,-1,
  606,478,607,-1,607,478,608,-1,608,478,609,-1,609,478,610,-1,610,478,611,-1,645,644,435,-1,435,644,420,-1,420,644,648,-1,
  648,644,649,-1,649,644,650,-1,650,644,651,-1,712,646,713,-1,713,646,714,-1,714,646,715,-1,715,646,716,-1,716,646,717,-1,
  717,646,718,-1,444,646,445,-1,445,646,446,-1,446,646,447,-1,447,646,448,-1,448,646,449,-1,449,646,450,-1,450,646,588,-1,
  588,646,589,-1,589,646,590,-1,590,646,591,-1,591,646,592,-1,592,646,593,-1,593,646,736,-1,736,646,737,-1,737,646,738,-1,
  738,646,739,-1,739,646,740,-1,740,646,741,-1,741,646,428,-1,428,646,429,-1,429,646,430,-1,430,646,431,-1,431,646,432,-1,
  432,646,433,-1,433,646,645,-1,540,436,541,-1,541,436,542,-1,542,436,543,-1,543,436,544,-1,544,436,545,-1,545,436,546,-1,
  546,436,547,-1,547,436,532,-1,532,436,556,-1,556,436,451,-1,565,595,566,-1,566,595,567,-1,567,595,568,-1,568,595,569,-1,
  569,595,570,-1,656,728,657,-1,657,728,658,-1,658,728,659,-1,659,728,660,-1,660,728,743,-1,435,434,645,-1,645,434,433,-1,
  463,496,495,-1,420,648,663,-1,436,498,497,-1,719,455,720,-1,656,606,605,-1,564,549,548,-1,604,621,620,-1,372,389,388,-1]
  normalPerVertex TRUE
  normal DEF NORM_82 Normal { vector [
  0 0 1,0 0 1,
  0 0 1,0 0 1,
  0 0 1,0 0 1,
  0 0 1,0 0 1,
  0 0 1,0 0 1,
  0 0 1,0 0 1,
  0 0 1,0 0 1,
  0 0 1,0 0 1,
  0 0 1,0 0 1,
  0 0 1,0 0 1,
  0 0 1,0 0 1,
  0 0 1,0 0 1,
  0 0 1,0 0 1,
  0 0 1,0 0 1,
  0 0 1,0 0 1,
  0 0 1,0 0 1,
  0 0 1,0 0 1,
  0 0 1,0 0 1,
  0 0 1,0 0 1,
  0 0 1,0 0 1,
  0 0 1,0 0 1,
  0 0 1,0 0 1,
  0 0 1,0 0 1,
  0 0 1,0 0 1,
  0 0 1,0 0 1,
  0 0 1,0 0 1,
  0 0 1,0 0 1,
  0 0 1,0 0 1,
  0 0 1,0 0 1,
  0 0 1,0 0 1,
  0 0 1,0 0 1,
  0 0 1,0 0 1,
  0 0 1,0 0 1,
  0 0 1,0 0 1,
  0 0 1,0 0 1,
  0 0 1,0 0 1,
  0 0 1,0 0 1,
  0 0 1,0 0 1,
  0 0 1,0 0 1,
  0 0 1,0 0 1,
  0 0 1,0 0 1,
  0 0 1,0 0 1,
  0 0 1,0 0 1,
  0 0 1,0 0 1,
  0 0 1,0 0 1,
  0 0 1,0 0 1,
  0 0 1,0 0 1,
  0 0 1,0 0 1,
  0 0 1,0 0 1,
  0 0 1,0 0 1,
  0 0 1,0 0 1,
  0 0 1,0 0 1,
  0 0 1,0 0 1,
  0 0 1,0 0 1,
  0 0 1,0 0 1,
  0 0 1,0 0 1,
  0 0 1,0 0 1,
  0 0 1,0 0 1,
  0 0 1,0 0 1,
  0 0 1,0 0 1,
  0 0 1,0 0 1,
  0 0 1,0 0 1,
  0 0 1,0 0 1,
  0 0 1,0 0 1,
  0 0 1,0 0 1,
  0 0 1,0 0 1,
  0 0 1,0 0 1,
  0 0 1,0 0 1,
  0 0 1,0 0 1,
  0 0 1,0 0 1,
  0 0 1,0 0 1,
  0 0 1,0 0 1,
  0 0 1,0 0 1,
  0 0 1,0 0 1,
  0 0 1,0 0 1,
  0 0 1,0 0 1,
  0 0 1,0 0 1,
  0 0 1,0 0 1,
  0 0 1,0 0 1,
  0 0 1,0 0 1,
  0 0 1,0 0 1,
  0 0 1,0 0 1,
  0 0 1,0 0 1,
  0 0 1,0 0 1,
  0 0 1,0 0 1,
  0 0 1,0 0 1,
  0 0 1,0 0 1,
  0 0 1,0 0 1,
  0 0 1,0 0 1,
  0 0 1,0 0 1,
  0 0 1,0 0 1,
  0 0 1,0 0 1,
  0 0 1,0 0 1,
  0 0 1,0 0 1,
  0 0 1,0 0 1,
  0 0 1,0 0 1,
  0 0 1,0 0 1,
  0 0 1,0 0 1,
  0 0 1,0 0 1,
  0 0 1,0 0 1,
  0 0 1,0 0 1,
  0 0 1,0 0 1,
  0 0 1,0 0 1,
  0 0 1,0 0 1,
  0 0 1,0 0 1,
  0 0 1,0 0 1,
  0 0 1,0 0 1,
  0 0 1,0 0 1,
  0 0 1,0 0 1,
  0 0 1,0 0 1,
  0 0 1,0 0 1,
  0 0 1,0 0 1,
  0 0 1,0 0 1,
  0 0 1,0 0 1,
  0 0 1,0 0 1,
  0 0 1,0 0 1,
  0 0 1,0 0 1,
  0 0 1,0 0 1,
  0 0 1,0 0 1,
  0 0 1,0 0 1,
  0 0 1,0 0 1,
  0 0 1,0 0 1,
  0 0 1,0 0 1,
  0 0 1,0 0 1,
  0 0 1,0 0 1,
  0 0 1,0 0 1,
  0 0 1,0 0 1,
  0 0 1,0 0 1,
  0 0 1,0 0 1,
  0 0 1,0 0 1,
  0 0 1,0 0 1,
  0 0 1,0 0 1,
  0 0 1,0 0 1,
  0 0 1,0 0 1,
  0 0 1,0 0 1,
  0 0 1,0 0 1,
  0 0 1,0 0 1,
  0 0 1,0 0 1,
  0 0 1,0 0 1,
  0 0 1,0 0 1,
  0 0 1,0 0 1,
  0 0 1,0 0 1,
  0 0 1,0 0 1,
  0 0 1,0 0 1,
  0 0 1,0 0 1,
  0 0 1,0 0 1,
  0 0 1,0 0 1,
  0 0 1,0 0 1,
  0 0 1,0 0 1,
  0 0 1,0 0 1,
  0 0 1,0 0 1,
  0 0 1,0 0 1,
  0 0 1,0 0 1,
  0 0 1,0 0 1,
  0 0 1,0 0 1,
  0 0 1,0 0 1,
  0 0 1,0 0 1,
  0 0 1,0 0 1,
  0 0 1,0 0 1,
  0 0 1,0 0 1,
  0 0 1,0 0 1,
  0 0 1,0 0 1,
  0 0 1,0 0 1,
  0 0 1,0 0 1,
  0 0 1,0 0 1,
  0 0 1,0 0 1,
  0 0 1,0 0 1,
  0 0 1,0 0 1,
  0 0 1,0 0 1,
  0 0 1,0 0 1,
  0 0 1,0 0 1,
  0 0 1,0 0 1,
  0 0 1,0 0 1,
  0 0 1,0 0 1,
  0 0 1,0 0 1,
  0 0 1,0 0 1,
  0 0 1,0 0 1,
  0 0 1,0 0 1,
  0 0 1,0 0 1,
  0 0 1,0 0 1,
  0 0 1,0 0 1,
  0 0 1,0 0 1,
  0 0 1,0 0 1,
  0 0 1,0 0 1,
  0 0 1,0 0 1,
  0 0 1,0 0 1,
  0 0 -1,0 0 -1,
  0 0 -1,0 0 -1,
  0 0 -1,0 0 -1,
  0 0 -1,0 0 -1,
  0 0 -1,0 0 -1,
  0 0 -1,0 0 -1,
  0 0 -1,0 0 -1,
  0 0 -1,0 0 -1,
  0 0 -1,0 0 -1,
  0 0 -1,0 0 -1,
  0 0 -1,0 0 -1,
  0 0 -1,0 0 -1,
  0 0 -1,0 0 -1,
  0 0 -1,0 0 -1,
  0 0 -1,0 0 -1,
  0 0 -1,0 0 -1,
  0 0 -1,0 0 -1,
  0 0 -1,0 0 -1,
  0 0 -1,0 0 -1,
  0 0 -1,0 0 -1,
  0 0 -1,0 0 -1,
  0 0 -1,0 0 -1,
  0 0 -1,0 0 -1,
  0 0 -1,0 0 -1,
  0 0 -1,0 0 -1,
  0 0 -1,0 0 -1,
  0 0 -1,0 0 -1,
  0 0 -1,0 0 -1,
  0 0 -1,0 0 -1,
  0 0 -1,0 0 -1,
  0 0 -1,0 0 -1,
  0 0 -1,0 0 -1,
  0 0 -1,0 0 -1,
  0 0 -1,0 0 -1,
  0 0 -1,0 0 -1,
  0 0 -1,0 0 -1,
  0 0 -1,0 0 -1,
  0 0 -1,0 0 -1,
  0 0 -1,0 0 -1,
  0 0 -1,0 0 -1,
  0 0 -1,0 0 -1,
  0 0 -1,0 0 -1,
  0 0 -1,0 0 -1,
  0 0 -1,0 0 -1,
  0 0 -1,0 0 -1,
  0 0 -1,0 0 -1,
  0 0 -1,0 0 -1,
  0 0 -1,0 0 -1,
  0 0 -1,0 0 -1,
  0 0 -1,0 0 -1,
  0 0 -1,0 0 -1,
  0 0 -1,0 0 -1,
  0 0 -1,0 0 -1,
  0 0 -1,0 0 -1,
  0 0 -1,0 0 -1,
  0 0 -1,0 0 -1,
  0 0 -1,0 0 -1,
  0 0 -1,0 0 -1,
  0 0 -1,0 0 -1,
  0 0 -1,0 0 -1,
  0 0 -1,0 0 -1,
  0 0 -1,0 0 -1,
  0 0 -1,0 0 -1,
  0 0 -1,0 0 -1,
  0 0 -1,0 0 -1,
  0 0 -1,0 0 -1,
  0 0 -1,0 0 -1,
  0 0 -1,0 0 -1,
  0 0 -1,0 0 -1,
  0 0 -1,0 0 -1,
  0 0 -1,0 0 -1,
  0 0 -1,0 0 -1,
  0 0 -1,0 0 -1,
  0 0 -1,0 0 -1,
  0 0 -1,0 0 -1,
  0 0 -1,0 0 -1,
  0 0 -1,0 0 -1,
  0 0 -1,0 0 -1,
  0 0 -1,0 0 -1,
  0 0 -1,0 0 -1,
  0 0 -1,0 0 -1,
  0 0 -1,0 0 -1,
  0 0 -1,0 0 -1,
  0 0 -1,0 0 -1,
  0 0 -1,0 0 -1,
  0 0 -1,0 0 -1,
  0 0 -1,0 0 -1,
  0 0 -1,0 0 -1,
  0 0 -1,0 0 -1,
  0 0 -1,0 0 -1,
  0 0 -1,0 0 -1,
  0 0 -1,0 0 -1,
  0 0 -1,0 0 -1,
  0 0 -1,0 0 -1,
  0 0 -1,0 0 -1,
  0 0 -1,0 0 -1,
  0 0 -1,0 0 -1,
  0 0 -1,0 0 -1,
  0 0 -1,0 0 -1,
  0 0 -1,0 0 -1,
  0 0 -1,0 0 -1,
  0 0 -1,0 0 -1,
  0 0 -1,0 0 -1,
  0 0 -1,0 0 -1,
  0 0 -1,0 0 -1,
  0 0 -1,0 0 -1,
  0 0 -1,0 0 -1,
  0 0 -1,0 0 -1,
  0 0 -1,0 0 -1,
  0 0 -1,0 0 -1,
  0 0 -1,0 0 -1,
  0 0 -1,0 0 -1,
  0 0 -1,0 0 -1,
  0 0 -1,0 0 -1,
  0 0 -1,0 0 -1,
  0 0 -1,0 0 -1,
  0 0 -1,0 0 -1,
  0 0 -1,0 0 -1,
  0 0 -1,0 0 -1,
  0 0 -1,0 0 -1,
  0 0 -1,0 0 -1,
  0 0 -1,0 0 -1,
  0 0 -1,0 0 -1,
  0 0 -1,0 0 -1,
  0 0 -1,0 0 -1,
  0 0 -1,0 0 -1,
  0 0 -1,0 0 -1,
  0 0 -1,0 0 -1,
  0 0 -1,0 0 -1,
  0 0 -1,0 0 -1,
  0 0 -1,0 0 -1,
  0 0 -1,0 0 -1,
  0 0 -1,0 0 -1,
  0 0 -1,0 0 -1,
  0 0 -1,0 0 -1,
  0 0 -1,0 0 -1,
  0 0 -1,0 0 -1,
  0 0 -1,0 0 -1,
  0 0 -1,0 0 -1,
  0 0 -1,0 0 -1,
  0 0 -1,0 0 -1,
  0 0 -1,0 0 -1,
  0 0 -1,0 0 -1,
  0 0 -1,0 0 -1,
  0 0 -1,0 0 -1,
  0 0 -1,0 0 -1,
  0 0 -1,0 0 -1,
  0 0 -1,0 0 -1,
  0 0 -1,0 0 -1,
  0 0 -1,0 0 -1,
  0 0 -1,0 0 -1,
  0 0 -1,0 0 -1,
  0 0 -1,0 0 -1,
  0 0 -1,0 0 -1,
  0 0 -1,0 0 -1,
  0 0 -1,0 0 -1,
  0 0 -1,0 0 -1,
  0 0 -1,0 0 -1,
  0 0 -1,0 0 -1,
  0 0 -1,0 0 -1,
  0 0 -1,0 0 -1,
  0 0 -1,0 0 -1,
  0 0 -1,0 0 -1,
  0 0 -1,0 0 -1,
  0 0 -1,0 0 -1,
  0 0 -1,0 0 -1,
  0 0 -1,0 0 -1,
  0 0 -1,0 0 -1,
  0 0 -1,0 0 -1,
  0 0 -1,0 0 -1,
  0 0 -1,0 0 -1,
  0 0 -1,0 0 -1,
  0 0 -1,0 0 -1,
  0 0 -1,0 0 -1,
  0 0 -1,0 0 -1,
  0 0 -1,0 0 -1,
  0 0 -1,0 0 -1,
  0 0 -1,0 0 -1,
  0 0 -1,0 0 -1,
  0 0 -1,0 0 -1,
  0 0 -1,0 0 -1,
  0 0 -1,0 0 -1,
  0 0 -1,0 0 -1,
  0 0 -1,0 0 -1,
  0 0 -1,0 0 -1,
  0 0 -1,0 0 -1] }
}
}
DEF SHAPE_83 Shape {
 appearance USE APP_6
 geometry DEF FACE_83 IndexedFaceSet {
  coord DEF COORD_83 Coordinate { point [
  49.142059 -43.714572 0.31003937,49.129921 -43.775591 0.31003937,
  49.142059 -43.714572 -0.31003937,49.142059 -43.714572 -0.31003937,
  49.129921 -43.775591 0.31003937,49.129921 -43.775591 -0.31003937,
  49.176623 -43.662843 0.31003937,49.142059 -43.714572 0.31003937,
  49.176623 -43.662843 -0.31003937,49.176623 -43.662843 -0.31003937,
  49.142059 -43.714572 0.31003937,49.142059 -43.714572 -0.31003937,
  49.228352 -43.628279 0.31003937,49.176623 -43.662843 0.31003937,
  49.228352 -43.628279 -0.31003937,49.228352 -43.628279 -0.31003937,
  49.176623 -43.662843 0.31003937,49.176623 -43.662843 -0.31003937,
  49.28937 -43.616142 0.31003937,49.228352 -43.628279 0.31003937,
  49.28937 -43.616142 -0.31003937,49.28937 -43.616142 -0.31003937,
  49.228352 -43.628279 0.31003937,49.228352 -43.628279 -0.31003937,
  49.350389 -43.628279 0.31003937,49.28937 -43.616142 0.31003937,
  49.350389 -43.628279 -0.31003937,49.350389 -43.628279 -0.31003937,
  49.28937 -43.616142 0.31003937,49.28937 -43.616142 -0.31003937,
  49.402117 -43.662843 0.31003937,49.350389 -43.628279 0.31003937,
  49.402117 -43.662843 -0.31003937,49.402117 -43.662843 -0.31003937,
  49.350389 -43.628279 0.31003937,49.350389 -43.628279 -0.31003937,
  49.436682 -43.714572 0.31003937,49.402117 -43.662843 0.31003937,
  49.436682 -43.714572 -0.31003937,49.436682 -43.714572 -0.31003937,
  49.402117 -43.662843 0.31003937,49.402117 -43.662843 -0.31003937,
  49.448819 -43.775591 0.31003937,49.436682 -43.714572 0.31003937,
  49.448819 -43.775591 -0.31003937,49.448819 -43.775591 -0.31003937,
  49.436682 -43.714572 0.31003937,49.436682 -43.714572 -0.31003937,
  49.436682 -43.836609 0.31003937,49.448819 -43.775591 0.31003937,
  49.436682 -43.836609 -0.31003937,49.436682 -43.836609 -0.31003937,
  49.448819 -43.775591 0.31003937,49.448819 -43.775591 -0.31003937,
  49.402117 -43.888338 0.31003937,49.436682 -43.836609 0.31003937,
  49.402117 -43.888338 -0.31003937,49.402117 -43.888338 -0.31003937,
  49.436682 -43.836609 0.31003937,49.436682 -43.836609 -0.31003937,
  49.350389 -43.922902 0.31003937,49.402117 -43.888338 0.31003937,
  49.350389 -43.922902 -0.31003937,49.350389 -43.922902 -0.31003937,
  49.402117 -43.888338 0.31003937,49.402117 -43.888338 -0.31003937,
  49.28937 -43.935039 0.31003937,49.350389 -43.922902 0.31003937,
  49.28937 -43.935039 -0.31003937,49.28937 -43.935039 -0.31003937,
  49.350389 -43.922902 0.31003937,49.350389 -43.922902 -0.31003937,
  49.228352 -43.922902 0.31003937,49.28937 -43.935039 0.31003937,
  49.228352 -43.922902 -0.31003937,49.228352 -43.922902 -0.31003937,
  49.28937 -43.935039 0.31003937,49.28937 -43.935039 -0.31003937,
  49.176623 -43.888338 0.31003937,49.228352 -43.922902 0.31003937,
  49.176623 -43.888338 -0.31003937,49.176623 -43.888338 -0.31003937,
  49.228352 -43.922902 0.31003937,49.228352 -43.922902 -0.31003937,
  49.142059 -43.836609 0.31003937,49.176623 -43.888338 0.31003937,
  49.142059 -43.836609 -0.31003937,49.142059 -43.836609 -0.31003937,
  49.176623 -43.888338 0.31003937,49.176623 -43.888338 -0.31003937,
  49.129921 -43.775591 0.31003937,49.142059 -43.836609 0.31003937,
  49.129921 -43.775591 -0.31003937,49.129921 -43.775591 -0.31003937,
  49.142059 -43.836609 0.31003937,49.142059 -43.836609 -0.31003937,
  49.142059 -44.714572 0.31003937,49.129921 -44.775591 0.31003937,
  49.142059 -44.714572 -0.31003937,49.142059 -44.714572 -0.31003937,
  49.129921 -44.775591 0.31003937,49.129921 -44.775591 -0.31003937,
  49.176623 -44.662843 0.31003937,49.142059 -44.714572 0.31003937,
  49.176623 -44.662843 -0.31003937,49.176623 -44.662843 -0.31003937,
  49.142059 -44.714572 0.31003937,49.142059 -44.714572 -0.31003937,
  49.228352 -44.628279 0.31003937,49.176623 -44.662843 0.31003937,
  49.228352 -44.628279 -0.31003937,49.228352 -44.628279 -0.31003937,
  49.176623 -44.662843 0.31003937,49.176623 -44.662843 -0.31003937,
  49.28937 -44.616142 0.31003937,49.228352 -44.628279 0.31003937,
  49.28937 -44.616142 -0.31003937,49.28937 -44.616142 -0.31003937,
  49.228352 -44.628279 0.31003937,49.228352 -44.628279 -0.31003937,
  49.350389 -44.628279 0.31003937,49.28937 -44.616142 0.31003937,
  49.350389 -44.628279 -0.31003937,49.350389 -44.628279 -0.31003937,
  49.28937 -44.616142 0.31003937,49.28937 -44.616142 -0.31003937,
  49.402117 -44.662843 0.31003937,49.350389 -44.628279 0.31003937,
  49.402117 -44.662843 -0.31003937,49.402117 -44.662843 -0.31003937,
  49.350389 -44.628279 0.31003937,49.350389 -44.628279 -0.31003937,
  49.436682 -44.714572 0.31003937,49.402117 -44.662843 0.31003937,
  49.436682 -44.714572 -0.31003937,49.436682 -44.714572 -0.31003937,
  49.402117 -44.662843 0.31003937,49.402117 -44.662843 -0.31003937,
  49.448819 -44.775591 0.31003937,49.436682 -44.714572 0.31003937,
  49.448819 -44.775591 -0.31003937,49.448819 -44.775591 -0.31003937,
  49.436682 -44.714572 0.31003937,49.436682 -44.714572 -0.31003937,
  49.436682 -44.836609 0.31003937,49.448819 -44.775591 0.31003937,
  49.436682 -44.836609 -0.31003937,49.436682 -44.836609 -0.31003937,
  49.448819 -44.775591 0.31003937,49.448819 -44.775591 -0.31003937,
  49.402117 -44.888338 0.31003937,49.436682 -44.836609 0.31003937,
  49.402117 -44.888338 -0.31003937,49.402117 -44.888338 -0.31003937,
  49.436682 -44.836609 0.31003937,49.436682 -44.836609 -0.31003937,
  49.350389 -44.922902 0.31003937,49.402117 -44.888338 0.31003937,
  49.350389 -44.922902 -0.31003937,49.350389 -44.922902 -0.31003937,
  49.402117 -44.888338 0.31003937,49.402117 -44.888338 -0.31003937,
  49.28937 -44.935039 0.31003937,49.350389 -44.922902 0.31003937,
  49.28937 -44.935039 -0.31003937,49.28937 -44.935039 -0.31003937,
  49.350389 -44.922902 0.31003937,49.350389 -44.922902 -0.31003937,
  49.228352 -44.922902 0.31003937,49.28937 -44.935039 0.31003937,
  49.228352 -44.922902 -0.31003937,49.228352 -44.922902 -0.31003937,
  49.28937 -44.935039 0.31003937,49.28937 -44.935039 -0.31003937,
  49.176623 -44.888338 0.31003937,49.228352 -44.922902 0.31003937,
  49.176623 -44.888338 -0.31003937,49.176623 -44.888338 -0.31003937,
  49.228352 -44.922902 0.31003937,49.228352 -44.922902 -0.31003937,
  49.142059 -44.836609 0.31003937,49.176623 -44.888338 0.31003937,
  49.142059 -44.836609 -0.31003937,49.142059 -44.836609 -0.31003937,
  49.176623 -44.888338 0.31003937,49.176623 -44.888338 -0.31003937,
  49.129921 -44.775591 0.31003937,49.142059 -44.836609 0.31003937,
  49.129921 -44.775591 -0.31003937,49.129921 -44.775591 -0.31003937,
  49.142059 -44.836609 0.31003937,49.142059 -44.836609 -0.31003937,
  49.142059 -45.714572 0.31003937,49.129921 -45.775591 0.31003937,
  49.142059 -45.714572 -0.31003937,49.142059 -45.714572 -0.31003937,
  49.129921 -45.775591 0.31003937,49.129921 -45.775591 -0.31003937,
  49.176623 -45.662843 0.31003937,49.142059 -45.714572 0.31003937,
  49.176623 -45.662843 -0.31003937,49.176623 -45.662843 -0.31003937,
  49.142059 -45.714572 0.31003937,49.142059 -45.714572 -0.31003937,
  49.228352 -45.628279 0.31003937,49.176623 -45.662843 0.31003937,
  49.228352 -45.628279 -0.31003937,49.228352 -45.628279 -0.31003937,
  49.176623 -45.662843 0.31003937,49.176623 -45.662843 -0.31003937,
  49.28937 -45.616142 0.31003937,49.228352 -45.628279 0.31003937,
  49.28937 -45.616142 -0.31003937,49.28937 -45.616142 -0.31003937,
  49.228352 -45.628279 0.31003937,49.228352 -45.628279 -0.31003937,
  49.350389 -45.628279 0.31003937,49.28937 -45.616142 0.31003937,
  49.350389 -45.628279 -0.31003937,49.350389 -45.628279 -0.31003937,
  49.28937 -45.616142 0.31003937,49.28937 -45.616142 -0.31003937,
  49.402117 -45.662843 0.31003937,49.350389 -45.628279 0.31003937,
  49.402117 -45.662843 -0.31003937,49.402117 -45.662843 -0.31003937,
  49.350389 -45.628279 0.31003937,49.350389 -45.628279 -0.31003937,
  49.436682 -45.714572 0.31003937,49.402117 -45.662843 0.31003937,
  49.436682 -45.714572 -0.31003937,49.436682 -45.714572 -0.31003937,
  49.402117 -45.662843 0.31003937,49.402117 -45.662843 -0.31003937,
  49.448819 -45.775591 0.31003937,49.436682 -45.714572 0.31003937,
  49.448819 -45.775591 -0.31003937,49.448819 -45.775591 -0.31003937,
  49.436682 -45.714572 0.31003937,49.436682 -45.714572 -0.31003937,
  49.436682 -45.836609 0.31003937,49.448819 -45.775591 0.31003937,
  49.436682 -45.836609 -0.31003937,49.436682 -45.836609 -0.31003937,
  49.448819 -45.775591 0.31003937,49.448819 -45.775591 -0.31003937,
  49.402117 -45.888338 0.31003937,49.436682 -45.836609 0.31003937,
  49.402117 -45.888338 -0.31003937,49.402117 -45.888338 -0.31003937,
  49.436682 -45.836609 0.31003937,49.436682 -45.836609 -0.31003937,
  49.350389 -45.922902 0.31003937,49.402117 -45.888338 0.31003937,
  49.350389 -45.922902 -0.31003937,49.350389 -45.922902 -0.31003937,
  49.402117 -45.888338 0.31003937,49.402117 -45.888338 -0.31003937,
  49.28937 -45.935039 0.31003937,49.350389 -45.922902 0.31003937,
  49.28937 -45.935039 -0.31003937,49.28937 -45.935039 -0.31003937,
  49.350389 -45.922902 0.31003937,49.350389 -45.922902 -0.31003937,
  49.228352 -45.922902 0.31003937,49.28937 -45.935039 0.31003937,
  49.228352 -45.922902 -0.31003937,49.228352 -45.922902 -0.31003937,
  49.28937 -45.935039 0.31003937,49.28937 -45.935039 -0.31003937,
  49.176623 -45.888338 0.31003937,49.228352 -45.922902 0.31003937,
  49.176623 -45.888338 -0.31003937,49.176623 -45.888338 -0.31003937,
  49.228352 -45.922902 0.31003937,49.228352 -45.922902 -0.31003937,
  49.142059 -45.836609 0.31003937,49.176623 -45.888338 0.31003937,
  49.142059 -45.836609 -0.31003937,49.142059 -45.836609 -0.31003937,
  49.176623 -45.888338 0.31003937,49.176623 -45.888338 -0.31003937,
  49.129921 -45.775591 0.31003937,49.142059 -45.836609 0.31003937,
  49.129921 -45.775591 -0.31003937,49.129921 -45.775591 -0.31003937,
  49.142059 -45.836609 0.31003937,49.142059 -45.836609 -0.31003937,
  49.142059 -46.714572 0.31003937,49.129921 -46.775591 0.31003937,
  49.142059 -46.714572 -0.31003937,49.142059 -46.714572 -0.31003937,
  49.129921 -46.775591 0.31003937,49.129921 -46.775591 -0.31003937,
  49.176623 -46.662843 0.31003937,49.142059 -46.714572 0.31003937,
  49.176623 -46.662843 -0.31003937,49.176623 -46.662843 -0.31003937,
  49.142059 -46.714572 0.31003937,49.142059 -46.714572 -0.31003937,
  49.228352 -46.628279 0.31003937,49.176623 -46.662843 0.31003937,
  49.228352 -46.628279 -0.31003937,49.228352 -46.628279 -0.31003937,
  49.176623 -46.662843 0.31003937,49.176623 -46.662843 -0.31003937,
  49.28937 -46.616142 0.31003937,49.228352 -46.628279 0.31003937,
  49.28937 -46.616142 -0.31003937,49.28937 -46.616142 -0.31003937,
  49.228352 -46.628279 0.31003937,49.228352 -46.628279 -0.31003937,
  49.350389 -46.628279 0.31003937,49.28937 -46.616142 0.31003937,
  49.350389 -46.628279 -0.31003937,49.350389 -46.628279 -0.31003937,
  49.28937 -46.616142 0.31003937,49.28937 -46.616142 -0.31003937,
  49.402117 -46.662843 0.31003937,49.350389 -46.628279 0.31003937,
  49.402117 -46.662843 -0.31003937,49.402117 -46.662843 -0.31003937,
  49.350389 -46.628279 0.31003937,49.350389 -46.628279 -0.31003937,
  49.436682 -46.714572 0.31003937,49.402117 -46.662843 0.31003937,
  49.436682 -46.714572 -0.31003937,49.436682 -46.714572 -0.31003937,
  49.402117 -46.662843 0.31003937,49.402117 -46.662843 -0.31003937,
  49.448819 -46.775591 0.31003937,49.436682 -46.714572 0.31003937,
  49.448819 -46.775591 -0.31003937,49.448819 -46.775591 -0.31003937,
  49.436682 -46.714572 0.31003937,49.436682 -46.714572 -0.31003937,
  49.436682 -46.836609 0.31003937,49.448819 -46.775591 0.31003937,
  49.436682 -46.836609 -0.31003937,49.436682 -46.836609 -0.31003937,
  49.448819 -46.775591 0.31003937,49.448819 -46.775591 -0.31003937,
  49.402117 -46.888338 0.31003937,49.436682 -46.836609 0.31003937,
  49.402117 -46.888338 -0.31003937,49.402117 -46.888338 -0.31003937,
  49.436682 -46.836609 0.31003937,49.436682 -46.836609 -0.31003937,
  49.350389 -46.922902 0.31003937,49.402117 -46.888338 0.31003937,
  49.350389 -46.922902 -0.31003937,49.350389 -46.922902 -0.31003937,
  49.402117 -46.888338 0.31003937,49.402117 -46.888338 -0.31003937,
  49.28937 -46.935039 0.31003937,49.350389 -46.922902 0.31003937,
  49.28937 -46.935039 -0.31003937,49.28937 -46.935039 -0.31003937,
  49.350389 -46.922902 0.31003937,49.350389 -46.922902 -0.31003937,
  49.228352 -46.922902 0.31003937,49.28937 -46.935039 0.31003937,
  49.228352 -46.922902 -0.31003937,49.228352 -46.922902 -0.31003937,
  49.28937 -46.935039 0.31003937,49.28937 -46.935039 -0.31003937,
  49.176623 -46.888338 0.31003937,49.228352 -46.922902 0.31003937,
  49.176623 -46.888338 -0.31003937,49.176623 -46.888338 -0.31003937,
  49.228352 -46.922902 0.31003937,49.228352 -46.922902 -0.31003937,
  49.142059 -46.836609 0.31003937,49.176623 -46.888338 0.31003937,
  49.142059 -46.836609 -0.31003937,49.142059 -46.836609 -0.31003937,
  49.176623 -46.888338 0.31003937,49.176623 -46.888338 -0.31003937,
  49.129921 -46.775591 0.31003937,49.142059 -46.836609 0.31003937,
  49.129921 -46.775591 -0.31003937,49.129921 -46.775591 -0.31003937,
  49.142059 -46.836609 0.31003937,49.142059 -46.836609 -0.31003937,
  60.107096 -48.100058 0.31003937,60.096457 -48.153543 0.31003937,
  60.107096 -48.100058 -0.31003937,60.107096 -48.100058 -0.31003937,
  60.096457 -48.153543 0.31003937,60.096457 -48.153543 -0.31003937,
  60.137393 -48.054715 0.31003937,60.107096 -48.100058 0.31003937,
  60.137393 -48.054715 -0.31003937,60.137393 -48.054715 -0.31003937,
  60.107096 -48.100058 0.31003937,60.107096 -48.100058 -0.31003937,
  60.182735 -48.024418 0.31003937,60.137393 -48.054715 0.31003937,
  60.182735 -48.024418 -0.31003937,60.182735 -48.024418 -0.31003937,
  60.137393 -48.054715 0.31003937,60.137393 -48.054715 -0.31003937,
  60.23622 -48.01378 0.31003937,60.182735 -48.024418 0.31003937,
  60.23622 -48.01378 -0.31003937,60.23622 -48.01378 -0.31003937,
  60.182735 -48.024418 0.31003937,60.182735 -48.024418 -0.31003937,
  60.289706 -48.024418 0.31003937,60.23622 -48.01378 0.31003937,
  60.289706 -48.024418 -0.31003937,60.289706 -48.024418 -0.31003937,
  60.23622 -48.01378 0.31003937,60.23622 -48.01378 -0.31003937,
  60.335048 -48.054715 0.31003937,60.289706 -48.024418 0.31003937,
  60.335048 -48.054715 -0.31003937,60.335048 -48.054715 -0.31003937,
  60.289706 -48.024418 0.31003937,60.289706 -48.024418 -0.31003937,
  60.365345 -48.100058 0.31003937,60.335048 -48.054715 0.31003937,
  60.365345 -48.100058 -0.31003937,60.365345 -48.100058 -0.31003937,
  60.335048 -48.054715 0.31003937,60.335048 -48.054715 -0.31003937,
  60.375984 -48.153543 0.31003937,60.365345 -48.100058 0.31003937,
  60.375984 -48.153543 -0.31003937,60.375984 -48.153543 -0.31003937,
  60.365345 -48.100058 0.31003937,60.365345 -48.100058 -0.31003937,
  60.365345 -48.207029 0.31003937,60.375984 -48.153543 0.31003937,
  60.365345 -48.207029 -0.31003937,60.365345 -48.207029 -0.31003937,
  60.375984 -48.153543 0.31003937,60.375984 -48.153543 -0.31003937,
  60.335048 -48.252371 0.31003937,60.365345 -48.207029 0.31003937,
  60.335048 -48.252371 -0.31003937,60.335048 -48.252371 -0.31003937,
  60.365345 -48.207029 0.31003937,60.365345 -48.207029 -0.31003937,
  60.289706 -48.282668 0.31003937,60.335048 -48.252371 0.31003937,
  60.289706 -48.282668 -0.31003937,60.289706 -48.282668 -0.31003937,
  60.335048 -48.252371 0.31003937,60.335048 -48.252371 -0.31003937,
  60.23622 -48.293307 0.31003937,60.289706 -48.282668 0.31003937,
  60.23622 -48.293307 -0.31003937,60.23622 -48.293307 -0.31003937,
  60.289706 -48.282668 0.31003937,60.289706 -48.282668 -0.31003937,
  60.182735 -48.282668 0.31003937,60.23622 -48.293307 0.31003937,
  60.182735 -48.282668 -0.31003937,60.182735 -48.282668 -0.31003937,
  60.23622 -48.293307 0.31003937,60.23622 -48.293307 -0.31003937,
  60.137393 -48.252371 0.31003937,60.182735 -48.282668 0.31003937,
  60.137393 -48.252371 -0.31003937,60.137393 -48.252371 -0.31003937,
  60.182735 -48.282668 0.31003937,60.182735 -48.282668 -0.31003937,
  60.107096 -48.207029 0.31003937,60.137393 -48.252371 0.31003937,
  60.107096 -48.207029 -0.31003937,60.107096 -48.207029 -0.31003937,
  60.137393 -48.252371 0.31003937,60.137393 -48.252371 -0.31003937,
  60.096457 -48.153543 0.31003937,60.107096 -48.207029 0.31003937,
  60.096457 -48.153543 -0.31003937,60.096457 -48.153543 -0.31003937,
  60.107096 -48.207029 0.31003937,60.107096 -48.207029 -0.31003937,
  60.335048 -45.054715 0.31003937,60.289706 -45.024418 0.31003937,
  60.335048 -45.054715 -0.31003937,60.335048 -45.054715 -0.31003937,
  60.289706 -45.024418 0.31003937,60.289706 -45.024418 -0.31003937,
  60.365345 -45.100058 0.31003937,60.335048 -45.054715 0.31003937,
  60.365345 -45.100058 -0.31003937,60.365345 -45.100058 -0.31003937,
  60.335048 -45.054715 0.31003937,60.335048 -45.054715 -0.31003937,
  60.375984 -45.153543 0.31003937,60.365345 -45.100058 0.31003937,
  60.375984 -45.153543 -0.31003937,60.375984 -45.153543 -0.31003937,
  60.365345 -45.100058 0.31003937,60.365345 -45.100058 -0.31003937,
  60.365345 -45.207029 0.31003937,60.375984 -45.153543 0.31003937,
  60.365345 -45.207029 -0.31003937,60.365345 -45.207029 -0.31003937,
  60.375984 -45.153543 0.31003937,60.375984 -45.153543 -0.31003937,
  60.335048 -45.252371 0.31003937,60.365345 -45.207029 0.31003937,
  60.335048 -45.252371 -0.31003937,60.335048 -45.252371 -0.31003937,
  60.365345 -45.207029 0.31003937,60.365345 -45.207029 -0.31003937,
  60.289706 -45.282668 0.31003937,60.335048 -45.252371 0.31003937,
  60.289706 -45.282668 -0.31003937,60.289706 -45.282668 -0.31003937,
  60.335048 -45.252371 0.31003937,60.335048 -45.252371 -0.31003937,
  60.23622 -45.293307 0.31003937,60.289706 -45.282668 0.31003937,
  60.23622 -45.293307 -0.31003937,60.23622 -45.293307 -0.31003937,
  60.289706 -45.282668 0.31003937,60.289706 -45.282668 -0.31003937,
  60.182735 -45.282668 0.31003937,60.23622 -45.293307 0.31003937,
  60.182735 -45.282668 -0.31003937,60.182735 -45.282668 -0.31003937,
  60.23622 -45.293307 0.31003937,60.23622 -45.293307 -0.31003937,
  60.137393 -45.252371 0.31003937,60.182735 -45.282668 0.31003937,
  60.137393 -45.252371 -0.31003937,60.137393 -45.252371 -0.31003937,
  60.182735 -45.282668 0.31003937,60.182735 -45.282668 -0.31003937,
  60.107096 -45.207029 0.31003937,60.137393 -45.252371 0.31003937,
  60.107096 -45.207029 -0.31003937,60.107096 -45.207029 -0.31003937,
  60.137393 -45.252371 0.31003937,60.137393 -45.252371 -0.31003937,
  60.096457 -45.153543 0.31003937,60.107096 -45.207029 0.31003937,
  60.096457 -45.153543 -0.31003937,60.096457 -45.153543 -0.31003937,
  60.107096 -45.207029 0.31003937,60.107096 -45.207029 -0.31003937,
  60.107096 -45.100058 0.31003937,60.096457 -45.153543 0.31003937,
  60.107096 -45.100058 -0.31003937,60.107096 -45.100058 -0.31003937,
  60.096457 -45.153543 0.31003937,60.096457 -45.153543 -0.31003937,
  60.137393 -45.054715 0.31003937,60.107096 -45.100058 0.31003937,
  60.137393 -45.054715 -0.31003937,60.137393 -45.054715 -0.31003937,
  60.107096 -45.100058 0.31003937,60.107096 -45.100058 -0.31003937,
  60.182735 -45.024418 0.31003937,60.137393 -45.054715 0.31003937,
  60.182735 -45.024418 -0.31003937,60.182735 -45.024418 -0.31003937,
  60.137393 -45.054715 0.31003937,60.137393 -45.054715 -0.31003937,
  60.23622 -45.01378 0.31003937,60.182735 -45.024418 0.31003937,
  60.23622 -45.01378 -0.31003937,60.23622 -45.01378 -0.31003937,
  60.182735 -45.024418 0.31003937,60.182735 -45.024418 -0.31003937,
  60.289706 -45.024418 0.31003937,60.23622 -45.01378 0.31003937,
  60.289706 -45.024418 -0.31003937,60.289706 -45.024418 -0.31003937,
  60.23622 -45.01378 0.31003937,60.23622 -45.01378 -0.31003937,
  58.883532 -35.568892 0.31003937,58.895669 -35.507874 0.31003937,
  58.883532 -35.568892 -0.31003937,58.883532 -35.568892 -0.31003937,
  58.895669 -35.507874 0.31003937,58.895669 -35.507874 -0.31003937,
  58.848968 -35.620621 0.31003937,58.883532 -35.568892 0.31003937,
  58.848968 -35.620621 -0.31003937,58.848968 -35.620621 -0.31003937,
  58.883532 -35.568892 0.31003937,58.883532 -35.568892 -0.31003937,
  58.797239 -35.655186 0.31003937,58.848968 -35.620621 0.31003937,
  58.797239 -35.655186 -0.31003937,58.797239 -35.655186 -0.31003937,
  58.848968 -35.620621 0.31003937,58.848968 -35.620621 -0.31003937,
  58.73622 -35.667323 0.31003937,58.797239 -35.655186 0.31003937,
  58.73622 -35.667323 -0.31003937,58.73622 -35.667323 -0.31003937,
  58.797239 -35.655186 0.31003937,58.797239 -35.655186 -0.31003937,
  58.675202 -35.655186 0.31003937,58.73622 -35.667323 0.31003937,
  58.675202 -35.655186 -0.31003937,58.675202 -35.655186 -0.31003937,
  58.73622 -35.667323 0.31003937,58.73622 -35.667323 -0.31003937,
  58.623473 -35.620621 0.31003937,58.675202 -35.655186 0.31003937,
  58.623473 -35.620621 -0.31003937,58.623473 -35.620621 -0.31003937,
  58.675202 -35.655186 0.31003937,58.675202 -35.655186 -0.31003937,
  58.588909 -35.568892 0.31003937,58.623473 -35.620621 0.31003937,
  58.588909 -35.568892 -0.31003937,58.588909 -35.568892 -0.31003937,
  58.623473 -35.620621 0.31003937,58.623473 -35.620621 -0.31003937,
  58.576772 -35.507874 0.31003937,58.588909 -35.568892 0.31003937,
  58.576772 -35.507874 -0.31003937,58.576772 -35.507874 -0.31003937,
  58.588909 -35.568892 0.31003937,58.588909 -35.568892 -0.31003937,
  58.588909 -35.446856 0.31003937,58.576772 -35.507874 0.31003937,
  58.588909 -35.446856 -0.31003937,58.588909 -35.446856 -0.31003937,
  58.576772 -35.507874 0.31003937,58.576772 -35.507874 -0.31003937,
  58.623473 -35.395127 0.31003937,58.588909 -35.446856 0.31003937,
  58.623473 -35.395127 -0.31003937,58.623473 -35.395127 -0.31003937,
  58.588909 -35.446856 0.31003937,58.588909 -35.446856 -0.31003937,
  58.675202 -35.360563 0.31003937,58.623473 -35.395127 0.31003937,
  58.675202 -35.360563 -0.31003937,58.675202 -35.360563 -0.31003937,
  58.623473 -35.395127 0.31003937,58.623473 -35.395127 -0.31003937,
  58.73622 -35.348425 0.31003937,58.675202 -35.360563 0.31003937,
  58.73622 -35.348425 -0.31003937,58.73622 -35.348425 -0.31003937,
  58.675202 -35.360563 0.31003937,58.675202 -35.360563 -0.31003937,
  58.797239 -35.360563 0.31003937,58.73622 -35.348425 0.31003937,
  58.797239 -35.360563 -0.31003937,58.797239 -35.360563 -0.31003937,
  58.73622 -35.348425 0.31003937,58.73622 -35.348425 -0.31003937,
  58.848968 -35.395127 0.31003937,58.797239 -35.360563 0.31003937,
  58.848968 -35.395127 -0.31003937,58.848968 -35.395127 -0.31003937,
  58.797239 -35.360563 0.31003937,58.797239 -35.360563 -0.31003937,
  58.883532 -35.446856 0.31003937,58.848968 -35.395127 0.31003937,
  58.883532 -35.446856 -0.31003937,58.883532 -35.446856 -0.31003937,
  58.848968 -35.395127 0.31003937,58.848968 -35.395127 -0.31003937,
  58.895669 -35.507874 0.31003937,58.883532 -35.446856 0.31003937,
  58.895669 -35.507874 -0.31003937,58.895669 -35.507874 -0.31003937,
  58.883532 -35.446856 0.31003937,58.883532 -35.446856 -0.31003937,
  59.855685 -42.342222 0.31003937,59.840551 -42.418307 0.31003937,
  59.855685 -42.342222 -0.31003937,59.855685 -42.342222 -0.31003937,
  59.840551 -42.418307 0.31003937,59.840551 -42.418307 -0.31003937,
  59.898784 -42.277721 0.31003937,59.855685 -42.342222 0.31003937,
  59.898784 -42.277721 -0.31003937,59.898784 -42.277721 -0.31003937,
  59.855685 -42.342222 0.31003937,59.855685 -42.342222 -0.31003937,
  59.963285 -42.234622 0.31003937,59.898784 -42.277721 0.31003937,
  59.963285 -42.234622 -0.31003937,59.963285 -42.234622 -0.31003937,
  59.898784 -42.277721 0.31003937,59.898784 -42.277721 -0.31003937,
  60.03937 -42.219488 0.31003937,59.963285 -42.234622 0.31003937,
  60.03937 -42.219488 -0.31003937,60.03937 -42.219488 -0.31003937,
  59.963285 -42.234622 0.31003937,59.963285 -42.234622 -0.31003937,
  60.115455 -42.234622 0.31003937,60.03937 -42.219488 0.31003937,
  60.115455 -42.234622 -0.31003937,60.115455 -42.234622 -0.31003937,
  60.03937 -42.219488 0.31003937,60.03937 -42.219488 -0.31003937,
  60.179956 -42.277721 0.31003937,60.115455 -42.234622 0.31003937,
  60.179956 -42.277721 -0.31003937,60.179956 -42.277721 -0.31003937,
  60.115455 -42.234622 0.31003937,60.115455 -42.234622 -0.31003937,
  60.223055 -42.342222 0.31003937,60.179956 -42.277721 0.31003937,
  60.223055 -42.342222 -0.31003937,60.223055 -42.342222 -0.31003937,
  60.179956 -42.277721 0.31003937,60.179956 -42.277721 -0.31003937,
  60.238189 -42.418307 0.31003937,60.223055 -42.342222 0.31003937,
  60.238189 -42.418307 -0.31003937,60.238189 -42.418307 -0.31003937,
  60.223055 -42.342222 0.31003937,60.223055 -42.342222 -0.31003937,
  60.223055 -42.494392 0.31003937,60.238189 -42.418307 0.31003937,
  60.223055 -42.494392 -0.31003937,60.223055 -42.494392 -0.31003937,
  60.238189 -42.418307 0.31003937,60.238189 -42.418307 -0.31003937,
  60.179956 -42.558893 0.31003937,60.223055 -42.494392 0.31003937,
  60.179956 -42.558893 -0.31003937,60.179956 -42.558893 -0.31003937,
  60.223055 -42.494392 0.31003937,60.223055 -42.494392 -0.31003937,
  60.115455 -42.601992 0.31003937,60.179956 -42.558893 0.31003937,
  60.115455 -42.601992 -0.31003937,60.115455 -42.601992 -0.31003937,
  60.179956 -42.558893 0.31003937,60.179956 -42.558893 -0.31003937,
  60.03937 -42.617126 0.31003937,60.115455 -42.601992 0.31003937,
  60.03937 -42.617126 -0.31003937,60.03937 -42.617126 -0.31003937,
  60.115455 -42.601992 0.31003937,60.115455 -42.601992 -0.31003937,
  59.963285 -42.601992 0.31003937,60.03937 -42.617126 0.31003937,
  59.963285 -42.601992 -0.31003937,59.963285 -42.601992 -0.31003937,
  60.03937 -42.617126 0.31003937,60.03937 -42.617126 -0.31003937,
  59.898784 -42.558893 0.31003937,59.963285 -42.601992 0.31003937,
  59.898784 -42.558893 -0.31003937,59.898784 -42.558893 -0.31003937,
  59.963285 -42.601992 0.31003937,59.963285 -42.601992 -0.31003937,
  59.855685 -42.494392 0.31003937,59.898784 -42.558893 0.31003937,
  59.855685 -42.494392 -0.31003937,59.855685 -42.494392 -0.31003937,
  59.898784 -42.558893 0.31003937,59.898784 -42.558893 -0.31003937,
  59.840551 -42.418307 0.31003937,59.855685 -42.494392 0.31003937,
  59.840551 -42.418307 -0.31003937,59.840551 -42.418307 -0.31003937,
  59.855685 -42.494392 0.31003937,59.855685 -42.494392 -0.31003937,
  58.588909 -36.446856 0.31003937,58.576772 -36.507874 0.31003937,
  58.588909 -36.446856 -0.31003937,58.588909 -36.446856 -0.31003937,
  58.576772 -36.507874 0.31003937,58.576772 -36.507874 -0.31003937,
  58.623473 -36.395127 0.31003937,58.588909 -36.446856 0.31003937,
  58.623473 -36.395127 -0.31003937,58.623473 -36.395127 -0.31003937,
  58.588909 -36.446856 0.31003937,58.588909 -36.446856 -0.31003937,
  58.675202 -36.360563 0.31003937,58.623473 -36.395127 0.31003937,
  58.675202 -36.360563 -0.31003937,58.675202 -36.360563 -0.31003937,
  58.623473 -36.395127 0.31003937,58.623473 -36.395127 -0.31003937,
  58.73622 -36.348425 0.31003937,58.675202 -36.360563 0.31003937,
  58.73622 -36.348425 -0.31003937,58.73622 -36.348425 -0.31003937,
  58.675202 -36.360563 0.31003937,58.675202 -36.360563 -0.31003937,
  58.797239 -36.360563 0.31003937,58.73622 -36.348425 0.31003937,
  58.797239 -36.360563 -0.31003937,58.797239 -36.360563 -0.31003937,
  58.73622 -36.348425 0.31003937,58.73622 -36.348425 -0.31003937,
  58.848968 -36.395127 0.31003937,58.797239 -36.360563 0.31003937,
  58.848968 -36.395127 -0.31003937,58.848968 -36.395127 -0.31003937,
  58.797239 -36.360563 0.31003937,58.797239 -36.360563 -0.31003937,
  58.883532 -36.446856 0.31003937,58.848968 -36.395127 0.31003937,
  58.883532 -36.446856 -0.31003937,58.883532 -36.446856 -0.31003937,
  58.848968 -36.395127 0.31003937,58.848968 -36.395127 -0.31003937,
  58.895669 -36.507874 0.31003937,58.883532 -36.446856 0.31003937,
  58.895669 -36.507874 -0.31003937,58.895669 -36.507874 -0.31003937,
  58.883532 -36.446856 0.31003937,58.883532 -36.446856 -0.31003937,
  58.883532 -36.568892 0.31003937,58.895669 -36.507874 0.31003937,
  58.883532 -36.568892 -0.31003937,58.883532 -36.568892 -0.31003937,
  58.895669 -36.507874 0.31003937,58.895669 -36.507874 -0.31003937,
  58.848968 -36.620621 0.31003937,58.883532 -36.568892 0.31003937,
  58.848968 -36.620621 -0.31003937,58.848968 -36.620621 -0.31003937,
  58.883532 -36.568892 0.31003937,58.883532 -36.568892 -0.31003937,
  58.797239 -36.655186 0.31003937,58.848968 -36.620621 0.31003937,
  58.797239 -36.655186 -0.31003937,58.797239 -36.655186 -0.31003937,
  58.848968 -36.620621 0.31003937,58.848968 -36.620621 -0.31003937,
  58.73622 -36.667323 0.31003937,58.797239 -36.655186 0.31003937,
  58.73622 -36.667323 -0.31003937,58.73622 -36.667323 -0.31003937,
  58.797239 -36.655186 0.31003937,58.797239 -36.655186 -0.31003937,
  58.675202 -36.655186 0.31003937,58.73622 -36.667323 0.31003937,
  58.675202 -36.655186 -0.31003937,58.675202 -36.655186 -0.31003937,
  58.73622 -36.667323 0.31003937,58.73622 -36.667323 -0.31003937,
  58.623473 -36.620621 0.31003937,58.675202 -36.655186 0.31003937,
  58.623473 -36.620621 -0.31003937,58.623473 -36.620621 -0.31003937,
  58.675202 -36.655186 0.31003937,58.675202 -36.655186 -0.31003937,
  58.588909 -36.568892 0.31003937,58.623473 -36.620621 0.31003937,
  58.588909 -36.568892 -0.31003937,58.588909 -36.568892 -0.31003937,
  58.623473 -36.620621 0.31003937,58.623473 -36.620621 -0.31003937,
  58.576772 -36.507874 0.31003937,58.588909 -36.568892 0.31003937,
  58.576772 -36.507874 -0.31003937,58.576772 -36.507874 -0.31003937,
  58.588909 -36.568892 0.31003937,58.588909 -36.568892 -0.31003937,
  58.588909 -37.446856 0.31003937,58.576772 -37.507874 0.31003937,
  58.588909 -37.446856 -0.31003937,58.588909 -37.446856 -0.31003937,
  58.576772 -37.507874 0.31003937,58.576772 -37.507874 -0.31003937,
  58.623473 -37.395127 0.31003937,58.588909 -37.446856 0.31003937,
  58.623473 -37.395127 -0.31003937,58.623473 -37.395127 -0.31003937,
  58.588909 -37.446856 0.31003937,58.588909 -37.446856 -0.31003937,
  58.675202 -37.360563 0.31003937,58.623473 -37.395127 0.31003937,
  58.675202 -37.360563 -0.31003937,58.675202 -37.360563 -0.31003937,
  58.623473 -37.395127 0.31003937,58.623473 -37.395127 -0.31003937,
  58.73622 -37.348425 0.31003937,58.675202 -37.360563 0.31003937,
  58.73622 -37.348425 -0.31003937,58.73622 -37.348425 -0.31003937,
  58.675202 -37.360563 0.31003937,58.675202 -37.360563 -0.31003937,
  58.797239 -37.360563 0.31003937,58.73622 -37.348425 0.31003937,
  58.797239 -37.360563 -0.31003937,58.797239 -37.360563 -0.31003937,
  58.73622 -37.348425 0.31003937,58.73622 -37.348425 -0.31003937,
  58.848968 -37.395127 0.31003937,58.797239 -37.360563 0.31003937,
  58.848968 -37.395127 -0.31003937,58.848968 -37.395127 -0.31003937,
  58.797239 -37.360563 0.31003937,58.797239 -37.360563 -0.31003937,
  58.883532 -37.446856 0.31003937,58.848968 -37.395127 0.31003937,
  58.883532 -37.446856 -0.31003937,58.883532 -37.446856 -0.31003937,
  58.848968 -37.395127 0.31003937,58.848968 -37.395127 -0.31003937,
  58.895669 -37.507874 0.31003937,58.883532 -37.446856 0.31003937,
  58.895669 -37.507874 -0.31003937,58.895669 -37.507874 -0.31003937,
  58.883532 -37.446856 0.31003937,58.883532 -37.446856 -0.31003937,
  58.883532 -37.568892 0.31003937,58.895669 -37.507874 0.31003937,
  58.883532 -37.568892 -0.31003937,58.883532 -37.568892 -0.31003937,
  58.895669 -37.507874 0.31003937,58.895669 -37.507874 -0.31003937,
  58.848968 -37.620621 0.31003937,58.883532 -37.568892 0.31003937,
  58.848968 -37.620621 -0.31003937,58.848968 -37.620621 -0.31003937,
  58.883532 -37.568892 0.31003937,58.883532 -37.568892 -0.31003937,
  58.797239 -37.655186 0.31003937,58.848968 -37.620621 0.31003937,
  58.797239 -37.655186 -0.31003937,58.797239 -37.655186 -0.31003937,
  58.848968 -37.620621 0.31003937,58.848968 -37.620621 -0.31003937,
  58.73622 -37.667323 0.31003937,58.797239 -37.655186 0.31003937,
  58.73622 -37.667323 -0.31003937,58.73622 -37.667323 -0.31003937,
  58.797239 -37.655186 0.31003937,58.797239 -37.655186 -0.31003937,
  58.675202 -37.655186 0.31003937,58.73622 -37.667323 0.31003937,
  58.675202 -37.655186 -0.31003937,58.675202 -37.655186 -0.31003937,
  58.73622 -37.667323 0.31003937,58.73622 -37.667323 -0.31003937,
  58.623473 -37.620621 0.31003937,58.675202 -37.655186 0.31003937,
  58.623473 -37.620621 -0.31003937,58.623473 -37.620621 -0.31003937,
  58.675202 -37.655186 0.31003937,58.675202 -37.655186 -0.31003937,
  58.588909 -37.568892 0.31003937,58.623473 -37.620621 0.31003937,
  58.588909 -37.568892 -0.31003937,58.588909 -37.568892 -0.31003937,
  58.623473 -37.620621 0.31003937,58.623473 -37.620621 -0.31003937,
  58.576772 -37.507874 0.31003937,58.588909 -37.568892 0.31003937,
  58.576772 -37.507874 -0.31003937,58.576772 -37.507874 -0.31003937,
  58.588909 -37.568892 0.31003937,58.588909 -37.568892 -0.31003937,
  58.588909 -38.446856 0.31003937,58.576772 -38.507874 0.31003937,
  58.588909 -38.446856 -0.31003937,58.588909 -38.446856 -0.31003937,
  58.576772 -38.507874 0.31003937,58.576772 -38.507874 -0.31003937,
  58.623473 -38.395127 0.31003937,58.588909 -38.446856 0.31003937,
  58.623473 -38.395127 -0.31003937,58.623473 -38.395127 -0.31003937,
  58.588909 -38.446856 0.31003937,58.588909 -38.446856 -0.31003937,
  58.675202 -38.360563 0.31003937,58.623473 -38.395127 0.31003937,
  58.675202 -38.360563 -0.31003937,58.675202 -38.360563 -0.31003937,
  58.623473 -38.395127 0.31003937,58.623473 -38.395127 -0.31003937,
  58.73622 -38.348425 0.31003937,58.675202 -38.360563 0.31003937,
  58.73622 -38.348425 -0.31003937,58.73622 -38.348425 -0.31003937,
  58.675202 -38.360563 0.31003937,58.675202 -38.360563 -0.31003937,
  58.797239 -38.360563 0.31003937,58.73622 -38.348425 0.31003937,
  58.797239 -38.360563 -0.31003937,58.797239 -38.360563 -0.31003937,
  58.73622 -38.348425 0.31003937,58.73622 -38.348425 -0.31003937,
  58.848968 -38.395127 0.31003937,58.797239 -38.360563 0.31003937,
  58.848968 -38.395127 -0.31003937,58.848968 -38.395127 -0.31003937,
  58.797239 -38.360563 0.31003937,58.797239 -38.360563 -0.31003937,
  58.883532 -38.446856 0.31003937,58.848968 -38.395127 0.31003937,
  58.883532 -38.446856 -0.31003937,58.883532 -38.446856 -0.31003937,
  58.848968 -38.395127 0.31003937,58.848968 -38.395127 -0.31003937,
  58.895669 -38.507874 0.31003937,58.883532 -38.446856 0.31003937,
  58.895669 -38.507874 -0.31003937,58.895669 -38.507874 -0.31003937,
  58.883532 -38.446856 0.31003937,58.883532 -38.446856 -0.31003937,
  58.883532 -38.568892 0.31003937,58.895669 -38.507874 0.31003937,
  58.883532 -38.568892 -0.31003937,58.883532 -38.568892 -0.31003937,
  58.895669 -38.507874 0.31003937,58.895669 -38.507874 -0.31003937,
  58.848968 -38.620621 0.31003937,58.883532 -38.568892 0.31003937,
  58.848968 -38.620621 -0.31003937,58.848968 -38.620621 -0.31003937,
  58.883532 -38.568892 0.31003937,58.883532 -38.568892 -0.31003937,
  58.797239 -38.655186 0.31003937,58.848968 -38.620621 0.31003937,
  58.797239 -38.655186 -0.31003937,58.797239 -38.655186 -0.31003937,
  58.848968 -38.620621 0.31003937,58.848968 -38.620621 -0.31003937,
  58.73622 -38.667323 0.31003937,58.797239 -38.655186 0.31003937,
  58.73622 -38.667323 -0.31003937,58.73622 -38.667323 -0.31003937,
  58.797239 -38.655186 0.31003937,58.797239 -38.655186 -0.31003937,
  58.675202 -38.655186 0.31003937,58.73622 -38.667323 0.31003937,
  58.675202 -38.655186 -0.31003937,58.675202 -38.655186 -0.31003937,
  58.73622 -38.667323 0.31003937,58.73622 -38.667323 -0.31003937,
  58.623473 -38.620621 0.31003937,58.675202 -38.655186 0.31003937,
  58.623473 -38.620621 -0.31003937,58.623473 -38.620621 -0.31003937,
  58.675202 -38.655186 0.31003937,58.675202 -38.655186 -0.31003937,
  58.588909 -38.568892 0.31003937,58.623473 -38.620621 0.31003937,
  58.588909 -38.568892 -0.31003937,58.588909 -38.568892 -0.31003937,
  58.623473 -38.620621 0.31003937,58.623473 -38.620621 -0.31003937,
  58.576772 -38.507874 0.31003937,58.588909 -38.568892 0.31003937,
  58.576772 -38.507874 -0.31003937,58.576772 -38.507874 -0.31003937,
  58.588909 -38.568892 0.31003937,58.588909 -38.568892 -0.31003937,
  56.516544 -44.769349 0.31003937,56.505906 -44.822835 0.31003937,
  56.516544 -44.769349 -0.31003937,56.516544 -44.769349 -0.31003937,
  56.505906 -44.822835 0.31003937,56.505906 -44.822835 -0.31003937,
  56.546841 -44.724007 0.31003937,56.516544 -44.769349 0.31003937,
  56.546841 -44.724007 -0.31003937,56.546841 -44.724007 -0.31003937,
  56.516544 -44.769349 0.31003937,56.516544 -44.769349 -0.31003937,
  56.592184 -44.69371 0.31003937,56.546841 -44.724007 0.31003937,
  56.592184 -44.69371 -0.31003937,56.592184 -44.69371 -0.31003937,
  56.546841 -44.724007 0.31003937,56.546841 -44.724007 -0.31003937,
  56.645669 -44.683071 0.31003937,56.592184 -44.69371 0.31003937,
  56.645669 -44.683071 -0.31003937,56.645669 -44.683071 -0.31003937,
  56.592184 -44.69371 0.31003937,56.592184 -44.69371 -0.31003937,
  56.699155 -44.69371 0.31003937,56.645669 -44.683071 0.31003937,
  56.699155 -44.69371 -0.31003937,56.699155 -44.69371 -0.31003937,
  56.645669 -44.683071 0.31003937,56.645669 -44.683071 -0.31003937,
  56.744497 -44.724007 0.31003937,56.699155 -44.69371 0.31003937,
  56.744497 -44.724007 -0.31003937,56.744497 -44.724007 -0.31003937,
  56.699155 -44.69371 0.31003937,56.699155 -44.69371 -0.31003937,
  56.774794 -44.769349 0.31003937,56.744497 -44.724007 0.31003937,
  56.774794 -44.769349 -0.31003937,56.774794 -44.769349 -0.31003937,
  56.744497 -44.724007 0.31003937,56.744497 -44.724007 -0.31003937,
  56.785433 -44.822835 0.31003937,56.774794 -44.769349 0.31003937,
  56.785433 -44.822835 -0.31003937,56.785433 -44.822835 -0.31003937,
  56.774794 -44.769349 0.31003937,56.774794 -44.769349 -0.31003937,
  56.774794 -44.87632 0.31003937,56.785433 -44.822835 0.31003937,
  56.774794 -44.87632 -0.31003937,56.774794 -44.87632 -0.31003937,
  56.785433 -44.822835 0.31003937,56.785433 -44.822835 -0.31003937,
  56.744497 -44.921663 0.31003937,56.774794 -44.87632 0.31003937,
  56.744497 -44.921663 -0.31003937,56.744497 -44.921663 -0.31003937,
  56.774794 -44.87632 0.31003937,56.774794 -44.87632 -0.31003937,
  56.699155 -44.95196 0.31003937,56.744497 -44.921663 0.31003937,
  56.699155 -44.95196 -0.31003937,56.699155 -44.95196 -0.31003937,
  56.744497 -44.921663 0.31003937,56.744497 -44.921663 -0.31003937,
  56.645669 -44.962598 0.31003937,56.699155 -44.95196 0.31003937,
  56.645669 -44.962598 -0.31003937,56.645669 -44.962598 -0.31003937,
  56.699155 -44.95196 0.31003937,56.699155 -44.95196 -0.31003937,
  56.592184 -44.95196 0.31003937,56.645669 -44.962598 0.31003937,
  56.592184 -44.95196 -0.31003937,56.592184 -44.95196 -0.31003937,
  56.645669 -44.962598 0.31003937,56.645669 -44.962598 -0.31003937,
  56.546841 -44.921663 0.31003937,56.592184 -44.95196 0.31003937,
  56.546841 -44.921663 -0.31003937,56.546841 -44.921663 -0.31003937,
  56.592184 -44.95196 0.31003937,56.592184 -44.95196 -0.31003937,
  56.516544 -44.87632 0.31003937,56.546841 -44.921663 0.31003937,
  56.516544 -44.87632 -0.31003937,56.516544 -44.87632 -0.31003937,
  56.546841 -44.921663 0.31003937,56.546841 -44.921663 -0.31003937,
  56.505906 -44.822835 0.31003937,56.516544 -44.87632 0.31003937,
  56.505906 -44.822835 -0.31003937,56.505906 -44.822835 -0.31003937,
  56.516544 -44.87632 0.31003937,56.516544 -44.87632 -0.31003937,
  54.317543 -42.494392 0.31003937,54.332677 -42.418307 0.31003937,
  54.317543 -42.494392 -0.31003937,54.317543 -42.494392 -0.31003937,
  54.332677 -42.418307 0.31003937,54.332677 -42.418307 -0.31003937,
  54.274444 -42.558893 0.31003937,54.317543 -42.494392 0.31003937,
  54.274444 -42.558893 -0.31003937,54.274444 -42.558893 -0.31003937,
  54.317543 -42.494392 0.31003937,54.317543 -42.494392 -0.31003937,
  54.209943 -42.601992 0.31003937,54.274444 -42.558893 0.31003937,
  54.209943 -42.601992 -0.31003937,54.209943 -42.601992 -0.31003937,
  54.274444 -42.558893 0.31003937,54.274444 -42.558893 -0.31003937,
  54.133858 -42.617126 0.31003937,54.209943 -42.601992 0.31003937,
  54.133858 -42.617126 -0.31003937,54.133858 -42.617126 -0.31003937,
  54.209943 -42.601992 0.31003937,54.209943 -42.601992 -0.31003937,
  54.057774 -42.601992 0.31003937,54.133858 -42.617126 0.31003937,
  54.057774 -42.601992 -0.31003937,54.057774 -42.601992 -0.31003937,
  54.133858 -42.617126 0.31003937,54.133858 -42.617126 -0.31003937,
  53.993272 -42.558893 0.31003937,54.057774 -42.601992 0.31003937,
  53.993272 -42.558893 -0.31003937,53.993272 -42.558893 -0.31003937,
  54.057774 -42.601992 0.31003937,54.057774 -42.601992 -0.31003937,
  53.950174 -42.494392 0.31003937,53.993272 -42.558893 0.31003937,
  53.950174 -42.494392 -0.31003937,53.950174 -42.494392 -0.31003937,
  53.993272 -42.558893 0.31003937,53.993272 -42.558893 -0.31003937,
  53.935039 -42.418307 0.31003937,53.950174 -42.494392 0.31003937,
  53.935039 -42.418307 -0.31003937,53.935039 -42.418307 -0.31003937,
  53.950174 -42.494392 0.31003937,53.950174 -42.494392 -0.31003937,
  53.950174 -42.342222 0.31003937,53.935039 -42.418307 0.31003937,
  53.950174 -42.342222 -0.31003937,53.950174 -42.342222 -0.31003937,
  53.935039 -42.418307 0.31003937,53.935039 -42.418307 -0.31003937,
  53.993272 -42.277721 0.31003937,53.950174 -42.342222 0.31003937,
  53.993272 -42.277721 -0.31003937,53.993272 -42.277721 -0.31003937,
  53.950174 -42.342222 0.31003937,53.950174 -42.342222 -0.31003937,
  54.057774 -42.234622 0.31003937,53.993272 -42.277721 0.31003937,
  54.057774 -42.234622 -0.31003937,54.057774 -42.234622 -0.31003937,
  53.993272 -42.277721 0.31003937,53.993272 -42.277721 -0.31003937,
  54.133858 -42.219488 0.31003937,54.057774 -42.234622 0.31003937,
  54.133858 -42.219488 -0.31003937,54.133858 -42.219488 -0.31003937,
  54.057774 -42.234622 0.31003937,54.057774 -42.234622 -0.31003937,
  54.209943 -42.234622 0.31003937,54.133858 -42.219488 0.31003937,
  54.209943 -42.234622 -0.31003937,54.209943 -42.234622 -0.31003937,
  54.133858 -42.219488 0.31003937,54.133858 -42.219488 -0.31003937,
  54.274444 -42.277721 0.31003937,54.209943 -42.234622 0.31003937,
  54.274444 -42.277721 -0.31003937,54.274444 -42.277721 -0.31003937,
  54.209943 -42.234622 0.31003937,54.209943 -42.234622 -0.31003937,
  54.317543 -42.342222 0.31003937,54.274444 -42.277721 0.31003937,
  54.317543 -42.342222 -0.31003937,54.317543 -42.342222 -0.31003937,
  54.274444 -42.277721 0.31003937,54.274444 -42.277721 -0.31003937,
  54.332677 -42.418307 0.31003937,54.317543 -42.342222 0.31003937,
  54.332677 -42.418307 -0.31003937,54.332677 -42.418307 -0.31003937,
  54.317543 -42.342222 0.31003937,54.317543 -42.342222 -0.31003937,
  56.516544 -47.769349 0.31003937,56.505906 -47.822835 0.31003937,
  56.516544 -47.769349 -0.31003937,56.516544 -47.769349 -0.31003937,
  56.505906 -47.822835 0.31003937,56.505906 -47.822835 -0.31003937,
  56.546841 -47.724007 0.31003937,56.516544 -47.769349 0.31003937,
  56.546841 -47.724007 -0.31003937,56.546841 -47.724007 -0.31003937,
  56.516544 -47.769349 0.31003937,56.516544 -47.769349 -0.31003937,
  56.592184 -47.69371 0.31003937,56.546841 -47.724007 0.31003937,
  56.592184 -47.69371 -0.31003937,56.592184 -47.69371 -0.31003937,
  56.546841 -47.724007 0.31003937,56.546841 -47.724007 -0.31003937,
  56.645669 -47.683071 0.31003937,56.592184 -47.69371 0.31003937,
  56.645669 -47.683071 -0.31003937,56.645669 -47.683071 -0.31003937,
  56.592184 -47.69371 0.31003937,56.592184 -47.69371 -0.31003937,
  56.699155 -47.69371 0.31003937,56.645669 -47.683071 0.31003937,
  56.699155 -47.69371 -0.31003937,56.699155 -47.69371 -0.31003937,
  56.645669 -47.683071 0.31003937,56.645669 -47.683071 -0.31003937,
  56.744497 -47.724007 0.31003937,56.699155 -47.69371 0.31003937,
  56.744497 -47.724007 -0.31003937,56.744497 -47.724007 -0.31003937,
  56.699155 -47.69371 0.31003937,56.699155 -47.69371 -0.31003937,
  56.774794 -47.769349 0.31003937,56.744497 -47.724007 0.31003937,
  56.774794 -47.769349 -0.31003937,56.774794 -47.769349 -0.31003937,
  56.744497 -47.724007 0.31003937,56.744497 -47.724007 -0.31003937,
  56.785433 -47.822835 0.31003937,56.774794 -47.769349 0.31003937,
  56.785433 -47.822835 -0.31003937,56.785433 -47.822835 -0.31003937,
  56.774794 -47.769349 0.31003937,56.774794 -47.769349 -0.31003937,
  56.774794 -47.87632 0.31003937,56.785433 -47.822835 0.31003937,
  56.774794 -47.87632 -0.31003937,56.774794 -47.87632 -0.31003937,
  56.785433 -47.822835 0.31003937,56.785433 -47.822835 -0.31003937,
  56.744497 -47.921663 0.31003937,56.774794 -47.87632 0.31003937,
  56.744497 -47.921663 -0.31003937,56.744497 -47.921663 -0.31003937,
  56.774794 -47.87632 0.31003937,56.774794 -47.87632 -0.31003937,
  56.699155 -47.95196 0.31003937,56.744497 -47.921663 0.31003937,
  56.699155 -47.95196 -0.31003937,56.699155 -47.95196 -0.31003937,
  56.744497 -47.921663 0.31003937,56.744497 -47.921663 -0.31003937,
  56.645669 -47.962598 0.31003937,56.699155 -47.95196 0.31003937,
  56.645669 -47.962598 -0.31003937,56.645669 -47.962598 -0.31003937,
  56.699155 -47.95196 0.31003937,56.699155 -47.95196 -0.31003937,
  56.592184 -47.95196 0.31003937,56.645669 -47.962598 0.31003937,
  56.592184 -47.95196 -0.31003937,56.592184 -47.95196 -0.31003937,
  56.645669 -47.962598 0.31003937,56.645669 -47.962598 -0.31003937,
  56.546841 -47.921663 0.31003937,56.592184 -47.95196 0.31003937,
  56.546841 -47.921663 -0.31003937,56.546841 -47.921663 -0.31003937,
  56.592184 -47.95196 0.31003937,56.592184 -47.95196 -0.31003937,
  56.516544 -47.87632 0.31003937,56.546841 -47.921663 0.31003937,
  56.516544 -47.87632 -0.31003937,56.516544 -47.87632 -0.31003937,
  56.546841 -47.921663 0.31003937,56.546841 -47.921663 -0.31003937,
  56.505906 -47.822835 0.31003937,56.516544 -47.87632 0.31003937,
  56.505906 -47.822835 -0.31003937,56.505906 -47.822835 -0.31003937,
  56.516544 -47.87632 0.31003937,56.516544 -47.87632 -0.31003937,
  52.436682 -43.836609 0.31003937,52.448819 -43.775591 0.31003937,
  52.436682 -43.836609 -0.31003937,52.436682 -43.836609 -0.31003937,
  52.448819 -43.775591 0.31003937,52.448819 -43.775591 -0.31003937,
  52.402117 -43.888338 0.31003937,52.436682 -43.836609 0.31003937,
  52.402117 -43.888338 -0.31003937,52.402117 -43.888338 -0.31003937,
  52.436682 -43.836609 0.31003937,52.436682 -43.836609 -0.31003937,
  52.350389 -43.922902 0.31003937,52.402117 -43.888338 0.31003937,
  52.350389 -43.922902 -0.31003937,52.350389 -43.922902 -0.31003937,
  52.402117 -43.888338 0.31003937,52.402117 -43.888338 -0.31003937,
  52.28937 -43.935039 0.31003937,52.350389 -43.922902 0.31003937,
  52.28937 -43.935039 -0.31003937,52.28937 -43.935039 -0.31003937,
  52.350389 -43.922902 0.31003937,52.350389 -43.922902 -0.31003937,
  52.228352 -43.922902 0.31003937,52.28937 -43.935039 0.31003937,
  52.228352 -43.922902 -0.31003937,52.228352 -43.922902 -0.31003937,
  52.28937 -43.935039 0.31003937,52.28937 -43.935039 -0.31003937,
  52.176623 -43.888338 0.31003937,52.228352 -43.922902 0.31003937,
  52.176623 -43.888338 -0.31003937,52.176623 -43.888338 -0.31003937,
  52.228352 -43.922902 0.31003937,52.228352 -43.922902 -0.31003937,
  52.142059 -43.836609 0.31003937,52.176623 -43.888338 0.31003937,
  52.142059 -43.836609 -0.31003937,52.142059 -43.836609 -0.31003937,
  52.176623 -43.888338 0.31003937,52.176623 -43.888338 -0.31003937,
  52.129921 -43.775591 0.31003937,52.142059 -43.836609 0.31003937,
  52.129921 -43.775591 -0.31003937,52.129921 -43.775591 -0.31003937,
  52.142059 -43.836609 0.31003937,52.142059 -43.836609 -0.31003937,
  52.142059 -43.714572 0.31003937,52.129921 -43.775591 0.31003937,
  52.142059 -43.714572 -0.31003937,52.142059 -43.714572 -0.31003937,
  52.129921 -43.775591 0.31003937,52.129921 -43.775591 -0.31003937,
  52.176623 -43.662843 0.31003937,52.142059 -43.714572 0.31003937,
  52.176623 -43.662843 -0.31003937,52.176623 -43.662843 -0.31003937,
  52.142059 -43.714572 0.31003937,52.142059 -43.714572 -0.31003937,
  52.228352 -43.628279 0.31003937,52.176623 -43.662843 0.31003937,
  52.228352 -43.628279 -0.31003937,52.228352 -43.628279 -0.31003937,
  52.176623 -43.662843 0.31003937,52.176623 -43.662843 -0.31003937,
  52.28937 -43.616142 0.31003937,52.228352 -43.628279 0.31003937,
  52.28937 -43.616142 -0.31003937,52.28937 -43.616142 -0.31003937,
  52.228352 -43.628279 0.31003937,52.228352 -43.628279 -0.31003937,
  52.350389 -43.628279 0.31003937,52.28937 -43.616142 0.31003937,
  52.350389 -43.628279 -0.31003937,52.350389 -43.628279 -0.31003937,
  52.28937 -43.616142 0.31003937,52.28937 -43.616142 -0.31003937,
  52.402117 -43.662843 0.31003937,52.350389 -43.628279 0.31003937,
  52.402117 -43.662843 -0.31003937,52.402117 -43.662843 -0.31003937,
  52.350389 -43.628279 0.31003937,52.350389 -43.628279 -0.31003937,
  52.436682 -43.714572 0.31003937,52.402117 -43.662843 0.31003937,
  52.436682 -43.714572 -0.31003937,52.436682 -43.714572 -0.31003937,
  52.402117 -43.662843 0.31003937,52.402117 -43.662843 -0.31003937,
  52.448819 -43.775591 0.31003937,52.436682 -43.714572 0.31003937,
  52.448819 -43.775591 -0.31003937,52.448819 -43.775591 -0.31003937,
  52.436682 -43.714572 0.31003937,52.436682 -43.714572 -0.31003937,
  52.436682 -44.836609 0.31003937,52.448819 -44.775591 0.31003937,
  52.436682 -44.836609 -0.31003937,52.436682 -44.836609 -0.31003937,
  52.448819 -44.775591 0.31003937,52.448819 -44.775591 -0.31003937,
  52.402117 -44.888338 0.31003937,52.436682 -44.836609 0.31003937,
  52.402117 -44.888338 -0.31003937,52.402117 -44.888338 -0.31003937,
  52.436682 -44.836609 0.31003937,52.436682 -44.836609 -0.31003937,
  52.350389 -44.922902 0.31003937,52.402117 -44.888338 0.31003937,
  52.350389 -44.922902 -0.31003937,52.350389 -44.922902 -0.31003937,
  52.402117 -44.888338 0.31003937,52.402117 -44.888338 -0.31003937,
  52.28937 -44.935039 0.31003937,52.350389 -44.922902 0.31003937,
  52.28937 -44.935039 -0.31003937,52.28937 -44.935039 -0.31003937,
  52.350389 -44.922902 0.31003937,52.350389 -44.922902 -0.31003937,
  52.228352 -44.922902 0.31003937,52.28937 -44.935039 0.31003937,
  52.228352 -44.922902 -0.31003937,52.228352 -44.922902 -0.31003937,
  52.28937 -44.935039 0.31003937,52.28937 -44.935039 -0.31003937,
  52.176623 -44.888338 0.31003937,52.228352 -44.922902 0.31003937,
  52.176623 -44.888338 -0.31003937,52.176623 -44.888338 -0.31003937,
  52.228352 -44.922902 0.31003937,52.228352 -44.922902 -0.31003937,
  52.142059 -44.836609 0.31003937,52.176623 -44.888338 0.31003937,
  52.142059 -44.836609 -0.31003937,52.142059 -44.836609 -0.31003937,
  52.176623 -44.888338 0.31003937,52.176623 -44.888338 -0.31003937,
  52.129921 -44.775591 0.31003937,52.142059 -44.836609 0.31003937,
  52.129921 -44.775591 -0.31003937,52.129921 -44.775591 -0.31003937,
  52.142059 -44.836609 0.31003937,52.142059 -44.836609 -0.31003937,
  52.142059 -44.714572 0.31003937,52.129921 -44.775591 0.31003937,
  52.142059 -44.714572 -0.31003937,52.142059 -44.714572 -0.31003937,
  52.129921 -44.775591 0.31003937,52.129921 -44.775591 -0.31003937,
  52.176623 -44.662843 0.31003937,52.142059 -44.714572 0.31003937,
  52.176623 -44.662843 -0.31003937,52.176623 -44.662843 -0.31003937,
  52.142059 -44.714572 0.31003937,52.142059 -44.714572 -0.31003937,
  52.228352 -44.628279 0.31003937,52.176623 -44.662843 0.31003937,
  52.228352 -44.628279 -0.31003937,52.228352 -44.628279 -0.31003937,
  52.176623 -44.662843 0.31003937,52.176623 -44.662843 -0.31003937,
  52.28937 -44.616142 0.31003937,52.228352 -44.628279 0.31003937,
  52.28937 -44.616142 -0.31003937,52.28937 -44.616142 -0.31003937,
  52.228352 -44.628279 0.31003937,52.228352 -44.628279 -0.31003937,
  52.350389 -44.628279 0.31003937,52.28937 -44.616142 0.31003937,
  52.350389 -44.628279 -0.31003937,52.350389 -44.628279 -0.31003937,
  52.28937 -44.616142 0.31003937,52.28937 -44.616142 -0.31003937,
  52.402117 -44.662843 0.31003937,52.350389 -44.628279 0.31003937,
  52.402117 -44.662843 -0.31003937,52.402117 -44.662843 -0.31003937,
  52.350389 -44.628279 0.31003937,52.350389 -44.628279 -0.31003937,
  52.436682 -44.714572 0.31003937,52.402117 -44.662843 0.31003937,
  52.436682 -44.714572 -0.31003937,52.436682 -44.714572 -0.31003937,
  52.402117 -44.662843 0.31003937,52.402117 -44.662843 -0.31003937,
  52.448819 -44.775591 0.31003937,52.436682 -44.714572 0.31003937,
  52.448819 -44.775591 -0.31003937,52.448819 -44.775591 -0.31003937,
  52.436682 -44.714572 0.31003937,52.436682 -44.714572 -0.31003937,
  52.436682 -45.836609 0.31003937,52.448819 -45.775591 0.31003937,
  52.436682 -45.836609 -0.31003937,52.436682 -45.836609 -0.31003937,
  52.448819 -45.775591 0.31003937,52.448819 -45.775591 -0.31003937,
  52.402117 -45.888338 0.31003937,52.436682 -45.836609 0.31003937,
  52.402117 -45.888338 -0.31003937,52.402117 -45.888338 -0.31003937,
  52.436682 -45.836609 0.31003937,52.436682 -45.836609 -0.31003937,
  52.350389 -45.922902 0.31003937,52.402117 -45.888338 0.31003937,
  52.350389 -45.922902 -0.31003937,52.350389 -45.922902 -0.31003937,
  52.402117 -45.888338 0.31003937,52.402117 -45.888338 -0.31003937,
  52.28937 -45.935039 0.31003937,52.350389 -45.922902 0.31003937,
  52.28937 -45.935039 -0.31003937,52.28937 -45.935039 -0.31003937,
  52.350389 -45.922902 0.31003937,52.350389 -45.922902 -0.31003937,
  52.228352 -45.922902 0.31003937,52.28937 -45.935039 0.31003937,
  52.228352 -45.922902 -0.31003937,52.228352 -45.922902 -0.31003937,
  52.28937 -45.935039 0.31003937,52.28937 -45.935039 -0.31003937,
  52.176623 -45.888338 0.31003937,52.228352 -45.922902 0.31003937,
  52.176623 -45.888338 -0.31003937,52.176623 -45.888338 -0.31003937,
  52.228352 -45.922902 0.31003937,52.228352 -45.922902 -0.31003937,
  52.142059 -45.836609 0.31003937,52.176623 -45.888338 0.31003937,
  52.142059 -45.836609 -0.31003937,52.142059 -45.836609 -0.31003937,
  52.176623 -45.888338 0.31003937,52.176623 -45.888338 -0.31003937,
  52.129921 -45.775591 0.31003937,52.142059 -45.836609 0.31003937,
  52.129921 -45.775591 -0.31003937,52.129921 -45.775591 -0.31003937,
  52.142059 -45.836609 0.31003937,52.142059 -45.836609 -0.31003937,
  52.142059 -45.714572 0.31003937,52.129921 -45.775591 0.31003937,
  52.142059 -45.714572 -0.31003937,52.142059 -45.714572 -0.31003937,
  52.129921 -45.775591 0.31003937,52.129921 -45.775591 -0.31003937,
  52.176623 -45.662843 0.31003937,52.142059 -45.714572 0.31003937,
  52.176623 -45.662843 -0.31003937,52.176623 -45.662843 -0.31003937,
  52.142059 -45.714572 0.31003937,52.142059 -45.714572 -0.31003937,
  52.228352 -45.628279 0.31003937,52.176623 -45.662843 0.31003937,
  52.228352 -45.628279 -0.31003937,52.228352 -45.628279 -0.31003937,
  52.176623 -45.662843 0.31003937,52.176623 -45.662843 -0.31003937,
  52.28937 -45.616142 0.31003937,52.228352 -45.628279 0.31003937,
  52.28937 -45.616142 -0.31003937,52.28937 -45.616142 -0.31003937,
  52.228352 -45.628279 0.31003937,52.228352 -45.628279 -0.31003937,
  52.350389 -45.628279 0.31003937,52.28937 -45.616142 0.31003937,
  52.350389 -45.628279 -0.31003937,52.350389 -45.628279 -0.31003937,
  52.28937 -45.616142 0.31003937,52.28937 -45.616142 -0.31003937,
  52.402117 -45.662843 0.31003937,52.350389 -45.628279 0.31003937,
  52.402117 -45.662843 -0.31003937,52.402117 -45.662843 -0.31003937,
  52.350389 -45.628279 0.31003937,52.350389 -45.628279 -0.31003937,
  52.436682 -45.714572 0.31003937,52.402117 -45.662843 0.31003937,
  52.436682 -45.714572 -0.31003937,52.436682 -45.714572 -0.31003937,
  52.402117 -45.662843 0.31003937,52.402117 -45.662843 -0.31003937,
  52.448819 -45.775591 0.31003937,52.436682 -45.714572 0.31003937,
  52.448819 -45.775591 -0.31003937,52.448819 -45.775591 -0.31003937,
  52.436682 -45.714572 0.31003937,52.436682 -45.714572 -0.31003937,
  45.472441 -51.771654 0.31003937,45.472441 -31.889764 0.31003937,
  45.472441 -51.771654 -0.31003937,45.472441 -51.771654 -0.31003937,
  45.472441 -31.889764 0.31003937,45.472441 -31.889764 -0.31003937,
  65.354331 -51.771654 0.31003937,45.472441 -51.771654 0.31003937,
  65.354331 -51.771654 -0.31003937,65.354331 -51.771654 -0.31003937,
  45.472441 -51.771654 0.31003937,45.472441 -51.771654 -0.31003937,
  65.354331 -31.889764 0.31003937,65.354331 -51.771654 0.31003937,
  65.354331 -31.889764 -0.31003937,65.354331 -31.889764 -0.31003937,
  65.354331 -51.771654 0.31003937,65.354331 -51.771654 -0.31003937,
  45.472441 -31.889764 0.31003937,65.354331 -31.889764 0.31003937,
  45.472441 -31.889764 -0.31003937,45.472441 -31.889764 -0.31003937,
  65.354331 -31.889764 0.31003937,65.354331 -31.889764 -0.31003937,
  49.041898 -37.267956 0.31003937,48.937008 -37.795276 0.31003937,
  49.041898 -37.267956 -0.31003937,49.041898 -37.267956 -0.31003937,
  48.937008 -37.795276 0.31003937,48.937008 -37.795276 -0.31003937,
  49.340601 -36.820916 0.31003937,49.041898 -37.267956 0.31003937,
  49.340601 -36.820916 -0.31003937,49.340601 -36.820916 -0.31003937,
  49.041898 -37.267956 0.31003937,49.041898 -37.267956 -0.31003937,
  49.787641 -36.522213 0.31003937,49.340601 -36.820916 0.31003937,
  49.787641 -36.522213 -0.31003937,49.787641 -36.522213 -0.31003937,
  49.340601 -36.820916 0.31003937,49.340601 -36.820916 -0.31003937,
  50.314961 -36.417323 0.31003937,49.787641 -36.522213 0.31003937,
  50.314961 -36.417323 -0.31003937,50.314961 -36.417323 -0.31003937,
  49.787641 -36.522213 0.31003937,49.787641 -36.522213 -0.31003937,
  50.84228 -36.522213 0.31003937,50.314961 -36.417323 0.31003937,
  50.84228 -36.522213 -0.31003937,50.84228 -36.522213 -0.31003937,
  50.314961 -36.417323 0.31003937,50.314961 -36.417323 -0.31003937,
  51.28932 -36.820916 0.31003937,50.84228 -36.522213 0.31003937,
  51.28932 -36.820916 -0.31003937,51.28932 -36.820916 -0.31003937,
  50.84228 -36.522213 0.31003937,50.84228 -36.522213 -0.31003937,
  51.588023 -37.267956 0.31003937,51.28932 -36.820916 0.31003937,
  51.588023 -37.267956 -0.31003937,51.588023 -37.267956 -0.31003937,
  51.28932 -36.820916 0.31003937,51.28932 -36.820916 -0.31003937,
  51.692913 -37.795276 0.31003937,51.588023 -37.267956 0.31003937,
  51.692913 -37.795276 -0.31003937,51.692913 -37.795276 -0.31003937,
  51.588023 -37.267956 0.31003937,51.588023 -37.267956 -0.31003937,
  51.588023 -38.322595 0.31003937,51.692913 -37.795276 0.31003937,
  51.588023 -38.322595 -0.31003937,51.588023 -38.322595 -0.31003937,
  51.692913 -37.795276 0.31003937,51.692913 -37.795276 -0.31003937,
  51.28932 -38.769635 0.31003937,51.588023 -38.322595 0.31003937,
  51.28932 -38.769635 -0.31003937,51.28932 -38.769635 -0.31003937,
  51.588023 -38.322595 0.31003937,51.588023 -38.322595 -0.31003937,
  50.84228 -39.068338 0.31003937,51.28932 -38.769635 0.31003937,
  50.84228 -39.068338 -0.31003937,50.84228 -39.068338 -0.31003937,
  51.28932 -38.769635 0.31003937,51.28932 -38.769635 -0.31003937,
  50.314961 -39.173228 0.31003937,50.84228 -39.068338 0.31003937,
  50.314961 -39.173228 -0.31003937,50.314961 -39.173228 -0.31003937,
  50.84228 -39.068338 0.31003937,50.84228 -39.068338 -0.31003937,
  49.787641 -39.068338 0.31003937,50.314961 -39.173228 0.31003937,
  49.787641 -39.068338 -0.31003937,49.787641 -39.068338 -0.31003937,
  50.314961 -39.173228 0.31003937,50.314961 -39.173228 -0.31003937,
  49.340601 -38.769635 0.31003937,49.787641 -39.068338 0.31003937,
  49.340601 -38.769635 -0.31003937,49.340601 -38.769635 -0.31003937,
  49.787641 -39.068338 0.31003937,49.787641 -39.068338 -0.31003937,
  49.041898 -38.322595 0.31003937,49.340601 -38.769635 0.31003937,
  49.041898 -38.322595 -0.31003937,49.041898 -38.322595 -0.31003937,
  49.340601 -38.769635 0.31003937,49.340601 -38.769635 -0.31003937,
  48.937008 -37.795276 0.31003937,49.041898 -38.322595 0.31003937,
  48.937008 -37.795276 -0.31003937,48.937008 -37.795276 -0.31003937,
  49.041898 -38.322595 0.31003937,49.041898 -38.322595 -0.31003937,
  61.883532 -35.568892 0.31003937,61.895669 -35.507874 0.31003937,
  61.883532 -35.568892 -0.31003937,61.883532 -35.568892 -0.31003937,
  61.895669 -35.507874 0.31003937,61.895669 -35.507874 -0.31003937,
  61.848968 -35.620621 0.31003937,61.883532 -35.568892 0.31003937,
  61.848968 -35.620621 -0.31003937,61.848968 -35.620621 -0.31003937,
  61.883532 -35.568892 0.31003937,61.883532 -35.568892 -0.31003937,
  61.797239 -35.655186 0.31003937,61.848968 -35.620621 0.31003937,
  61.797239 -35.655186 -0.31003937,61.797239 -35.655186 -0.31003937,
  61.848968 -35.620621 0.31003937,61.848968 -35.620621 -0.31003937,
  61.73622 -35.667323 0.31003937,61.797239 -35.655186 0.31003937,
  61.73622 -35.667323 -0.31003937,61.73622 -35.667323 -0.31003937,
  61.797239 -35.655186 0.31003937,61.797239 -35.655186 -0.31003937,
  61.675202 -35.655186 0.31003937,61.73622 -35.667323 0.31003937,
  61.675202 -35.655186 -0.31003937,61.675202 -35.655186 -0.31003937,
  61.73622 -35.667323 0.31003937,61.73622 -35.667323 -0.31003937,
  61.623473 -35.620621 0.31003937,61.675202 -35.655186 0.31003937,
  61.623473 -35.620621 -0.31003937,61.623473 -35.620621 -0.31003937,
  61.675202 -35.655186 0.31003937,61.675202 -35.655186 -0.31003937,
  61.588909 -35.568892 0.31003937,61.623473 -35.620621 0.31003937,
  61.588909 -35.568892 -0.31003937,61.588909 -35.568892 -0.31003937,
  61.623473 -35.620621 0.31003937,61.623473 -35.620621 -0.31003937,
  61.576772 -35.507874 0.31003937,61.588909 -35.568892 0.31003937,
  61.576772 -35.507874 -0.31003937,61.576772 -35.507874 -0.31003937,
  61.588909 -35.568892 0.31003937,61.588909 -35.568892 -0.31003937,
  61.588909 -35.446856 0.31003937,61.576772 -35.507874 0.31003937,
  61.588909 -35.446856 -0.31003937,61.588909 -35.446856 -0.31003937,
  61.576772 -35.507874 0.31003937,61.576772 -35.507874 -0.31003937,
  61.623473 -35.395127 0.31003937,61.588909 -35.446856 0.31003937,
  61.623473 -35.395127 -0.31003937,61.623473 -35.395127 -0.31003937,
  61.588909 -35.446856 0.31003937,61.588909 -35.446856 -0.31003937,
  61.675202 -35.360563 0.31003937,61.623473 -35.395127 0.31003937,
  61.675202 -35.360563 -0.31003937,61.675202 -35.360563 -0.31003937,
  61.623473 -35.395127 0.31003937,61.623473 -35.395127 -0.31003937,
  61.73622 -35.348425 0.31003937,61.675202 -35.360563 0.31003937,
  61.73622 -35.348425 -0.31003937,61.73622 -35.348425 -0.31003937,
  61.675202 -35.360563 0.31003937,61.675202 -35.360563 -0.31003937,
  61.797239 -35.360563 0.31003937,61.73622 -35.348425 0.31003937,
  61.797239 -35.360563 -0.31003937,61.797239 -35.360563 -0.31003937,
  61.73622 -35.348425 0.31003937,61.73622 -35.348425 -0.31003937,
  61.848968 -35.395127 0.31003937,61.797239 -35.360563 0.31003937,
  61.848968 -35.395127 -0.31003937,61.848968 -35.395127 -0.31003937,
  61.797239 -35.360563 0.31003937,61.797239 -35.360563 -0.31003937,
  61.883532 -35.446856 0.31003937,61.848968 -35.395127 0.31003937,
  61.883532 -35.446856 -0.31003937,61.883532 -35.446856 -0.31003937,
  61.848968 -35.395127 0.31003937,61.848968 -35.395127 -0.31003937,
  61.895669 -35.507874 0.31003937,61.883532 -35.446856 0.31003937,
  61.895669 -35.507874 -0.31003937,61.895669 -35.507874 -0.31003937,
  61.883532 -35.446856 0.31003937,61.883532 -35.446856 -0.31003937,
  61.883532 -36.568892 0.31003937,61.895669 -36.507874 0.31003937,
  61.883532 -36.568892 -0.31003937,61.883532 -36.568892 -0.31003937,
  61.895669 -36.507874 0.31003937,61.895669 -36.507874 -0.31003937,
  61.848968 -36.620621 0.31003937,61.883532 -36.568892 0.31003937,
  61.848968 -36.620621 -0.31003937,61.848968 -36.620621 -0.31003937,
  61.883532 -36.568892 0.31003937,61.883532 -36.568892 -0.31003937,
  61.797239 -36.655186 0.31003937,61.848968 -36.620621 0.31003937,
  61.797239 -36.655186 -0.31003937,61.797239 -36.655186 -0.31003937,
  61.848968 -36.620621 0.31003937,61.848968 -36.620621 -0.31003937,
  61.73622 -36.667323 0.31003937,61.797239 -36.655186 0.31003937,
  61.73622 -36.667323 -0.31003937,61.73622 -36.667323 -0.31003937,
  61.797239 -36.655186 0.31003937,61.797239 -36.655186 -0.31003937,
  61.675202 -36.655186 0.31003937,61.73622 -36.667323 0.31003937,
  61.675202 -36.655186 -0.31003937,61.675202 -36.655186 -0.31003937,
  61.73622 -36.667323 0.31003937,61.73622 -36.667323 -0.31003937,
  61.623473 -36.620621 0.31003937,61.675202 -36.655186 0.31003937,
  61.623473 -36.620621 -0.31003937,61.623473 -36.620621 -0.31003937,
  61.675202 -36.655186 0.31003937,61.675202 -36.655186 -0.31003937,
  61.588909 -36.568892 0.31003937,61.623473 -36.620621 0.31003937,
  61.588909 -36.568892 -0.31003937,61.588909 -36.568892 -0.31003937,
  61.623473 -36.620621 0.31003937,61.623473 -36.620621 -0.31003937,
  61.576772 -36.507874 0.31003937,61.588909 -36.568892 0.31003937,
  61.576772 -36.507874 -0.31003937,61.576772 -36.507874 -0.31003937,
  61.588909 -36.568892 0.31003937,61.588909 -36.568892 -0.31003937,
  61.588909 -36.446856 0.31003937,61.576772 -36.507874 0.31003937,
  61.588909 -36.446856 -0.31003937,61.588909 -36.446856 -0.31003937,
  61.576772 -36.507874 0.31003937,61.576772 -36.507874 -0.31003937,
  61.623473 -36.395127 0.31003937,61.588909 -36.446856 0.31003937,
  61.623473 -36.395127 -0.31003937,61.623473 -36.395127 -0.31003937,
  61.588909 -36.446856 0.31003937,61.588909 -36.446856 -0.31003937,
  61.675202 -36.360563 0.31003937,61.623473 -36.395127 0.31003937,
  61.675202 -36.360563 -0.31003937,61.675202 -36.360563 -0.31003937,
  61.623473 -36.395127 0.31003937,61.623473 -36.395127 -0.31003937,
  61.73622 -36.348425 0.31003937,61.675202 -36.360563 0.31003937,
  61.73622 -36.348425 -0.31003937,61.73622 -36.348425 -0.31003937,
  61.675202 -36.360563 0.31003937,61.675202 -36.360563 -0.31003937,
  61.797239 -36.360563 0.31003937,61.73622 -36.348425 0.31003937,
  61.797239 -36.360563 -0.31003937,61.797239 -36.360563 -0.31003937,
  61.73622 -36.348425 0.31003937,61.73622 -36.348425 -0.31003937,
  61.848968 -36.395127 0.31003937,61.797239 -36.360563 0.31003937,
  61.848968 -36.395127 -0.31003937,61.848968 -36.395127 -0.31003937,
  61.797239 -36.360563 0.31003937,61.797239 -36.360563 -0.31003937,
  61.883532 -36.446856 0.31003937,61.848968 -36.395127 0.31003937,
  61.883532 -36.446856 -0.31003937,61.883532 -36.446856 -0.31003937,
  61.848968 -36.395127 0.31003937,61.848968 -36.395127 -0.31003937,
  61.895669 -36.507874 0.31003937,61.883532 -36.446856 0.31003937,
  61.895669 -36.507874 -0.31003937,61.895669 -36.507874 -0.31003937,
  61.883532 -36.446856 0.31003937,61.883532 -36.446856 -0.31003937,
  61.883532 -37.568892 0.31003937,61.895669 -37.507874 0.31003937,
  61.883532 -37.568892 -0.31003937,61.883532 -37.568892 -0.31003937,
  61.895669 -37.507874 0.31003937,61.895669 -37.507874 -0.31003937,
  61.848968 -37.620621 0.31003937,61.883532 -37.568892 0.31003937,
  61.848968 -37.620621 -0.31003937,61.848968 -37.620621 -0.31003937,
  61.883532 -37.568892 0.31003937,61.883532 -37.568892 -0.31003937,
  61.797239 -37.655186 0.31003937,61.848968 -37.620621 0.31003937,
  61.797239 -37.655186 -0.31003937,61.797239 -37.655186 -0.31003937,
  61.848968 -37.620621 0.31003937,61.848968 -37.620621 -0.31003937,
  61.73622 -37.667323 0.31003937,61.797239 -37.655186 0.31003937,
  61.73622 -37.667323 -0.31003937,61.73622 -37.667323 -0.31003937,
  61.797239 -37.655186 0.31003937,61.797239 -37.655186 -0.31003937,
  61.675202 -37.655186 0.31003937,61.73622 -37.667323 0.31003937,
  61.675202 -37.655186 -0.31003937,61.675202 -37.655186 -0.31003937,
  61.73622 -37.667323 0.31003937,61.73622 -37.667323 -0.31003937,
  61.623473 -37.620621 0.31003937,61.675202 -37.655186 0.31003937,
  61.623473 -37.620621 -0.31003937,61.623473 -37.620621 -0.31003937,
  61.675202 -37.655186 0.31003937,61.675202 -37.655186 -0.31003937,
  61.588909 -37.568892 0.31003937,61.623473 -37.620621 0.31003937,
  61.588909 -37.568892 -0.31003937,61.588909 -37.568892 -0.31003937,
  61.623473 -37.620621 0.31003937,61.623473 -37.620621 -0.31003937,
  61.576772 -37.507874 0.31003937,61.588909 -37.568892 0.31003937,
  61.576772 -37.507874 -0.31003937,61.576772 -37.507874 -0.31003937,
  61.588909 -37.568892 0.31003937,61.588909 -37.568892 -0.31003937,
  61.588909 -37.446856 0.31003937,61.576772 -37.507874 0.31003937,
  61.588909 -37.446856 -0.31003937,61.588909 -37.446856 -0.31003937,
  61.576772 -37.507874 0.31003937,61.576772 -37.507874 -0.31003937,
  61.623473 -37.395127 0.31003937,61.588909 -37.446856 0.31003937,
  61.623473 -37.395127 -0.31003937,61.623473 -37.395127 -0.31003937,
  61.588909 -37.446856 0.31003937,61.588909 -37.446856 -0.31003937,
  61.675202 -37.360563 0.31003937,61.623473 -37.395127 0.31003937,
  61.675202 -37.360563 -0.31003937,61.675202 -37.360563 -0.31003937,
  61.623473 -37.395127 0.31003937,61.623473 -37.395127 -0.31003937,
  61.73622 -37.348425 0.31003937,61.675202 -37.360563 0.31003937,
  61.73622 -37.348425 -0.31003937,61.73622 -37.348425 -0.31003937,
  61.675202 -37.360563 0.31003937,61.675202 -37.360563 -0.31003937,
  61.797239 -37.360563 0.31003937,61.73622 -37.348425 0.31003937,
  61.797239 -37.360563 -0.31003937,61.797239 -37.360563 -0.31003937,
  61.73622 -37.348425 0.31003937,61.73622 -37.348425 -0.31003937,
  61.848968 -37.395127 0.31003937,61.797239 -37.360563 0.31003937,
  61.848968 -37.395127 -0.31003937,61.848968 -37.395127 -0.31003937,
  61.797239 -37.360563 0.31003937,61.797239 -37.360563 -0.31003937,
  61.883532 -37.446856 0.31003937,61.848968 -37.395127 0.31003937,
  61.883532 -37.446856 -0.31003937,61.883532 -37.446856 -0.31003937,
  61.848968 -37.395127 0.31003937,61.848968 -37.395127 -0.31003937,
  61.895669 -37.507874 0.31003937,61.883532 -37.446856 0.31003937,
  61.895669 -37.507874 -0.31003937,61.895669 -37.507874 -0.31003937,
  61.883532 -37.446856 0.31003937,61.883532 -37.446856 -0.31003937,
  61.883532 -38.568892 0.31003937,61.895669 -38.507874 0.31003937,
  61.883532 -38.568892 -0.31003937,61.883532 -38.568892 -0.31003937,
  61.895669 -38.507874 0.31003937,61.895669 -38.507874 -0.31003937,
  61.848968 -38.620621 0.31003937,61.883532 -38.568892 0.31003937,
  61.848968 -38.620621 -0.31003937,61.848968 -38.620621 -0.31003937,
  61.883532 -38.568892 0.31003937,61.883532 -38.568892 -0.31003937,
  61.797239 -38.655186 0.31003937,61.848968 -38.620621 0.31003937,
  61.797239 -38.655186 -0.31003937,61.797239 -38.655186 -0.31003937,
  61.848968 -38.620621 0.31003937,61.848968 -38.620621 -0.31003937,
  61.73622 -38.667323 0.31003937,61.797239 -38.655186 0.31003937,
  61.73622 -38.667323 -0.31003937,61.73622 -38.667323 -0.31003937,
  61.797239 -38.655186 0.31003937,61.797239 -38.655186 -0.31003937,
  61.675202 -38.655186 0.31003937,61.73622 -38.667323 0.31003937,
  61.675202 -38.655186 -0.31003937,61.675202 -38.655186 -0.31003937,
  61.73622 -38.667323 0.31003937,61.73622 -38.667323 -0.31003937,
  61.623473 -38.620621 0.31003937,61.675202 -38.655186 0.31003937,
  61.623473 -38.620621 -0.31003937,61.623473 -38.620621 -0.31003937,
  61.675202 -38.655186 0.31003937,61.675202 -38.655186 -0.31003937,
  61.588909 -38.568892 0.31003937,61.623473 -38.620621 0.31003937,
  61.588909 -38.568892 -0.31003937,61.588909 -38.568892 -0.31003937,
  61.623473 -38.620621 0.31003937,61.623473 -38.620621 -0.31003937,
  61.576772 -38.507874 0.31003937,61.588909 -38.568892 0.31003937,
  61.576772 -38.507874 -0.31003937,61.576772 -38.507874 -0.31003937,
  61.588909 -38.568892 0.31003937,61.588909 -38.568892 -0.31003937,
  61.588909 -38.446856 0.31003937,61.576772 -38.507874 0.31003937,
  61.588909 -38.446856 -0.31003937,61.588909 -38.446856 -0.31003937,
  61.576772 -38.507874 0.31003937,61.576772 -38.507874 -0.31003937,
  61.623473 -38.395127 0.31003937,61.588909 -38.446856 0.31003937,
  61.623473 -38.395127 -0.31003937,61.623473 -38.395127 -0.31003937,
  61.588909 -38.446856 0.31003937,61.588909 -38.446856 -0.31003937,
  61.675202 -38.360563 0.31003937,61.623473 -38.395127 0.31003937,
  61.675202 -38.360563 -0.31003937,61.675202 -38.360563 -0.31003937,
  61.623473 -38.395127 0.31003937,61.623473 -38.395127 -0.31003937,
  61.73622 -38.348425 0.31003937,61.675202 -38.360563 0.31003937,
  61.73622 -38.348425 -0.31003937,61.73622 -38.348425 -0.31003937,
  61.675202 -38.360563 0.31003937,61.675202 -38.360563 -0.31003937,
  61.797239 -38.360563 0.31003937,61.73622 -38.348425 0.31003937,
  61.797239 -38.360563 -0.31003937,61.797239 -38.360563 -0.31003937,
  61.73622 -38.348425 0.31003937,61.73622 -38.348425 -0.31003937,
  61.848968 -38.395127 0.31003937,61.797239 -38.360563 0.31003937,
  61.848968 -38.395127 -0.31003937,61.848968 -38.395127 -0.31003937,
  61.797239 -38.360563 0.31003937,61.797239 -38.360563 -0.31003937,
  61.883532 -38.446856 0.31003937,61.848968 -38.395127 0.31003937,
  61.883532 -38.446856 -0.31003937,61.883532 -38.446856 -0.31003937,
  61.848968 -38.395127 0.31003937,61.848968 -38.395127 -0.31003937,
  61.895669 -38.507874 0.31003937,61.883532 -38.446856 0.31003937,
  61.895669 -38.507874 -0.31003937,61.895669 -38.507874 -0.31003937,
  61.883532 -38.446856 0.31003937,61.883532 -38.446856 -0.31003937,
  52.142059 -46.714572 0.31003937,52.129921 -46.775591 0.31003937,
  52.142059 -46.714572 -0.31003937,52.142059 -46.714572 -0.31003937,
  52.129921 -46.775591 0.31003937,52.129921 -46.775591 -0.31003937,
  52.176623 -46.662843 0.31003937,52.142059 -46.714572 0.31003937,
  52.176623 -46.662843 -0.31003937,52.176623 -46.662843 -0.31003937,
  52.142059 -46.714572 0.31003937,52.142059 -46.714572 -0.31003937,
  52.228352 -46.628279 0.31003937,52.176623 -46.662843 0.31003937,
  52.228352 -46.628279 -0.31003937,52.228352 -46.628279 -0.31003937,
  52.176623 -46.662843 0.31003937,52.176623 -46.662843 -0.31003937,
  52.28937 -46.616142 0.31003937,52.228352 -46.628279 0.31003937,
  52.28937 -46.616142 -0.31003937,52.28937 -46.616142 -0.31003937,
  52.228352 -46.628279 0.31003937,52.228352 -46.628279 -0.31003937,
  52.350389 -46.628279 0.31003937,52.28937 -46.616142 0.31003937,
  52.350389 -46.628279 -0.31003937,52.350389 -46.628279 -0.31003937,
  52.28937 -46.616142 0.31003937,52.28937 -46.616142 -0.31003937,
  52.402117 -46.662843 0.31003937,52.350389 -46.628279 0.31003937,
  52.402117 -46.662843 -0.31003937,52.402117 -46.662843 -0.31003937,
  52.350389 -46.628279 0.31003937,52.350389 -46.628279 -0.31003937,
  52.436682 -46.714572 0.31003937,52.402117 -46.662843 0.31003937,
  52.436682 -46.714572 -0.31003937,52.436682 -46.714572 -0.31003937,
  52.402117 -46.662843 0.31003937,52.402117 -46.662843 -0.31003937,
  52.448819 -46.775591 0.31003937,52.436682 -46.714572 0.31003937,
  52.448819 -46.775591 -0.31003937,52.448819 -46.775591 -0.31003937,
  52.436682 -46.714572 0.31003937,52.436682 -46.714572 -0.31003937,
  52.436682 -46.836609 0.31003937,52.448819 -46.775591 0.31003937,
  52.436682 -46.836609 -0.31003937,52.436682 -46.836609 -0.31003937,
  52.448819 -46.775591 0.31003937,52.448819 -46.775591 -0.31003937,
  52.402117 -46.888338 0.31003937,52.436682 -46.836609 0.31003937,
  52.402117 -46.888338 -0.31003937,52.402117 -46.888338 -0.31003937,
  52.436682 -46.836609 0.31003937,52.436682 -46.836609 -0.31003937,
  52.350389 -46.922902 0.31003937,52.402117 -46.888338 0.31003937,
  52.350389 -46.922902 -0.31003937,52.350389 -46.922902 -0.31003937,
  52.402117 -46.888338 0.31003937,52.402117 -46.888338 -0.31003937,
  52.28937 -46.935039 0.31003937,52.350389 -46.922902 0.31003937,
  52.28937 -46.935039 -0.31003937,52.28937 -46.935039 -0.31003937,
  52.350389 -46.922902 0.31003937,52.350389 -46.922902 -0.31003937,
  52.228352 -46.922902 0.31003937,52.28937 -46.935039 0.31003937,
  52.228352 -46.922902 -0.31003937,52.228352 -46.922902 -0.31003937,
  52.28937 -46.935039 0.31003937,52.28937 -46.935039 -0.31003937,
  52.176623 -46.888338 0.31003937,52.228352 -46.922902 0.31003937,
  52.176623 -46.888338 -0.31003937,52.176623 -46.888338 -0.31003937,
  52.228352 -46.922902 0.31003937,52.228352 -46.922902 -0.31003937,
  52.142059 -46.836609 0.31003937,52.176623 -46.888338 0.31003937,
  52.142059 -46.836609 -0.31003937,52.142059 -46.836609 -0.31003937,
  52.176623 -46.888338 0.31003937,52.176623 -46.888338 -0.31003937,
  52.129921 -46.775591 0.31003937,52.142059 -46.836609 0.31003937,
  52.129921 -46.775591 -0.31003937,52.129921 -46.775591 -0.31003937,
  52.142059 -46.836609 0.31003937,52.142059 -46.836609 -0.31003937] }
 coordIndex [
  0,1,2,-1,3,4,5,-1,6,7,8,-1,9,10,11,-1,12,13,14,-1,15,16,17,-1,18,19,20,-1,21,22,23,-1,
  24,25,26,-1,27,28,29,-1,30,31,32,-1,33,34,35,-1,36,37,38,-1,39,40,41,-1,42,43,44,-1,45,46,47,-1,
  48,49,50,-1,51,52,53,-1,54,55,56,-1,57,58,59,-1,60,61,62,-1,63,64,65,-1,66,67,68,-1,69,70,71,-1,
  72,73,74,-1,75,76,77,-1,78,79,80,-1,81,82,83,-1,84,85,86,-1,87,88,89,-1,90,91,92,-1,93,94,95,-1,
  96,97,98,-1,99,100,101,-1,102,103,104,-1,105,106,107,-1,108,109,110,-1,111,112,113,-1,114,115,116,-1,117,118,119,-1,
  120,121,122,-1,123,124,125,-1,126,127,128,-1,129,130,131,-1,132,133,134,-1,135,136,137,-1,138,139,140,-1,141,142,143,-1,
  144,145,146,-1,147,148,149,-1,150,151,152,-1,153,154,155,-1,156,157,158,-1,159,160,161,-1,162,163,164,-1,165,166,167,-1,
  168,169,170,-1,171,172,173,-1,174,175,176,-1,177,178,179,-1,180,181,182,-1,183,184,185,-1,186,187,188,-1,189,190,191,-1,
  192,193,194,-1,195,196,197,-1,198,199,200,-1,201,202,203,-1,204,205,206,-1,207,208,209,-1,210,211,212,-1,213,214,215,-1,
  216,217,218,-1,219,220,221,-1,222,223,224,-1,225,226,227,-1,228,229,230,-1,231,232,233,-1,234,235,236,-1,237,238,239,-1,
  240,241,242,-1,243,244,245,-1,246,247,248,-1,249,250,251,-1,252,253,254,-1,255,256,257,-1,258,259,260,-1,261,262,263,-1,
  264,265,266,-1,267,268,269,-1,270,271,272,-1,273,274,275,-1,276,277,278,-1,279,280,281,-1,282,283,284,-1,285,286,287,-1,
  288,289,290,-1,291,292,293,-1,294,295,296,-1,297,298,299,-1,300,301,302,-1,303,304,305,-1,306,307,308,-1,309,310,311,-1,
  312,313,314,-1,315,316,317,-1,318,319,320,-1,321,322,323,-1,324,325,326,-1,327,328,329,-1,330,331,332,-1,333,334,335,-1,
  336,337,338,-1,339,340,341,-1,342,343,344,-1,345,346,347,-1,348,349,350,-1,351,352,353,-1,354,355,356,-1,357,358,359,-1,
  360,361,362,-1,363,364,365,-1,366,367,368,-1,369,370,371,-1,372,373,374,-1,375,376,377,-1,378,379,380,-1,381,382,383,-1,
  384,385,386,-1,387,388,389,-1,390,391,392,-1,393,394,395,-1,396,397,398,-1,399,400,401,-1,402,403,404,-1,405,406,407,-1,
  408,409,410,-1,411,412,413,-1,414,415,416,-1,417,418,419,-1,420,421,422,-1,423,424,425,-1,426,427,428,-1,429,430,431,-1,
  432,433,434,-1,435,436,437,-1,438,439,440,-1,441,442,443,-1,444,445,446,-1,447,448,449,-1,450,451,452,-1,453,454,455,-1,
  456,457,458,-1,459,460,461,-1,462,463,464,-1,465,466,467,-1,468,469,470,-1,471,472,473,-1,474,475,476,-1,477,478,479,-1,
  480,481,482,-1,483,484,485,-1,486,487,488,-1,489,490,491,-1,492,493,494,-1,495,496,497,-1,498,499,500,-1,501,502,503,-1,
  504,505,506,-1,507,508,509,-1,510,511,512,-1,513,514,515,-1,516,517,518,-1,519,520,521,-1,522,523,524,-1,525,526,527,-1,
  528,529,530,-1,531,532,533,-1,534,535,536,-1,537,538,539,-1,540,541,542,-1,543,544,545,-1,546,547,548,-1,549,550,551,-1,
  552,553,554,-1,555,556,557,-1,558,559,560,-1,561,562,563,-1,564,565,566,-1,567,568,569,-1,570,571,572,-1,573,574,575,-1,
  576,577,578,-1,579,580,581,-1,582,583,584,-1,585,586,587,-1,588,589,590,-1,591,592,593,-1,594,595,596,-1,597,598,599,-1,
  600,601,602,-1,603,604,605,-1,606,607,608,-1,609,610,611,-1,612,613,614,-1,615,616,617,-1,618,619,620,-1,621,622,623,-1,
  624,625,626,-1,627,628,629,-1,630,631,632,-1,633,634,635,-1,636,637,638,-1,639,640,641,-1,642,643,644,-1,645,646,647,-1,
  648,649,650,-1,651,652,653,-1,654,655,656,-1,657,658,659,-1,660,661,662,-1,663,664,665,-1,666,667,668,-1,669,670,671,-1,
  672,673,674,-1,675,676,677,-1,678,679,680,-1,681,682,683,-1,684,685,686,-1,687,688,689,-1,690,691,692,-1,693,694,695,-1,
  696,697,698,-1,699,700,701,-1,702,703,704,-1,705,706,707,-1,708,709,710,-1,711,712,713,-1,714,715,716,-1,717,718,719,-1,
  720,721,722,-1,723,724,725,-1,726,727,728,-1,729,730,731,-1,732,733,734,-1,735,736,737,-1,738,739,740,-1,741,742,743,-1,
  744,745,746,-1,747,748,749,-1,750,751,752,-1,753,754,755,-1,756,757,758,-1,759,760,761,-1,762,763,764,-1,765,766,767,-1,
  768,769,770,-1,771,772,773,-1,774,775,776,-1,777,778,779,-1,780,781,782,-1,783,784,785,-1,786,787,788,-1,789,790,791,-1,
  792,793,794,-1,795,796,797,-1,798,799,800,-1,801,802,803,-1,804,805,806,-1,807,808,809,-1,810,811,812,-1,813,814,815,-1,
  816,817,818,-1,819,820,821,-1,822,823,824,-1,825,826,827,-1,828,829,830,-1,831,832,833,-1,834,835,836,-1,837,838,839,-1,
  840,841,842,-1,843,844,845,-1,846,847,848,-1,849,850,851,-1,852,853,854,-1,855,856,857,-1,858,859,860,-1,861,862,863,-1,
  864,865,866,-1,867,868,869,-1,870,871,872,-1,873,874,875,-1,876,877,878,-1,879,880,881,-1,882,883,884,-1,885,886,887,-1,
  888,889,890,-1,891,892,893,-1,894,895,896,-1,897,898,899,-1,900,901,902,-1,903,904,905,-1,906,907,908,-1,909,910,911,-1,
  912,913,914,-1,915,916,917,-1,918,919,920,-1,921,922,923,-1,924,925,926,-1,927,928,929,-1,930,931,932,-1,933,934,935,-1,
  936,937,938,-1,939,940,941,-1,942,943,944,-1,945,946,947,-1,948,949,950,-1,951,952,953,-1,954,955,956,-1,957,958,959,-1,
  960,961,962,-1,963,964,965,-1,966,967,968,-1,969,970,971,-1,972,973,974,-1,975,976,977,-1,978,979,980,-1,981,982,983,-1,
  984,985,986,-1,987,988,989,-1,990,991,992,-1,993,994,995,-1,996,997,998,-1,999,1000,1001,-1,1002,1003,1004,-1,1005,1006,1007,-1,
  1008,1009,1010,-1,1011,1012,1013,-1,1014,1015,1016,-1,1017,1018,1019,-1,1020,1021,1022,-1,1023,1024,1025,-1,1026,1027,1028,-1,1029,1030,1031,-1,
  1032,1033,1034,-1,1035,1036,1037,-1,1038,1039,1040,-1,1041,1042,1043,-1,1044,1045,1046,-1,1047,1048,1049,-1,1050,1051,1052,-1,1053,1054,1055,-1,
  1056,1057,1058,-1,1059,1060,1061,-1,1062,1063,1064,-1,1065,1066,1067,-1,1068,1069,1070,-1,1071,1072,1073,-1,1074,1075,1076,-1,1077,1078,1079,-1,
  1080,1081,1082,-1,1083,1084,1085,-1,1086,1087,1088,-1,1089,1090,1091,-1,1092,1093,1094,-1,1095,1096,1097,-1,1098,1099,1100,-1,1101,1102,1103,-1,
  1104,1105,1106,-1,1107,1108,1109,-1,1110,1111,1112,-1,1113,1114,1115,-1,1116,1117,1118,-1,1119,1120,1121,-1,1122,1123,1124,-1,1125,1126,1127,-1,
  1128,1129,1130,-1,1131,1132,1133,-1,1134,1135,1136,-1,1137,1138,1139,-1,1140,1141,1142,-1,1143,1144,1145,-1,1146,1147,1148,-1,1149,1150,1151,-1,
  1152,1153,1154,-1,1155,1156,1157,-1,1158,1159,1160,-1,1161,1162,1163,-1,1164,1165,1166,-1,1167,1168,1169,-1,1170,1171,1172,-1,1173,1174,1175,-1,
  1176,1177,1178,-1,1179,1180,1181,-1,1182,1183,1184,-1,1185,1186,1187,-1,1188,1189,1190,-1,1191,1192,1193,-1,1194,1195,1196,-1,1197,1198,1199,-1,
  1200,1201,1202,-1,1203,1204,1205,-1,1206,1207,1208,-1,1209,1210,1211,-1,1212,1213,1214,-1,1215,1216,1217,-1,1218,1219,1220,-1,1221,1222,1223,-1,
  1224,1225,1226,-1,1227,1228,1229,-1,1230,1231,1232,-1,1233,1234,1235,-1,1236,1237,1238,-1,1239,1240,1241,-1,1242,1243,1244,-1,1245,1246,1247,-1,
  1248,1249,1250,-1,1251,1252,1253,-1,1254,1255,1256,-1,1257,1258,1259,-1,1260,1261,1262,-1,1263,1264,1265,-1,1266,1267,1268,-1,1269,1270,1271,-1,
  1272,1273,1274,-1,1275,1276,1277,-1,1278,1279,1280,-1,1281,1282,1283,-1,1284,1285,1286,-1,1287,1288,1289,-1,1290,1291,1292,-1,1293,1294,1295,-1,
  1296,1297,1298,-1,1299,1300,1301,-1,1302,1303,1304,-1,1305,1306,1307,-1,1308,1309,1310,-1,1311,1312,1313,-1,1314,1315,1316,-1,1317,1318,1319,-1,
  1320,1321,1322,-1,1323,1324,1325,-1,1326,1327,1328,-1,1329,1330,1331,-1,1332,1333,1334,-1,1335,1336,1337,-1,1338,1339,1340,-1,1341,1342,1343,-1,
  1344,1345,1346,-1,1347,1348,1349,-1,1350,1351,1352,-1,1353,1354,1355,-1,1356,1357,1358,-1,1359,1360,1361,-1,1362,1363,1364,-1,1365,1366,1367,-1,
  1368,1369,1370,-1,1371,1372,1373,-1,1374,1375,1376,-1,1377,1378,1379,-1,1380,1381,1382,-1,1383,1384,1385,-1,1386,1387,1388,-1,1389,1390,1391,-1,
  1392,1393,1394,-1,1395,1396,1397,-1,1398,1399,1400,-1,1401,1402,1403,-1,1404,1405,1406,-1,1407,1408,1409,-1,1410,1411,1412,-1,1413,1414,1415,-1,
  1416,1417,1418,-1,1419,1420,1421,-1,1422,1423,1424,-1,1425,1426,1427,-1,1428,1429,1430,-1,1431,1432,1433,-1,1434,1435,1436,-1,1437,1438,1439,-1,
  1440,1441,1442,-1,1443,1444,1445,-1,1446,1447,1448,-1,1449,1450,1451,-1,1452,1453,1454,-1,1455,1456,1457,-1,1458,1459,1460,-1,1461,1462,1463,-1,
  1464,1465,1466,-1,1467,1468,1469,-1,1470,1471,1472,-1,1473,1474,1475,-1,1476,1477,1478,-1,1479,1480,1481,-1,1482,1483,1484,-1,1485,1486,1487,-1,
  1488,1489,1490,-1,1491,1492,1493,-1,1494,1495,1496,-1,1497,1498,1499,-1,1500,1501,1502,-1,1503,1504,1505,-1,1506,1507,1508,-1,1509,1510,1511,-1,
  1512,1513,1514,-1,1515,1516,1517,-1,1518,1519,1520,-1,1521,1522,1523,-1,1524,1525,1526,-1,1527,1528,1529,-1,1530,1531,1532,-1,1533,1534,1535,-1,
  1536,1537,1538,-1,1539,1540,1541,-1,1542,1543,1544,-1,1545,1546,1547,-1,1548,1549,1550,-1,1551,1552,1553,-1,1554,1555,1556,-1,1557,1558,1559,-1,
  1560,1561,1562,-1,1563,1564,1565,-1,1566,1567,1568,-1,1569,1570,1571,-1,1572,1573,1574,-1,1575,1576,1577,-1,1578,1579,1580,-1,1581,1582,1583,-1,
  1584,1585,1586,-1,1587,1588,1589,-1,1590,1591,1592,-1,1593,1594,1595,-1,1596,1597,1598,-1,1599,1600,1601,-1,1602,1603,1604,-1,1605,1606,1607,-1,
  1608,1609,1610,-1,1611,1612,1613,-1,1614,1615,1616,-1,1617,1618,1619,-1,1620,1621,1622,-1,1623,1624,1625,-1,1626,1627,1628,-1,1629,1630,1631,-1,
  1632,1633,1634,-1,1635,1636,1637,-1,1638,1639,1640,-1,1641,1642,1643,-1,1644,1645,1646,-1,1647,1648,1649,-1,1650,1651,1652,-1,1653,1654,1655,-1,
  1656,1657,1658,-1,1659,1660,1661,-1,1662,1663,1664,-1,1665,1666,1667,-1,1668,1669,1670,-1,1671,1672,1673,-1,1674,1675,1676,-1,1677,1678,1679,-1,
  1680,1681,1682,-1,1683,1684,1685,-1,1686,1687,1688,-1,1689,1690,1691,-1,1692,1693,1694,-1,1695,1696,1697,-1,1698,1699,1700,-1,1701,1702,1703,-1,
  1704,1705,1706,-1,1707,1708,1709,-1,1710,1711,1712,-1,1713,1714,1715,-1,1716,1717,1718,-1,1719,1720,1721,-1,1722,1723,1724,-1,1725,1726,1727,-1,
  1728,1729,1730,-1,1731,1732,1733,-1,1734,1735,1736,-1,1737,1738,1739,-1,1740,1741,1742,-1,1743,1744,1745,-1,1746,1747,1748,-1,1749,1750,1751,-1,
  1752,1753,1754,-1,1755,1756,1757,-1,1758,1759,1760,-1,1761,1762,1763,-1,1764,1765,1766,-1,1767,1768,1769,-1,1770,1771,1772,-1,1773,1774,1775,-1,
  1776,1777,1778,-1,1779,1780,1781,-1,1782,1783,1784,-1,1785,1786,1787,-1,1788,1789,1790,-1,1791,1792,1793,-1,1794,1795,1796,-1,1797,1798,1799,-1,
  1800,1801,1802,-1,1803,1804,1805,-1,1806,1807,1808,-1,1809,1810,1811,-1,1812,1813,1814,-1,1815,1816,1817,-1,1818,1819,1820,-1,1821,1822,1823,-1,
  1824,1825,1826,-1,1827,1828,1829,-1,1830,1831,1832,-1,1833,1834,1835,-1,1836,1837,1838,-1,1839,1840,1841,-1,1842,1843,1844,-1,1845,1846,1847,-1,
  1848,1849,1850,-1,1851,1852,1853,-1,1854,1855,1856,-1,1857,1858,1859,-1,1860,1861,1862,-1,1863,1864,1865,-1,1866,1867,1868,-1,1869,1870,1871,-1,
  1872,1873,1874,-1,1875,1876,1877,-1,1878,1879,1880,-1,1881,1882,1883,-1,1884,1885,1886,-1,1887,1888,1889,-1,1890,1891,1892,-1,1893,1894,1895,-1,
  1896,1897,1898,-1,1899,1900,1901,-1,1902,1903,1904,-1,1905,1906,1907,-1,1908,1909,1910,-1,1911,1912,1913,-1,1914,1915,1916,-1,1917,1918,1919,-1,
  1920,1921,1922,-1,1923,1924,1925,-1,1926,1927,1928,-1,1929,1930,1931,-1,1932,1933,1934,-1,1935,1936,1937,-1,1938,1939,1940,-1,1941,1942,1943,-1,
  1944,1945,1946,-1,1947,1948,1949,-1,1950,1951,1952,-1,1953,1954,1955,-1,1956,1957,1958,-1,1959,1960,1961,-1,1962,1963,1964,-1,1965,1966,1967,-1,
  1968,1969,1970,-1,1971,1972,1973,-1,1974,1975,1976,-1,1977,1978,1979,-1,1980,1981,1982,-1,1983,1984,1985,-1,1986,1987,1988,-1,1989,1990,1991,-1,
  1992,1993,1994,-1,1995,1996,1997,-1,1998,1999,2000,-1,2001,2002,2003,-1,2004,2005,2006,-1,2007,2008,2009,-1,2010,2011,2012,-1,2013,2014,2015,-1,
  2016,2017,2018,-1,2019,2020,2021,-1,2022,2023,2024,-1,2025,2026,2027,-1,2028,2029,2030,-1,2031,2032,2033,-1,2034,2035,2036,-1,2037,2038,2039,-1,
  2040,2041,2042,-1,2043,2044,2045,-1,2046,2047,2048,-1,2049,2050,2051,-1,2052,2053,2054,-1,2055,2056,2057,-1,2058,2059,2060,-1,2061,2062,2063,-1,
  2064,2065,2066,-1,2067,2068,2069,-1,2070,2071,2072,-1,2073,2074,2075,-1,2076,2077,2078,-1,2079,2080,2081,-1,2082,2083,2084,-1,2085,2086,2087,-1,
  2088,2089,2090,-1,2091,2092,2093,-1,2094,2095,2096,-1,2097,2098,2099,-1,2100,2101,2102,-1,2103,2104,2105,-1,2106,2107,2108,-1,2109,2110,2111,-1,
  2112,2113,2114,-1,2115,2116,2117,-1,2118,2119,2120,-1,2121,2122,2123,-1,2124,2125,2126,-1,2127,2128,2129,-1,2130,2131,2132,-1,2133,2134,2135,-1,
  2136,2137,2138,-1,2139,2140,2141,-1,2142,2143,2144,-1,2145,2146,2147,-1,2148,2149,2150,-1,2151,2152,2153,-1,2154,2155,2156,-1,2157,2158,2159,-1,
  2160,2161,2162,-1,2163,2164,2165,-1,2166,2167,2168,-1,2169,2170,2171,-1,2172,2173,2174,-1,2175,2176,2177,-1,2178,2179,2180,-1,2181,2182,2183,-1,
  2184,2185,2186,-1,2187,2188,2189,-1,2190,2191,2192,-1,2193,2194,2195,-1,2196,2197,2198,-1,2199,2200,2201,-1,2202,2203,2204,-1,2205,2206,2207,-1,
  2208,2209,2210,-1,2211,2212,2213,-1,2214,2215,2216,-1,2217,2218,2219,-1,2220,2221,2222,-1,2223,2224,2225,-1,2226,2227,2228,-1,2229,2230,2231,-1]
  normalPerVertex TRUE
  normal DEF NORM_83 Normal { vector [
  0.98078528 -0.19509032 0,0.98078528 -0.19509032 0,
  0.98078528 -0.19509032 0,0.98078528 -0.19509032 0,
  0.98078528 -0.19509032 0,0.98078528 -0.19509032 0,
  0.83146961 -0.55557023 0,0.83146961 -0.55557023 0,
  0.83146961 -0.55557023 0,0.83146961 -0.55557023 0,
  0.83146961 -0.55557023 0,0.83146961 -0.55557023 0,
  0.55557023 -0.83146961 0,0.55557023 -0.83146961 0,
  0.55557023 -0.83146961 0,0.55557023 -0.83146961 0,
  0.55557023 -0.83146961 0,0.55557023 -0.83146961 0,
  0.19509032 -0.98078528 0,0.19509032 -0.98078528 0,
  0.19509032 -0.98078528 0,0.19509032 -0.98078528 0,
  0.19509032 -0.98078528 0,0.19509032 -0.98078528 0,
  -0.19509032 -0.98078528 0,-0.19509032 -0.98078528 0,
  -0.19509032 -0.98078528 0,-0.19509032 -0.98078528 0,
  -0.19509032 -0.98078528 0,-0.19509032 -0.98078528 0,
  -0.55557023 -0.83146961 0,-0.55557023 -0.83146961 0,
  -0.55557023 -0.83146961 0,-0.55557023 -0.83146961 0,
  -0.55557023 -0.83146961 0,-0.55557023 -0.83146961 0,
  -0.83146961 -0.55557023 0,-0.83146961 -0.55557023 0,
  -0.83146961 -0.55557023 0,-0.83146961 -0.55557023 0,
  -0.83146961 -0.55557023 0,-0.83146961 -0.55557023 0,
  -0.98078528 -0.19509032 0,-0.98078528 -0.19509032 0,
  -0.98078528 -0.19509032 0,-0.98078528 -0.19509032 0,
  -0.98078528 -0.19509032 0,-0.98078528 -0.19509032 0,
  -0.98078528 0.19509032 0,-0.98078528 0.19509032 0,
  -0.98078528 0.19509032 0,-0.98078528 0.19509032 0,
  -0.98078528 0.19509032 0,-0.98078528 0.19509032 0,
  -0.83146961 0.55557023 0,-0.83146961 0.55557023 0,
  -0.83146961 0.55557023 0,-0.83146961 0.55557023 0,
  -0.83146961 0.55557023 0,-0.83146961 0.55557023 0,
  -0.55557023 0.83146961 0,-0.55557023 0.83146961 0,
  -0.55557023 0.83146961 0,-0.55557023 0.83146961 0,
  -0.55557023 0.83146961 0,-0.55557023 0.83146961 0,
  -0.19509032 0.98078528 0,-0.19509032 0.98078528 0,
  -0.19509032 0.98078528 0,-0.19509032 0.98078528 0,
  -0.19509032 0.98078528 0,-0.19509032 0.98078528 0,
  0.19509032 0.98078528 0,0.19509032 0.98078528 0,
  0.19509032 0.98078528 0,0.19509032 0.98078528 0,
  0.19509032 0.98078528 0,0.19509032 0.98078528 0,
  0.55557023 0.83146961 0,0.55557023 0.83146961 0,
  0.55557023 0.83146961 0,0.55557023 0.83146961 0,
  0.55557023 0.83146961 0,0.55557023 0.83146961 0,
  0.83146961 0.55557023 0,0.83146961 0.55557023 0,
  0.83146961 0.55557023 0,0.83146961 0.55557023 0,
  0.83146961 0.55557023 0,0.83146961 0.55557023 0,
  0.98078528 0.19509032 0,0.98078528 0.19509032 0,
  0.98078528 0.19509032 0,0.98078528 0.19509032 0,
  0.98078528 0.19509032 0,0.98078528 0.19509032 0,
  0.98078528 -0.19509032 0,0.98078528 -0.19509032 0,
  0.98078528 -0.19509032 0,0.98078528 -0.19509032 0,
  0.98078528 -0.19509032 0,0.98078528 -0.19509032 0,
  0.83146961 -0.55557023 0,0.83146961 -0.55557023 0,
  0.83146961 -0.55557023 0,0.83146961 -0.55557023 0,
  0.83146961 -0.55557023 0,0.83146961 -0.55557023 0,
  0.55557023 -0.83146961 0,0.55557023 -0.83146961 0,
  0.55557023 -0.83146961 0,0.55557023 -0.83146961 0,
  0.55557023 -0.83146961 0,0.55557023 -0.83146961 0,
  0.19509032 -0.98078528 0,0.19509032 -0.98078528 0,
  0.19509032 -0.98078528 0,0.19509032 -0.98078528 0,
  0.19509032 -0.98078528 0,0.19509032 -0.98078528 0,
  -0.19509032 -0.98078528 0,-0.19509032 -0.98078528 0,
  -0.19509032 -0.98078528 0,-0.19509032 -0.98078528 0,
  -0.19509032 -0.98078528 0,-0.19509032 -0.98078528 0,
  -0.55557023 -0.83146961 0,-0.55557023 -0.83146961 0,
  -0.55557023 -0.83146961 0,-0.55557023 -0.83146961 0,
  -0.55557023 -0.83146961 0,-0.55557023 -0.83146961 0,
  -0.83146961 -0.55557023 0,-0.83146961 -0.55557023 0,
  -0.83146961 -0.55557023 0,-0.83146961 -0.55557023 0,
  -0.83146961 -0.55557023 0,-0.83146961 -0.55557023 0,
  -0.98078528 -0.19509032 0,-0.98078528 -0.19509032 0,
  -0.98078528 -0.19509032 0,-0.98078528 -0.19509032 0,
  -0.98078528 -0.19509032 0,-0.98078528 -0.19509032 0,
  -0.98078528 0.19509032 0,-0.98078528 0.19509032 0,
  -0.98078528 0.19509032 0,-0.98078528 0.19509032 0,
  -0.98078528 0.19509032 0,-0.98078528 0.19509032 0,
  -0.83146961 0.55557023 0,-0.83146961 0.55557023 0,
  -0.83146961 0.55557023 0,-0.83146961 0.55557023 0,
  -0.83146961 0.55557023 0,-0.83146961 0.55557023 0,
  -0.55557023 0.83146961 0,-0.55557023 0.83146961 0,
  -0.55557023 0.83146961 0,-0.55557023 0.83146961 0,
  -0.55557023 0.83146961 0,-0.55557023 0.83146961 0,
  -0.19509032 0.98078528 0,-0.19509032 0.98078528 0,
  -0.19509032 0.98078528 0,-0.19509032 0.98078528 0,
  -0.19509032 0.98078528 0,-0.19509032 0.98078528 0,
  0.19509032 0.98078528 0,0.19509032 0.98078528 0,
  0.19509032 0.98078528 0,0.19509032 0.98078528 0,
  0.19509032 0.98078528 0,0.19509032 0.98078528 0,
  0.55557023 0.83146961 0,0.55557023 0.83146961 0,
  0.55557023 0.83146961 0,0.55557023 0.83146961 0,
  0.55557023 0.83146961 0,0.55557023 0.83146961 0,
  0.83146961 0.55557023 0,0.83146961 0.55557023 0,
  0.83146961 0.55557023 0,0.83146961 0.55557023 0,
  0.83146961 0.55557023 0,0.83146961 0.55557023 0,
  0.98078528 0.19509032 0,0.98078528 0.19509032 0,
  0.98078528 0.19509032 0,0.98078528 0.19509032 0,
  0.98078528 0.19509032 0,0.98078528 0.19509032 0,
  0.98078528 -0.19509032 0,0.98078528 -0.19509032 0,
  0.98078528 -0.19509032 0,0.98078528 -0.19509032 0,
  0.98078528 -0.19509032 0,0.98078528 -0.19509032 0,
  0.83146961 -0.55557023 0,0.83146961 -0.55557023 0,
  0.83146961 -0.55557023 0,0.83146961 -0.55557023 0,
  0.83146961 -0.55557023 0,0.83146961 -0.55557023 0,
  0.55557023 -0.83146961 0,0.55557023 -0.83146961 0,
  0.55557023 -0.83146961 0,0.55557023 -0.83146961 0,
  0.55557023 -0.83146961 0,0.55557023 -0.83146961 0,
  0.19509032 -0.98078528 0,0.19509032 -0.98078528 0,
  0.19509032 -0.98078528 0,0.19509032 -0.98078528 0,
  0.19509032 -0.98078528 0,0.19509032 -0.98078528 0,
  -0.19509032 -0.98078528 0,-0.19509032 -0.98078528 0,
  -0.19509032 -0.98078528 0,-0.19509032 -0.98078528 0,
  -0.19509032 -0.98078528 0,-0.19509032 -0.98078528 0,
  -0.55557023 -0.83146961 0,-0.55557023 -0.83146961 0,
  -0.55557023 -0.83146961 0,-0.55557023 -0.83146961 0,
  -0.55557023 -0.83146961 0,-0.55557023 -0.83146961 0,
  -0.83146961 -0.55557023 0,-0.83146961 -0.55557023 0,
  -0.83146961 -0.55557023 0,-0.83146961 -0.55557023 0,
  -0.83146961 -0.55557023 0,-0.83146961 -0.55557023 0,
  -0.98078528 -0.19509032 0,-0.98078528 -0.19509032 0,
  -0.98078528 -0.19509032 0,-0.98078528 -0.19509032 0,
  -0.98078528 -0.19509032 0,-0.98078528 -0.19509032 0,
  -0.98078528 0.19509032 0,-0.98078528 0.19509032 0,
  -0.98078528 0.19509032 0,-0.98078528 0.19509032 0,
  -0.98078528 0.19509032 0,-0.98078528 0.19509032 0,
  -0.83146961 0.55557023 0,-0.83146961 0.55557023 0,
  -0.83146961 0.55557023 0,-0.83146961 0.55557023 0,
  -0.83146961 0.55557023 0,-0.83146961 0.55557023 0,
  -0.55557023 0.83146961 0,-0.55557023 0.83146961 0,
  -0.55557023 0.83146961 0,-0.55557023 0.83146961 0,
  -0.55557023 0.83146961 0,-0.55557023 0.83146961 0,
  -0.19509032 0.98078528 0,-0.19509032 0.98078528 0,
  -0.19509032 0.98078528 0,-0.19509032 0.98078528 0,
  -0.19509032 0.98078528 0,-0.19509032 0.98078528 0,
  0.19509032 0.98078528 0,0.19509032 0.98078528 0,
  0.19509032 0.98078528 0,0.19509032 0.98078528 0,
  0.19509032 0.98078528 0,0.19509032 0.98078528 0,
  0.55557023 0.83146961 0,0.55557023 0.83146961 0,
  0.55557023 0.83146961 0,0.55557023 0.83146961 0,
  0.55557023 0.83146961 0,0.55557023 0.83146961 0,
  0.83146961 0.55557023 0,0.83146961 0.55557023 0,
  0.83146961 0.55557023 0,0.83146961 0.55557023 0,
  0.83146961 0.55557023 0,0.83146961 0.55557023 0,
  0.98078528 0.19509032 0,0.98078528 0.19509032 0,
  0.98078528 0.19509032 0,0.98078528 0.19509032 0,
  0.98078528 0.19509032 0,0.98078528 0.19509032 0,
  0.98078528 -0.19509032 0,0.98078528 -0.19509032 0,
  0.98078528 -0.19509032 0,0.98078528 -0.19509032 0,
  0.98078528 -0.19509032 0,0.98078528 -0.19509032 0,
  0.83146961 -0.55557023 0,0.83146961 -0.55557023 0,
  0.83146961 -0.55557023 0,0.83146961 -0.55557023 0,
  0.83146961 -0.55557023 0,0.83146961 -0.55557023 0,
  0.55557023 -0.83146961 0,0.55557023 -0.83146961 0,
  0.55557023 -0.83146961 0,0.55557023 -0.83146961 0,
  0.55557023 -0.83146961 0,0.55557023 -0.83146961 0,
  0.19509032 -0.98078528 0,0.19509032 -0.98078528 0,
  0.19509032 -0.98078528 0,0.19509032 -0.98078528 0,
  0.19509032 -0.98078528 0,0.19509032 -0.98078528 0,
  -0.19509032 -0.98078528 0,-0.19509032 -0.98078528 0,
  -0.19509032 -0.98078528 0,-0.19509032 -0.98078528 0,
  -0.19509032 -0.98078528 0,-0.19509032 -0.98078528 0,
  -0.55557023 -0.83146961 0,-0.55557023 -0.83146961 0,
  -0.55557023 -0.83146961 0,-0.55557023 -0.83146961 0,
  -0.55557023 -0.83146961 0,-0.55557023 -0.83146961 0,
  -0.83146961 -0.55557023 0,-0.83146961 -0.55557023 0,
  -0.83146961 -0.55557023 0,-0.83146961 -0.55557023 0,
  -0.83146961 -0.55557023 0,-0.83146961 -0.55557023 0,
  -0.98078528 -0.19509032 0,-0.98078528 -0.19509032 0,
  -0.98078528 -0.19509032 0,-0.98078528 -0.19509032 0,
  -0.98078528 -0.19509032 0,-0.98078528 -0.19509032 0,
  -0.98078528 0.19509032 0,-0.98078528 0.19509032 0,
  -0.98078528 0.19509032 0,-0.98078528 0.19509032 0,
  -0.98078528 0.19509032 0,-0.98078528 0.19509032 0,
  -0.83146961 0.55557023 0,-0.83146961 0.55557023 0,
  -0.83146961 0.55557023 0,-0.83146961 0.55557023 0,
  -0.83146961 0.55557023 0,-0.83146961 0.55557023 0,
  -0.55557023 0.83146961 0,-0.55557023 0.83146961 0,
  -0.55557023 0.83146961 0,-0.55557023 0.83146961 0,
  -0.55557023 0.83146961 0,-0.55557023 0.83146961 0,
  -0.19509032 0.98078528 0,-0.19509032 0.98078528 0,
  -0.19509032 0.98078528 0,-0.19509032 0.98078528 0,
  -0.19509032 0.98078528 0,-0.19509032 0.98078528 0,
  0.19509032 0.98078528 0,0.19509032 0.98078528 0,
  0.19509032 0.98078528 0,0.19509032 0.98078528 0,
  0.19509032 0.98078528 0,0.19509032 0.98078528 0,
  0.55557023 0.83146961 0,0.55557023 0.83146961 0,
  0.55557023 0.83146961 0,0.55557023 0.83146961 0,
  0.55557023 0.83146961 0,0.55557023 0.83146961 0,
  0.83146961 0.55557023 0,0.83146961 0.55557023 0,
  0.83146961 0.55557023 0,0.83146961 0.55557023 0,
  0.83146961 0.55557023 0,0.83146961 0.55557023 0,
  0.98078528 0.19509032 0,0.98078528 0.19509032 0,
  0.98078528 0.19509032 0,0.98078528 0.19509032 0,
  0.98078528 0.19509032 0,0.98078528 0.19509032 0,
  0.98078528 -0.19509032 0,0.98078528 -0.19509032 0,
  0.98078528 -0.19509032 0,0.98078528 -0.19509032 0,
  0.98078528 -0.19509032 0,0.98078528 -0.19509032 0,
  0.83146961 -0.55557023 0,0.83146961 -0.55557023 0,
  0.83146961 -0.55557023 0,0.83146961 -0.55557023 0,
  0.83146961 -0.55557023 0,0.83146961 -0.55557023 0,
  0.55557023 -0.83146961 0,0.55557023 -0.83146961 0,
  0.55557023 -0.83146961 0,0.55557023 -0.83146961 0,
  0.55557023 -0.83146961 0,0.55557023 -0.83146961 0,
  0.19509032 -0.98078528 0,0.19509032 -0.98078528 0,
  0.19509032 -0.98078528 0,0.19509032 -0.98078528 0,
  0.19509032 -0.98078528 0,0.19509032 -0.98078528 0,
  -0.19509032 -0.98078528 0,-0.19509032 -0.98078528 0,
  -0.19509032 -0.98078528 0,-0.19509032 -0.98078528 0,
  -0.19509032 -0.98078528 0,-0.19509032 -0.98078528 0,
  -0.55557023 -0.83146961 0,-0.55557023 -0.83146961 0,
  -0.55557023 -0.83146961 0,-0.55557023 -0.83146961 0,
  -0.55557023 -0.83146961 0,-0.55557023 -0.83146961 0,
  -0.83146961 -0.55557023 0,-0.83146961 -0.55557023 0,
  -0.83146961 -0.55557023 0,-0.83146961 -0.55557023 0,
  -0.83146961 -0.55557023 0,-0.83146961 -0.55557023 0,
  -0.98078528 -0.19509032 0,-0.98078528 -0.19509032 0,
  -0.98078528 -0.19509032 0,-0.98078528 -0.19509032 0,
  -0.98078528 -0.19509032 0,-0.98078528 -0.19509032 0,
  -0.98078528 0.19509032 0,-0.98078528 0.19509032 0,
  -0.98078528 0.19509032 0,-0.98078528 0.19509032 0,
  -0.98078528 0.19509032 0,-0.98078528 0.19509032 0,
  -0.83146961 0.55557023 0,-0.83146961 0.55557023 0,
  -0.83146961 0.55557023 0,-0.83146961 0.55557023 0,
  -0.83146961 0.55557023 0,-0.83146961 0.55557023 0,
  -0.55557023 0.83146961 0,-0.55557023 0.83146961 0,
  -0.55557023 0.83146961 0,-0.55557023 0.83146961 0,
  -0.55557023 0.83146961 0,-0.55557023 0.83146961 0,
  -0.19509032 0.98078528 0,-0.19509032 0.98078528 0,
  -0.19509032 0.98078528 0,-0.19509032 0.98078528 0,
  -0.19509032 0.98078528 0,-0.19509032 0.98078528 0,
  0.19509032 0.98078528 0,0.19509032 0.98078528 0,
  0.19509032 0.98078528 0,0.19509032 0.98078528 0,
  0.19509032 0.98078528 0,0.19509032 0.98078528 0,
  0.55557023 0.83146961 0,0.55557023 0.83146961 0,
  0.55557023 0.83146961 0,0.55557023 0.83146961 0,
  0.55557023 0.83146961 0,0.55557023 0.83146961 0,
  0.83146961 0.55557023 0,0.83146961 0.55557023 0,
  0.83146961 0.55557023 0,0.83146961 0.55557023 0,
  0.83146961 0.55557023 0,0.83146961 0.55557023 0,
  0.98078528 0.19509032 0,0.98078528 0.19509032 0,
  0.98078528 0.19509032 0,0.98078528 0.19509032 0,
  0.98078528 0.19509032 0,0.98078528 0.19509032 0,
  -0.55557023 -0.83146961 0,-0.55557023 -0.83146961 0,
  -0.55557023 -0.83146961 0,-0.55557023 -0.83146961 0,
  -0.55557023 -0.83146961 0,-0.55557023 -0.83146961 0,
  -0.83146961 -0.55557023 0,-0.83146961 -0.55557023 0,
  -0.83146961 -0.55557023 0,-0.83146961 -0.55557023 0,
  -0.83146961 -0.55557023 0,-0.83146961 -0.55557023 0,
  -0.98078528 -0.19509032 0,-0.98078528 -0.19509032 0,
  -0.98078528 -0.19509032 0,-0.98078528 -0.19509032 0,
  -0.98078528 -0.19509032 0,-0.98078528 -0.19509032 0,
  -0.98078528 0.19509032 0,-0.98078528 0.19509032 0,
  -0.98078528 0.19509032 0,-0.98078528 0.19509032 0,
  -0.98078528 0.19509032 0,-0.98078528 0.19509032 0,
  -0.83146961 0.55557023 0,-0.83146961 0.55557023 0,
  -0.83146961 0.55557023 0,-0.83146961 0.55557023 0,
  -0.83146961 0.55557023 0,-0.83146961 0.55557023 0,
  -0.55557023 0.83146961 0,-0.55557023 0.83146961 0,
  -0.55557023 0.83146961 0,-0.55557023 0.83146961 0,
  -0.55557023 0.83146961 0,-0.55557023 0.83146961 0,
  -0.19509032 0.98078528 0,-0.19509032 0.98078528 0,
  -0.19509032 0.98078528 0,-0.19509032 0.98078528 0,
  -0.19509032 0.98078528 0,-0.19509032 0.98078528 0,
  0.19509032 0.98078528 0,0.19509032 0.98078528 0,
  0.19509032 0.98078528 0,0.19509032 0.98078528 0,
  0.19509032 0.98078528 0,0.19509032 0.98078528 0,
  0.55557023 0.83146961 0,0.55557023 0.83146961 0,
  0.55557023 0.83146961 0,0.55557023 0.83146961 0,
  0.55557023 0.83146961 0,0.55557023 0.83146961 0,
  0.83146961 0.55557023 0,0.83146961 0.55557023 0,
  0.83146961 0.55557023 0,0.83146961 0.55557023 0,
  0.83146961 0.55557023 0,0.83146961 0.55557023 0,
  0.98078528 0.19509032 0,0.98078528 0.19509032 0,
  0.98078528 0.19509032 0,0.98078528 0.19509032 0,
  0.98078528 0.19509032 0,0.98078528 0.19509032 0,
  0.98078528 -0.19509032 0,0.98078528 -0.19509032 0,
  0.98078528 -0.19509032 0,0.98078528 -0.19509032 0,
  0.98078528 -0.19509032 0,0.98078528 -0.19509032 0,
  0.83146961 -0.55557023 0,0.83146961 -0.55557023 0,
  0.83146961 -0.55557023 0,0.83146961 -0.55557023 0,
  0.83146961 -0.55557023 0,0.83146961 -0.55557023 0,
  0.55557023 -0.83146961 0,0.55557023 -0.83146961 0,
  0.55557023 -0.83146961 0,0.55557023 -0.83146961 0,
  0.55557023 -0.83146961 0,0.55557023 -0.83146961 0,
  0.19509032 -0.98078528 0,0.19509032 -0.98078528 0,
  0.19509032 -0.98078528 0,0.19509032 -0.98078528 0,
  0.19509032 -0.98078528 0,0.19509032 -0.98078528 0,
  -0.19509032 -0.98078528 0,-0.19509032 -0.98078528 0,
  -0.19509032 -0.98078528 0,-0.19509032 -0.98078528 0,
  -0.19509032 -0.98078528 0,-0.19509032 -0.98078528 0,
  -0.98078528 0.19509032 0,-0.98078528 0.19509032 0,
  -0.98078528 0.19509032 0,-0.98078528 0.19509032 0,
  -0.98078528 0.19509032 0,-0.98078528 0.19509032 0,
  -0.83146961 0.55557023 0,-0.83146961 0.55557023 0,
  -0.83146961 0.55557023 0,-0.83146961 0.55557023 0,
  -0.83146961 0.55557023 0,-0.83146961 0.55557023 0,
  -0.55557023 0.83146961 0,-0.55557023 0.83146961 0,
  -0.55557023 0.83146961 0,-0.55557023 0.83146961 0,
  -0.55557023 0.83146961 0,-0.55557023 0.83146961 0,
  -0.19509032 0.98078528 0,-0.19509032 0.98078528 0,
  -0.19509032 0.98078528 0,-0.19509032 0.98078528 0,
  -0.19509032 0.98078528 0,-0.19509032 0.98078528 0,
  0.19509032 0.98078528 0,0.19509032 0.98078528 0,
  0.19509032 0.98078528 0,0.19509032 0.98078528 0,
  0.19509032 0.98078528 0,0.19509032 0.98078528 0,
  0.55557023 0.83146961 0,0.55557023 0.83146961 0,
  0.55557023 0.83146961 0,0.55557023 0.83146961 0,
  0.55557023 0.83146961 0,0.55557023 0.83146961 0,
  0.83146961 0.55557023 0,0.83146961 0.55557023 0,
  0.83146961 0.55557023 0,0.83146961 0.55557023 0,
  0.83146961 0.55557023 0,0.83146961 0.55557023 0,
  0.98078528 0.19509032 0,0.98078528 0.19509032 0,
  0.98078528 0.19509032 0,0.98078528 0.19509032 0,
  0.98078528 0.19509032 0,0.98078528 0.19509032 0,
  0.98078528 -0.19509032 0,0.98078528 -0.19509032 0,
  0.98078528 -0.19509032 0,0.98078528 -0.19509032 0,
  0.98078528 -0.19509032 0,0.98078528 -0.19509032 0,
  0.83146961 -0.55557023 0,0.83146961 -0.55557023 0,
  0.83146961 -0.55557023 0,0.83146961 -0.55557023 0,
  0.83146961 -0.55557023 0,0.83146961 -0.55557023 0,
  0.55557023 -0.83146961 0,0.55557023 -0.83146961 0,
  0.55557023 -0.83146961 0,0.55557023 -0.83146961 0,
  0.55557023 -0.83146961 0,0.55557023 -0.83146961 0,
  0.19509032 -0.98078528 0,0.19509032 -0.98078528 0,
  0.19509032 -0.98078528 0,0.19509032 -0.98078528 0,
  0.19509032 -0.98078528 0,0.19509032 -0.98078528 0,
  -0.19509032 -0.98078528 0,-0.19509032 -0.98078528 0,
  -0.19509032 -0.98078528 0,-0.19509032 -0.98078528 0,
  -0.19509032 -0.98078528 0,-0.19509032 -0.98078528 0,
  -0.55557023 -0.83146961 0,-0.55557023 -0.83146961 0,
  -0.55557023 -0.83146961 0,-0.55557023 -0.83146961 0,
  -0.55557023 -0.83146961 0,-0.55557023 -0.83146961 0,
  -0.83146961 -0.55557023 0,-0.83146961 -0.55557023 0,
  -0.83146961 -0.55557023 0,-0.83146961 -0.55557023 0,
  -0.83146961 -0.55557023 0,-0.83146961 -0.55557023 0,
  -0.98078528 -0.19509032 0,-0.98078528 -0.19509032 0,
  -0.98078528 -0.19509032 0,-0.98078528 -0.19509032 0,
  -0.98078528 -0.19509032 0,-0.98078528 -0.19509032 0,
  0.98078528 -0.19509032 0,0.98078528 -0.19509032 0,
  0.98078528 -0.19509032 0,0.98078528 -0.19509032 0,
  0.98078528 -0.19509032 0,0.98078528 -0.19509032 0,
  0.83146961 -0.55557023 0,0.83146961 -0.55557023 0,
  0.83146961 -0.55557023 0,0.83146961 -0.55557023 0,
  0.83146961 -0.55557023 0,0.83146961 -0.55557023 0,
  0.55557023 -0.83146961 0,0.55557023 -0.83146961 0,
  0.55557023 -0.83146961 0,0.55557023 -0.83146961 0,
  0.55557023 -0.83146961 0,0.55557023 -0.83146961 0,
  0.19509032 -0.98078528 0,0.19509032 -0.98078528 0,
  0.19509032 -0.98078528 0,0.19509032 -0.98078528 0,
  0.19509032 -0.98078528 0,0.19509032 -0.98078528 0,
  -0.19509032 -0.98078528 0,-0.19509032 -0.98078528 0,
  -0.19509032 -0.98078528 0,-0.19509032 -0.98078528 0,
  -0.19509032 -0.98078528 0,-0.19509032 -0.98078528 0,
  -0.55557023 -0.83146961 0,-0.55557023 -0.83146961 0,
  -0.55557023 -0.83146961 0,-0.55557023 -0.83146961 0,
  -0.55557023 -0.83146961 0,-0.55557023 -0.83146961 0,
  -0.83146961 -0.55557023 0,-0.83146961 -0.55557023 0,
  -0.83146961 -0.55557023 0,-0.83146961 -0.55557023 0,
  -0.83146961 -0.55557023 0,-0.83146961 -0.55557023 0,
  -0.98078528 -0.19509032 0,-0.98078528 -0.19509032 0,
  -0.98078528 -0.19509032 0,-0.98078528 -0.19509032 0,
  -0.98078528 -0.19509032 0,-0.98078528 -0.19509032 0,
  -0.98078528 0.19509032 0,-0.98078528 0.19509032 0,
  -0.98078528 0.19509032 0,-0.98078528 0.19509032 0,
  -0.98078528 0.19509032 0,-0.98078528 0.19509032 0,
  -0.83146961 0.55557023 0,-0.83146961 0.55557023 0,
  -0.83146961 0.55557023 0,-0.83146961 0.55557023 0,
  -0.83146961 0.55557023 0,-0.83146961 0.55557023 0,
  -0.55557023 0.83146961 0,-0.55557023 0.83146961 0,
  -0.55557023 0.83146961 0,-0.55557023 0.83146961 0,
  -0.55557023 0.83146961 0,-0.55557023 0.83146961 0,
  -0.19509032 0.98078528 0,-0.19509032 0.98078528 0,
  -0.19509032 0.98078528 0,-0.19509032 0.98078528 0,
  -0.19509032 0.98078528 0,-0.19509032 0.98078528 0,
  0.19509032 0.98078528 0,0.19509032 0.98078528 0,
  0.19509032 0.98078528 0,0.19509032 0.98078528 0,
  0.19509032 0.98078528 0,0.19509032 0.98078528 0,
  0.55557023 0.83146961 0,0.55557023 0.83146961 0,
  0.55557023 0.83146961 0,0.55557023 0.83146961 0,
  0.55557023 0.83146961 0,0.55557023 0.83146961 0,
  0.83146961 0.55557023 0,0.83146961 0.55557023 0,
  0.83146961 0.55557023 0,0.83146961 0.55557023 0,
  0.83146961 0.55557023 0,0.83146961 0.55557023 0,
  0.98078528 0.19509032 0,0.98078528 0.19509032 0,
  0.98078528 0.19509032 0,0.98078528 0.19509032 0,
  0.98078528 0.19509032 0,0.98078528 0.19509032 0,
  0.98078528 -0.19509032 0,0.98078528 -0.19509032 0,
  0.98078528 -0.19509032 0,0.98078528 -0.19509032 0,
  0.98078528 -0.19509032 0,0.98078528 -0.19509032 0,
  0.83146961 -0.55557023 0,0.83146961 -0.55557023 0,
  0.83146961 -0.55557023 0,0.83146961 -0.55557023 0,
  0.83146961 -0.55557023 0,0.83146961 -0.55557023 0,
  0.55557023 -0.83146961 0,0.55557023 -0.83146961 0,
  0.55557023 -0.83146961 0,0.55557023 -0.83146961 0,
  0.55557023 -0.83146961 0,0.55557023 -0.83146961 0,
  0.19509032 -0.98078528 0,0.19509032 -0.98078528 0,
  0.19509032 -0.98078528 0,0.19509032 -0.98078528 0,
  0.19509032 -0.98078528 0,0.19509032 -0.98078528 0,
  -0.19509032 -0.98078528 0,-0.19509032 -0.98078528 0,
  -0.19509032 -0.98078528 0,-0.19509032 -0.98078528 0,
  -0.19509032 -0.98078528 0,-0.19509032 -0.98078528 0,
  -0.55557023 -0.83146961 0,-0.55557023 -0.83146961 0,
  -0.55557023 -0.83146961 0,-0.55557023 -0.83146961 0,
  -0.55557023 -0.83146961 0,-0.55557023 -0.83146961 0,
  -0.83146961 -0.55557023 0,-0.83146961 -0.55557023 0,
  -0.83146961 -0.55557023 0,-0.83146961 -0.55557023 0,
  -0.83146961 -0.55557023 0,-0.83146961 -0.55557023 0,
  -0.98078528 -0.19509032 0,-0.98078528 -0.19509032 0,
  -0.98078528 -0.19509032 0,-0.98078528 -0.19509032 0,
  -0.98078528 -0.19509032 0,-0.98078528 -0.19509032 0,
  -0.98078528 0.19509032 0,-0.98078528 0.19509032 0,
  -0.98078528 0.19509032 0,-0.98078528 0.19509032 0,
  -0.98078528 0.19509032 0,-0.98078528 0.19509032 0,
  -0.83146961 0.55557023 0,-0.83146961 0.55557023 0,
  -0.83146961 0.55557023 0,-0.83146961 0.55557023 0,
  -0.83146961 0.55557023 0,-0.83146961 0.55557023 0,
  -0.55557023 0.83146961 0,-0.55557023 0.83146961 0,
  -0.55557023 0.83146961 0,-0.55557023 0.83146961 0,
  -0.55557023 0.83146961 0,-0.55557023 0.83146961 0,
  -0.19509032 0.98078528 0,-0.19509032 0.98078528 0,
  -0.19509032 0.98078528 0,-0.19509032 0.98078528 0,
  -0.19509032 0.98078528 0,-0.19509032 0.98078528 0,
  0.19509032 0.98078528 0,0.19509032 0.98078528 0,
  0.19509032 0.98078528 0,0.19509032 0.98078528 0,
  0.19509032 0.98078528 0,0.19509032 0.98078528 0,
  0.55557023 0.83146961 0,0.55557023 0.83146961 0,
  0.55557023 0.83146961 0,0.55557023 0.83146961 0,
  0.55557023 0.83146961 0,0.55557023 0.83146961 0,
  0.83146961 0.55557023 0,0.83146961 0.55557023 0,
  0.83146961 0.55557023 0,0.83146961 0.55557023 0,
  0.83146961 0.55557023 0,0.83146961 0.55557023 0,
  0.98078528 0.19509032 0,0.98078528 0.19509032 0,
  0.98078528 0.19509032 0,0.98078528 0.19509032 0,
  0.98078528 0.19509032 0,0.98078528 0.19509032 0,
  0.98078528 -0.19509032 0,0.98078528 -0.19509032 0,
  0.98078528 -0.19509032 0,0.98078528 -0.19509032 0,
  0.98078528 -0.19509032 0,0.98078528 -0.19509032 0,
  0.83146961 -0.55557023 0,0.83146961 -0.55557023 0,
  0.83146961 -0.55557023 0,0.83146961 -0.55557023 0,
  0.83146961 -0.55557023 0,0.83146961 -0.55557023 0,
  0.55557023 -0.83146961 0,0.55557023 -0.83146961 0,
  0.55557023 -0.83146961 0,0.55557023 -0.83146961 0,
  0.55557023 -0.83146961 0,0.55557023 -0.83146961 0,
  0.19509032 -0.98078528 0,0.19509032 -0.98078528 0,
  0.19509032 -0.98078528 0,0.19509032 -0.98078528 0,
  0.19509032 -0.98078528 0,0.19509032 -0.98078528 0,
  -0.19509032 -0.98078528 0,-0.19509032 -0.98078528 0,
  -0.19509032 -0.98078528 0,-0.19509032 -0.98078528 0,
  -0.19509032 -0.98078528 0,-0.19509032 -0.98078528 0,
  -0.55557023 -0.83146961 0,-0.55557023 -0.83146961 0,
  -0.55557023 -0.83146961 0,-0.55557023 -0.83146961 0,
  -0.55557023 -0.83146961 0,-0.55557023 -0.83146961 0,
  -0.83146961 -0.55557023 0,-0.83146961 -0.55557023 0,
  -0.83146961 -0.55557023 0,-0.83146961 -0.55557023 0,
  -0.83146961 -0.55557023 0,-0.83146961 -0.55557023 0,
  -0.98078528 -0.19509032 0,-0.98078528 -0.19509032 0,
  -0.98078528 -0.19509032 0,-0.98078528 -0.19509032 0,
  -0.98078528 -0.19509032 0,-0.98078528 -0.19509032 0,
  -0.98078528 0.19509032 0,-0.98078528 0.19509032 0,
  -0.98078528 0.19509032 0,-0.98078528 0.19509032 0,
  -0.98078528 0.19509032 0,-0.98078528 0.19509032 0,
  -0.83146961 0.55557023 0,-0.83146961 0.55557023 0,
  -0.83146961 0.55557023 0,-0.83146961 0.55557023 0,
  -0.83146961 0.55557023 0,-0.83146961 0.55557023 0,
  -0.55557023 0.83146961 0,-0.55557023 0.83146961 0,
  -0.55557023 0.83146961 0,-0.55557023 0.83146961 0,
  -0.55557023 0.83146961 0,-0.55557023 0.83146961 0,
  -0.19509032 0.98078528 0,-0.19509032 0.98078528 0,
  -0.19509032 0.98078528 0,-0.19509032 0.98078528 0,
  -0.19509032 0.98078528 0,-0.19509032 0.98078528 0,
  0.19509032 0.98078528 0,0.19509032 0.98078528 0,
  0.19509032 0.98078528 0,0.19509032 0.98078528 0,
  0.19509032 0.98078528 0,0.19509032 0.98078528 0,
  0.55557023 0.83146961 0,0.55557023 0.83146961 0,
  0.55557023 0.83146961 0,0.55557023 0.83146961 0,
  0.55557023 0.83146961 0,0.55557023 0.83146961 0,
  0.83146961 0.55557023 0,0.83146961 0.55557023 0,
  0.83146961 0.55557023 0,0.83146961 0.55557023 0,
  0.83146961 0.55557023 0,0.83146961 0.55557023 0,
  0.98078528 0.19509032 0,0.98078528 0.19509032 0,
  0.98078528 0.19509032 0,0.98078528 0.19509032 0,
  0.98078528 0.19509032 0,0.98078528 0.19509032 0,
  0.98078528 -0.19509032 0,0.98078528 -0.19509032 0,
  0.98078528 -0.19509032 0,0.98078528 -0.19509032 0,
  0.98078528 -0.19509032 0,0.98078528 -0.19509032 0,
  0.83146961 -0.55557023 0,0.83146961 -0.55557023 0,
  0.83146961 -0.55557023 0,0.83146961 -0.55557023 0,
  0.83146961 -0.55557023 0,0.83146961 -0.55557023 0,
  0.55557023 -0.83146961 0,0.55557023 -0.83146961 0,
  0.55557023 -0.83146961 0,0.55557023 -0.83146961 0,
  0.55557023 -0.83146961 0,0.55557023 -0.83146961 0,
  0.19509032 -0.98078528 0,0.19509032 -0.98078528 0,
  0.19509032 -0.98078528 0,0.19509032 -0.98078528 0,
  0.19509032 -0.98078528 0,0.19509032 -0.98078528 0,
  -0.19509032 -0.98078528 0,-0.19509032 -0.98078528 0,
  -0.19509032 -0.98078528 0,-0.19509032 -0.98078528 0,
  -0.19509032 -0.98078528 0,-0.19509032 -0.98078528 0,
  -0.55557023 -0.83146961 0,-0.55557023 -0.83146961 0,
  -0.55557023 -0.83146961 0,-0.55557023 -0.83146961 0,
  -0.55557023 -0.83146961 0,-0.55557023 -0.83146961 0,
  -0.83146961 -0.55557023 0,-0.83146961 -0.55557023 0,
  -0.83146961 -0.55557023 0,-0.83146961 -0.55557023 0,
  -0.83146961 -0.55557023 0,-0.83146961 -0.55557023 0,
  -0.98078528 -0.19509032 0,-0.98078528 -0.19509032 0,
  -0.98078528 -0.19509032 0,-0.98078528 -0.19509032 0,
  -0.98078528 -0.19509032 0,-0.98078528 -0.19509032 0,
  -0.98078528 0.19509032 0,-0.98078528 0.19509032 0,
  -0.98078528 0.19509032 0,-0.98078528 0.19509032 0,
  -0.98078528 0.19509032 0,-0.98078528 0.19509032 0,
  -0.83146961 0.55557023 0,-0.83146961 0.55557023 0,
  -0.83146961 0.55557023 0,-0.83146961 0.55557023 0,
  -0.83146961 0.55557023 0,-0.83146961 0.55557023 0,
  -0.55557023 0.83146961 0,-0.55557023 0.83146961 0,
  -0.55557023 0.83146961 0,-0.55557023 0.83146961 0,
  -0.55557023 0.83146961 0,-0.55557023 0.83146961 0,
  -0.19509032 0.98078528 0,-0.19509032 0.98078528 0,
  -0.19509032 0.98078528 0,-0.19509032 0.98078528 0,
  -0.19509032 0.98078528 0,-0.19509032 0.98078528 0,
  0.19509032 0.98078528 0,0.19509032 0.98078528 0,
  0.19509032 0.98078528 0,0.19509032 0.98078528 0,
  0.19509032 0.98078528 0,0.19509032 0.98078528 0,
  0.55557023 0.83146961 0,0.55557023 0.83146961 0,
  0.55557023 0.83146961 0,0.55557023 0.83146961 0,
  0.55557023 0.83146961 0,0.55557023 0.83146961 0,
  0.83146961 0.55557023 0,0.83146961 0.55557023 0,
  0.83146961 0.55557023 0,0.83146961 0.55557023 0,
  0.83146961 0.55557023 0,0.83146961 0.55557023 0,
  0.98078528 0.19509032 0,0.98078528 0.19509032 0,
  0.98078528 0.19509032 0,0.98078528 0.19509032 0,
  0.98078528 0.19509032 0,0.98078528 0.19509032 0,
  0.98078528 -0.19509032 0,0.98078528 -0.19509032 0,
  0.98078528 -0.19509032 0,0.98078528 -0.19509032 0,
  0.98078528 -0.19509032 0,0.98078528 -0.19509032 0,
  0.83146961 -0.55557023 0,0.83146961 -0.55557023 0,
  0.83146961 -0.55557023 0,0.83146961 -0.55557023 0,
  0.83146961 -0.55557023 0,0.83146961 -0.55557023 0,
  0.55557023 -0.83146961 0,0.55557023 -0.83146961 0,
  0.55557023 -0.83146961 0,0.55557023 -0.83146961 0,
  0.55557023 -0.83146961 0,0.55557023 -0.83146961 0,
  0.19509032 -0.98078528 0,0.19509032 -0.98078528 0,
  0.19509032 -0.98078528 0,0.19509032 -0.98078528 0,
  0.19509032 -0.98078528 0,0.19509032 -0.98078528 0,
  -0.19509032 -0.98078528 0,-0.19509032 -0.98078528 0,
  -0.19509032 -0.98078528 0,-0.19509032 -0.98078528 0,
  -0.19509032 -0.98078528 0,-0.19509032 -0.98078528 0,
  -0.55557023 -0.83146961 0,-0.55557023 -0.83146961 0,
  -0.55557023 -0.83146961 0,-0.55557023 -0.83146961 0,
  -0.55557023 -0.83146961 0,-0.55557023 -0.83146961 0,
  -0.83146961 -0.55557023 0,-0.83146961 -0.55557023 0,
  -0.83146961 -0.55557023 0,-0.83146961 -0.55557023 0,
  -0.83146961 -0.55557023 0,-0.83146961 -0.55557023 0,
  -0.98078528 -0.19509032 0,-0.98078528 -0.19509032 0,
  -0.98078528 -0.19509032 0,-0.98078528 -0.19509032 0,
  -0.98078528 -0.19509032 0,-0.98078528 -0.19509032 0,
  -0.98078528 0.19509032 0,-0.98078528 0.19509032 0,
  -0.98078528 0.19509032 0,-0.98078528 0.19509032 0,
  -0.98078528 0.19509032 0,-0.98078528 0.19509032 0,
  -0.83146961 0.55557023 0,-0.83146961 0.55557023 0,
  -0.83146961 0.55557023 0,-0.83146961 0.55557023 0,
  -0.83146961 0.55557023 0,-0.83146961 0.55557023 0,
  -0.55557023 0.83146961 0,-0.55557023 0.83146961 0,
  -0.55557023 0.83146961 0,-0.55557023 0.83146961 0,
  -0.55557023 0.83146961 0,-0.55557023 0.83146961 0,
  -0.19509032 0.98078528 0,-0.19509032 0.98078528 0,
  -0.19509032 0.98078528 0,-0.19509032 0.98078528 0,
  -0.19509032 0.98078528 0,-0.19509032 0.98078528 0,
  0.19509032 0.98078528 0,0.19509032 0.98078528 0,
  0.19509032 0.98078528 0,0.19509032 0.98078528 0,
  0.19509032 0.98078528 0,0.19509032 0.98078528 0,
  0.55557023 0.83146961 0,0.55557023 0.83146961 0,
  0.55557023 0.83146961 0,0.55557023 0.83146961 0,
  0.55557023 0.83146961 0,0.55557023 0.83146961 0,
  0.83146961 0.55557023 0,0.83146961 0.55557023 0,
  0.83146961 0.55557023 0,0.83146961 0.55557023 0,
  0.83146961 0.55557023 0,0.83146961 0.55557023 0,
  0.98078528 0.19509032 0,0.98078528 0.19509032 0,
  0.98078528 0.19509032 0,0.98078528 0.19509032 0,
  0.98078528 0.19509032 0,0.98078528 0.19509032 0,
  -0.98078528 0.19509032 0,-0.98078528 0.19509032 0,
  -0.98078528 0.19509032 0,-0.98078528 0.19509032 0,
  -0.98078528 0.19509032 0,-0.98078528 0.19509032 0,
  -0.83146961 0.55557023 0,-0.83146961 0.55557023 0,
  -0.83146961 0.55557023 0,-0.83146961 0.55557023 0,
  -0.83146961 0.55557023 0,-0.83146961 0.55557023 0,
  -0.55557023 0.83146961 0,-0.55557023 0.83146961 0,
  -0.55557023 0.83146961 0,-0.55557023 0.83146961 0,
  -0.55557023 0.83146961 0,-0.55557023 0.83146961 0,
  -0.19509032 0.98078528 0,-0.19509032 0.98078528 0,
  -0.19509032 0.98078528 0,-0.19509032 0.98078528 0,
  -0.19509032 0.98078528 0,-0.19509032 0.98078528 0,
  0.19509032 0.98078528 0,0.19509032 0.98078528 0,
  0.19509032 0.98078528 0,0.19509032 0.98078528 0,
  0.19509032 0.98078528 0,0.19509032 0.98078528 0,
  0.55557023 0.83146961 0,0.55557023 0.83146961 0,
  0.55557023 0.83146961 0,0.55557023 0.83146961 0,
  0.55557023 0.83146961 0,0.55557023 0.83146961 0,
  0.83146961 0.55557023 0,0.83146961 0.55557023 0,
  0.83146961 0.55557023 0,0.83146961 0.55557023 0,
  0.83146961 0.55557023 0,0.83146961 0.55557023 0,
  0.98078528 0.19509032 0,0.98078528 0.19509032 0,
  0.98078528 0.19509032 0,0.98078528 0.19509032 0,
  0.98078528 0.19509032 0,0.98078528 0.19509032 0,
  0.98078528 -0.19509032 0,0.98078528 -0.19509032 0,
  0.98078528 -0.19509032 0,0.98078528 -0.19509032 0,
  0.98078528 -0.19509032 0,0.98078528 -0.19509032 0,
  0.83146961 -0.55557023 0,0.83146961 -0.55557023 0,
  0.83146961 -0.55557023 0,0.83146961 -0.55557023 0,
  0.83146961 -0.55557023 0,0.83146961 -0.55557023 0,
  0.55557023 -0.83146961 0,0.55557023 -0.83146961 0,
  0.55557023 -0.83146961 0,0.55557023 -0.83146961 0,
  0.55557023 -0.83146961 0,0.55557023 -0.83146961 0,
  0.19509032 -0.98078528 0,0.19509032 -0.98078528 0,
  0.19509032 -0.98078528 0,0.19509032 -0.98078528 0,
  0.19509032 -0.98078528 0,0.19509032 -0.98078528 0,
  -0.19509032 -0.98078528 0,-0.19509032 -0.98078528 0,
  -0.19509032 -0.98078528 0,-0.19509032 -0.98078528 0,
  -0.19509032 -0.98078528 0,-0.19509032 -0.98078528 0,
  -0.55557023 -0.83146961 0,-0.55557023 -0.83146961 0,
  -0.55557023 -0.83146961 0,-0.55557023 -0.83146961 0,
  -0.55557023 -0.83146961 0,-0.55557023 -0.83146961 0,
  -0.83146961 -0.55557023 0,-0.83146961 -0.55557023 0,
  -0.83146961 -0.55557023 0,-0.83146961 -0.55557023 0,
  -0.83146961 -0.55557023 0,-0.83146961 -0.55557023 0,
  -0.98078528 -0.19509032 0,-0.98078528 -0.19509032 0,
  -0.98078528 -0.19509032 0,-0.98078528 -0.19509032 0,
  -0.98078528 -0.19509032 0,-0.98078528 -0.19509032 0,
  0.98078528 -0.19509032 0,0.98078528 -0.19509032 0,
  0.98078528 -0.19509032 0,0.98078528 -0.19509032 0,
  0.98078528 -0.19509032 0,0.98078528 -0.19509032 0,
  0.83146961 -0.55557023 0,0.83146961 -0.55557023 0,
  0.83146961 -0.55557023 0,0.83146961 -0.55557023 0,
  0.83146961 -0.55557023 0,0.83146961 -0.55557023 0,
  0.55557023 -0.83146961 0,0.55557023 -0.83146961 0,
  0.55557023 -0.83146961 0,0.55557023 -0.83146961 0,
  0.55557023 -0.83146961 0,0.55557023 -0.83146961 0,
  0.19509032 -0.98078528 0,0.19509032 -0.98078528 0,
  0.19509032 -0.98078528 0,0.19509032 -0.98078528 0,
  0.19509032 -0.98078528 0,0.19509032 -0.98078528 0,
  -0.19509032 -0.98078528 0,-0.19509032 -0.98078528 0,
  -0.19509032 -0.98078528 0,-0.19509032 -0.98078528 0,
  -0.19509032 -0.98078528 0,-0.19509032 -0.98078528 0,
  -0.55557023 -0.83146961 0,-0.55557023 -0.83146961 0,
  -0.55557023 -0.83146961 0,-0.55557023 -0.83146961 0,
  -0.55557023 -0.83146961 0,-0.55557023 -0.83146961 0,
  -0.83146961 -0.55557023 0,-0.83146961 -0.55557023 0,
  -0.83146961 -0.55557023 0,-0.83146961 -0.55557023 0,
  -0.83146961 -0.55557023 0,-0.83146961 -0.55557023 0,
  -0.98078528 -0.19509032 0,-0.98078528 -0.19509032 0,
  -0.98078528 -0.19509032 0,-0.98078528 -0.19509032 0,
  -0.98078528 -0.19509032 0,-0.98078528 -0.19509032 0,
  -0.98078528 0.19509032 0,-0.98078528 0.19509032 0,
  -0.98078528 0.19509032 0,-0.98078528 0.19509032 0,
  -0.98078528 0.19509032 0,-0.98078528 0.19509032 0,
  -0.83146961 0.55557023 0,-0.83146961 0.55557023 0,
  -0.83146961 0.55557023 0,-0.83146961 0.55557023 0,
  -0.83146961 0.55557023 0,-0.83146961 0.55557023 0,
  -0.55557023 0.83146961 0,-0.55557023 0.83146961 0,
  -0.55557023 0.83146961 0,-0.55557023 0.83146961 0,
  -0.55557023 0.83146961 0,-0.55557023 0.83146961 0,
  -0.19509032 0.98078528 0,-0.19509032 0.98078528 0,
  -0.19509032 0.98078528 0,-0.19509032 0.98078528 0,
  -0.19509032 0.98078528 0,-0.19509032 0.98078528 0,
  0.19509032 0.98078528 0,0.19509032 0.98078528 0,
  0.19509032 0.98078528 0,0.19509032 0.98078528 0,
  0.19509032 0.98078528 0,0.19509032 0.98078528 0,
  0.55557023 0.83146961 0,0.55557023 0.83146961 0,
  0.55557023 0.83146961 0,0.55557023 0.83146961 0,
  0.55557023 0.83146961 0,0.55557023 0.83146961 0,
  0.83146961 0.55557023 0,0.83146961 0.55557023 0,
  0.83146961 0.55557023 0,0.83146961 0.55557023 0,
  0.83146961 0.55557023 0,0.83146961 0.55557023 0,
  0.98078528 0.19509032 0,0.98078528 0.19509032 0,
  0.98078528 0.19509032 0,0.98078528 0.19509032 0,
  0.98078528 0.19509032 0,0.98078528 0.19509032 0,
  -0.98078528 0.19509032 0,-0.98078528 0.19509032 0,
  -0.98078528 0.19509032 0,-0.98078528 0.19509032 0,
  -0.98078528 0.19509032 0,-0.98078528 0.19509032 0,
  -0.83146961 0.55557023 0,-0.83146961 0.55557023 0,
  -0.83146961 0.55557023 0,-0.83146961 0.55557023 0,
  -0.83146961 0.55557023 0,-0.83146961 0.55557023 0,
  -0.55557023 0.83146961 0,-0.55557023 0.83146961 0,
  -0.55557023 0.83146961 0,-0.55557023 0.83146961 0,
  -0.55557023 0.83146961 0,-0.55557023 0.83146961 0,
  -0.19509032 0.98078528 0,-0.19509032 0.98078528 0,
  -0.19509032 0.98078528 0,-0.19509032 0.98078528 0,
  -0.19509032 0.98078528 0,-0.19509032 0.98078528 0,
  0.19509032 0.98078528 0,0.19509032 0.98078528 0,
  0.19509032 0.98078528 0,0.19509032 0.98078528 0,
  0.19509032 0.98078528 0,0.19509032 0.98078528 0,
  0.55557023 0.83146961 0,0.55557023 0.83146961 0,
  0.55557023 0.83146961 0,0.55557023 0.83146961 0,
  0.55557023 0.83146961 0,0.55557023 0.83146961 0,
  0.83146961 0.55557023 0,0.83146961 0.55557023 0,
  0.83146961 0.55557023 0,0.83146961 0.55557023 0,
  0.83146961 0.55557023 0,0.83146961 0.55557023 0,
  0.98078528 0.19509032 0,0.98078528 0.19509032 0,
  0.98078528 0.19509032 0,0.98078528 0.19509032 0,
  0.98078528 0.19509032 0,0.98078528 0.19509032 0,
  0.98078528 -0.19509032 0,0.98078528 -0.19509032 0,
  0.98078528 -0.19509032 0,0.98078528 -0.19509032 0,
  0.98078528 -0.19509032 0,0.98078528 -0.19509032 0,
  0.83146961 -0.55557023 0,0.83146961 -0.55557023 0,
  0.83146961 -0.55557023 0,0.83146961 -0.55557023 0,
  0.83146961 -0.55557023 0,0.83146961 -0.55557023 0,
  0.55557023 -0.83146961 0,0.55557023 -0.83146961 0,
  0.55557023 -0.83146961 0,0.55557023 -0.83146961 0,
  0.55557023 -0.83146961 0,0.55557023 -0.83146961 0,
  0.19509032 -0.98078528 0,0.19509032 -0.98078528 0,
  0.19509032 -0.98078528 0,0.19509032 -0.98078528 0,
  0.19509032 -0.98078528 0,0.19509032 -0.98078528 0,
  -0.19509032 -0.98078528 0,-0.19509032 -0.98078528 0,
  -0.19509032 -0.98078528 0,-0.19509032 -0.98078528 0,
  -0.19509032 -0.98078528 0,-0.19509032 -0.98078528 0,
  -0.55557023 -0.83146961 0,-0.55557023 -0.83146961 0,
  -0.55557023 -0.83146961 0,-0.55557023 -0.83146961 0,
  -0.55557023 -0.83146961 0,-0.55557023 -0.83146961 0,
  -0.83146961 -0.55557023 0,-0.83146961 -0.55557023 0,
  -0.83146961 -0.55557023 0,-0.83146961 -0.55557023 0,
  -0.83146961 -0.55557023 0,-0.83146961 -0.55557023 0,
  -0.98078528 -0.19509032 0,-0.98078528 -0.19509032 0,
  -0.98078528 -0.19509032 0,-0.98078528 -0.19509032 0,
  -0.98078528 -0.19509032 0,-0.98078528 -0.19509032 0,
  -0.98078528 0.19509032 0,-0.98078528 0.19509032 0,
  -0.98078528 0.19509032 0,-0.98078528 0.19509032 0,
  -0.98078528 0.19509032 0,-0.98078528 0.19509032 0,
  -0.83146961 0.55557023 0,-0.83146961 0.55557023 0,
  -0.83146961 0.55557023 0,-0.83146961 0.55557023 0,
  -0.83146961 0.55557023 0,-0.83146961 0.55557023 0,
  -0.55557023 0.83146961 0,-0.55557023 0.83146961 0,
  -0.55557023 0.83146961 0,-0.55557023 0.83146961 0,
  -0.55557023 0.83146961 0,-0.55557023 0.83146961 0,
  -0.19509032 0.98078528 0,-0.19509032 0.98078528 0,
  -0.19509032 0.98078528 0,-0.19509032 0.98078528 0,
  -0.19509032 0.98078528 0,-0.19509032 0.98078528 0,
  0.19509032 0.98078528 0,0.19509032 0.98078528 0,
  0.19509032 0.98078528 0,0.19509032 0.98078528 0,
  0.19509032 0.98078528 0,0.19509032 0.98078528 0,
  0.55557023 0.83146961 0,0.55557023 0.83146961 0,
  0.55557023 0.83146961 0,0.55557023 0.83146961 0,
  0.55557023 0.83146961 0,0.55557023 0.83146961 0,
  0.83146961 0.55557023 0,0.83146961 0.55557023 0,
  0.83146961 0.55557023 0,0.83146961 0.55557023 0,
  0.83146961 0.55557023 0,0.83146961 0.55557023 0,
  0.98078528 0.19509032 0,0.98078528 0.19509032 0,
  0.98078528 0.19509032 0,0.98078528 0.19509032 0,
  0.98078528 0.19509032 0,0.98078528 0.19509032 0,
  0.98078528 -0.19509032 0,0.98078528 -0.19509032 0,
  0.98078528 -0.19509032 0,0.98078528 -0.19509032 0,
  0.98078528 -0.19509032 0,0.98078528 -0.19509032 0,
  0.83146961 -0.55557023 0,0.83146961 -0.55557023 0,
  0.83146961 -0.55557023 0,0.83146961 -0.55557023 0,
  0.83146961 -0.55557023 0,0.83146961 -0.55557023 0,
  0.55557023 -0.83146961 0,0.55557023 -0.83146961 0,
  0.55557023 -0.83146961 0,0.55557023 -0.83146961 0,
  0.55557023 -0.83146961 0,0.55557023 -0.83146961 0,
  0.19509032 -0.98078528 0,0.19509032 -0.98078528 0,
  0.19509032 -0.98078528 0,0.19509032 -0.98078528 0,
  0.19509032 -0.98078528 0,0.19509032 -0.98078528 0,
  -0.19509032 -0.98078528 0,-0.19509032 -0.98078528 0,
  -0.19509032 -0.98078528 0,-0.19509032 -0.98078528 0,
  -0.19509032 -0.98078528 0,-0.19509032 -0.98078528 0,
  -0.55557023 -0.83146961 0,-0.55557023 -0.83146961 0,
  -0.55557023 -0.83146961 0,-0.55557023 -0.83146961 0,
  -0.55557023 -0.83146961 0,-0.55557023 -0.83146961 0,
  -0.83146961 -0.55557023 0,-0.83146961 -0.55557023 0,
  -0.83146961 -0.55557023 0,-0.83146961 -0.55557023 0,
  -0.83146961 -0.55557023 0,-0.83146961 -0.55557023 0,
  -0.98078528 -0.19509032 0,-0.98078528 -0.19509032 0,
  -0.98078528 -0.19509032 0,-0.98078528 -0.19509032 0,
  -0.98078528 -0.19509032 0,-0.98078528 -0.19509032 0,
  -0.98078528 0.19509032 0,-0.98078528 0.19509032 0,
  -0.98078528 0.19509032 0,-0.98078528 0.19509032 0,
  -0.98078528 0.19509032 0,-0.98078528 0.19509032 0,
  -0.83146961 0.55557023 0,-0.83146961 0.55557023 0,
  -0.83146961 0.55557023 0,-0.83146961 0.55557023 0,
  -0.83146961 0.55557023 0,-0.83146961 0.55557023 0,
  -0.55557023 0.83146961 0,-0.55557023 0.83146961 0,
  -0.55557023 0.83146961 0,-0.55557023 0.83146961 0,
  -0.55557023 0.83146961 0,-0.55557023 0.83146961 0,
  -0.19509032 0.98078528 0,-0.19509032 0.98078528 0,
  -0.19509032 0.98078528 0,-0.19509032 0.98078528 0,
  -0.19509032 0.98078528 0,-0.19509032 0.98078528 0,
  0.19509032 0.98078528 0,0.19509032 0.98078528 0,
  0.19509032 0.98078528 0,0.19509032 0.98078528 0,
  0.19509032 0.98078528 0,0.19509032 0.98078528 0,
  0.55557023 0.83146961 0,0.55557023 0.83146961 0,
  0.55557023 0.83146961 0,0.55557023 0.83146961 0,
  0.55557023 0.83146961 0,0.55557023 0.83146961 0,
  0.83146961 0.55557023 0,0.83146961 0.55557023 0,
  0.83146961 0.55557023 0,0.83146961 0.55557023 0,
  0.83146961 0.55557023 0,0.83146961 0.55557023 0,
  0.98078528 0.19509032 0,0.98078528 0.19509032 0,
  0.98078528 0.19509032 0,0.98078528 0.19509032 0,
  0.98078528 0.19509032 0,0.98078528 0.19509032 0,
  0.98078528 -0.19509032 0,0.98078528 -0.19509032 0,
  0.98078528 -0.19509032 0,0.98078528 -0.19509032 0,
  0.98078528 -0.19509032 0,0.98078528 -0.19509032 0,
  0.83146961 -0.55557023 0,0.83146961 -0.55557023 0,
  0.83146961 -0.55557023 0,0.83146961 -0.55557023 0,
  0.83146961 -0.55557023 0,0.83146961 -0.55557023 0,
  0.55557023 -0.83146961 0,0.55557023 -0.83146961 0,
  0.55557023 -0.83146961 0,0.55557023 -0.83146961 0,
  0.55557023 -0.83146961 0,0.55557023 -0.83146961 0,
  0.19509032 -0.98078528 0,0.19509032 -0.98078528 0,
  0.19509032 -0.98078528 0,0.19509032 -0.98078528 0,
  0.19509032 -0.98078528 0,0.19509032 -0.98078528 0,
  -0.19509032 -0.98078528 0,-0.19509032 -0.98078528 0,
  -0.19509032 -0.98078528 0,-0.19509032 -0.98078528 0,
  -0.19509032 -0.98078528 0,-0.19509032 -0.98078528 0,
  -0.55557023 -0.83146961 0,-0.55557023 -0.83146961 0,
  -0.55557023 -0.83146961 0,-0.55557023 -0.83146961 0,
  -0.55557023 -0.83146961 0,-0.55557023 -0.83146961 0,
  -0.83146961 -0.55557023 0,-0.83146961 -0.55557023 0,
  -0.83146961 -0.55557023 0,-0.83146961 -0.55557023 0,
  -0.83146961 -0.55557023 0,-0.83146961 -0.55557023 0,
  -0.98078528 -0.19509032 0,-0.98078528 -0.19509032 0,
  -0.98078528 -0.19509032 0,-0.98078528 -0.19509032 0,
  -0.98078528 -0.19509032 0,-0.98078528 -0.19509032 0,
  -1 0 0,-1 0 0,
  -1 0 0,-1 0 0,
  -1 0 0,-1 0 0,
  0 -1 0,0 -1 0,
  0 -1 0,0 -1 0,
  0 -1 0,0 -1 0,
  1 0 0,1 0 0,
  1 0 0,1 0 0,
  1 0 0,1 0 0,
  0 1 0,0 1 0,
  0 1 0,0 1 0,
  0 1 0,0 1 0,
  0.98078528 -0.19509032 0,0.98078528 -0.19509032 0,
  0.98078528 -0.19509032 0,0.98078528 -0.19509032 0,
  0.98078528 -0.19509032 0,0.98078528 -0.19509032 0,
  0.83146961 -0.55557023 0,0.83146961 -0.55557023 0,
  0.83146961 -0.55557023 0,0.83146961 -0.55557023 0,
  0.83146961 -0.55557023 0,0.83146961 -0.55557023 0,
  0.55557023 -0.83146961 0,0.55557023 -0.83146961 0,
  0.55557023 -0.83146961 0,0.55557023 -0.83146961 0,
  0.55557023 -0.83146961 0,0.55557023 -0.83146961 0,
  0.19509032 -0.98078528 0,0.19509032 -0.98078528 0,
  0.19509032 -0.98078528 0,0.19509032 -0.98078528 0,
  0.19509032 -0.98078528 0,0.19509032 -0.98078528 0,
  -0.19509032 -0.98078528 0,-0.19509032 -0.98078528 0,
  -0.19509032 -0.98078528 0,-0.19509032 -0.98078528 0,
  -0.19509032 -0.98078528 0,-0.19509032 -0.98078528 0,
  -0.55557023 -0.83146961 0,-0.55557023 -0.83146961 0,
  -0.55557023 -0.83146961 0,-0.55557023 -0.83146961 0,
  -0.55557023 -0.83146961 0,-0.55557023 -0.83146961 0,
  -0.83146961 -0.55557023 0,-0.83146961 -0.55557023 0,
  -0.83146961 -0.55557023 0,-0.83146961 -0.55557023 0,
  -0.83146961 -0.55557023 0,-0.83146961 -0.55557023 0,
  -0.98078528 -0.19509032 0,-0.98078528 -0.19509032 0,
  -0.98078528 -0.19509032 0,-0.98078528 -0.19509032 0,
  -0.98078528 -0.19509032 0,-0.98078528 -0.19509032 0,
  -0.98078528 0.19509032 0,-0.98078528 0.19509032 0,
  -0.98078528 0.19509032 0,-0.98078528 0.19509032 0,
  -0.98078528 0.19509032 0,-0.98078528 0.19509032 0,
  -0.83146961 0.55557023 0,-0.83146961 0.55557023 0,
  -0.83146961 0.55557023 0,-0.83146961 0.55557023 0,
  -0.83146961 0.55557023 0,-0.83146961 0.55557023 0,
  -0.55557023 0.83146961 0,-0.55557023 0.83146961 0,
  -0.55557023 0.83146961 0,-0.55557023 0.83146961 0,
  -0.55557023 0.83146961 0,-0.55557023 0.83146961 0,
  -0.19509032 0.98078528 0,-0.19509032 0.98078528 0,
  -0.19509032 0.98078528 0,-0.19509032 0.98078528 0,
  -0.19509032 0.98078528 0,-0.19509032 0.98078528 0,
  0.19509032 0.98078528 0,0.19509032 0.98078528 0,
  0.19509032 0.98078528 0,0.19509032 0.98078528 0,
  0.19509032 0.98078528 0,0.19509032 0.98078528 0,
  0.55557023 0.83146961 0,0.55557023 0.83146961 0,
  0.55557023 0.83146961 0,0.55557023 0.83146961 0,
  0.55557023 0.83146961 0,0.55557023 0.83146961 0,
  0.83146961 0.55557023 0,0.83146961 0.55557023 0,
  0.83146961 0.55557023 0,0.83146961 0.55557023 0,
  0.83146961 0.55557023 0,0.83146961 0.55557023 0,
  0.98078528 0.19509032 0,0.98078528 0.19509032 0,
  0.98078528 0.19509032 0,0.98078528 0.19509032 0,
  0.98078528 0.19509032 0,0.98078528 0.19509032 0,
  -0.98078528 0.19509032 0,-0.98078528 0.19509032 0,
  -0.98078528 0.19509032 0,-0.98078528 0.19509032 0,
  -0.98078528 0.19509032 0,-0.98078528 0.19509032 0,
  -0.83146961 0.55557023 0,-0.83146961 0.55557023 0,
  -0.83146961 0.55557023 0,-0.83146961 0.55557023 0,
  -0.83146961 0.55557023 0,-0.83146961 0.55557023 0,
  -0.55557023 0.83146961 0,-0.55557023 0.83146961 0,
  -0.55557023 0.83146961 0,-0.55557023 0.83146961 0,
  -0.55557023 0.83146961 0,-0.55557023 0.83146961 0,
  -0.19509032 0.98078528 0,-0.19509032 0.98078528 0,
  -0.19509032 0.98078528 0,-0.19509032 0.98078528 0,
  -0.19509032 0.98078528 0,-0.19509032 0.98078528 0,
  0.19509032 0.98078528 0,0.19509032 0.98078528 0,
  0.19509032 0.98078528 0,0.19509032 0.98078528 0,
  0.19509032 0.98078528 0,0.19509032 0.98078528 0,
  0.55557023 0.83146961 0,0.55557023 0.83146961 0,
  0.55557023 0.83146961 0,0.55557023 0.83146961 0,
  0.55557023 0.83146961 0,0.55557023 0.83146961 0,
  0.83146961 0.55557023 0,0.83146961 0.55557023 0,
  0.83146961 0.55557023 0,0.83146961 0.55557023 0,
  0.83146961 0.55557023 0,0.83146961 0.55557023 0,
  0.98078528 0.19509032 0,0.98078528 0.19509032 0,
  0.98078528 0.19509032 0,0.98078528 0.19509032 0,
  0.98078528 0.19509032 0,0.98078528 0.19509032 0,
  0.98078528 -0.19509032 0,0.98078528 -0.19509032 0,
  0.98078528 -0.19509032 0,0.98078528 -0.19509032 0,
  0.98078528 -0.19509032 0,0.98078528 -0.19509032 0,
  0.83146961 -0.55557023 0,0.83146961 -0.55557023 0,
  0.83146961 -0.55557023 0,0.83146961 -0.55557023 0,
  0.83146961 -0.55557023 0,0.83146961 -0.55557023 0,
  0.55557023 -0.83146961 0,0.55557023 -0.83146961 0,
  0.55557023 -0.83146961 0,0.55557023 -0.83146961 0,
  0.55557023 -0.83146961 0,0.55557023 -0.83146961 0,
  0.19509032 -0.98078528 0,0.19509032 -0.98078528 0,
  0.19509032 -0.98078528 0,0.19509032 -0.98078528 0,
  0.19509032 -0.98078528 0,0.19509032 -0.98078528 0,
  -0.19509032 -0.98078528 0,-0.19509032 -0.98078528 0,
  -0.19509032 -0.98078528 0,-0.19509032 -0.98078528 0,
  -0.19509032 -0.98078528 0,-0.19509032 -0.98078528 0,
  -0.55557023 -0.83146961 0,-0.55557023 -0.83146961 0,
  -0.55557023 -0.83146961 0,-0.55557023 -0.83146961 0,
  -0.55557023 -0.83146961 0,-0.55557023 -0.83146961 0,
  -0.83146961 -0.55557023 0,-0.83146961 -0.55557023 0,
  -0.83146961 -0.55557023 0,-0.83146961 -0.55557023 0,
  -0.83146961 -0.55557023 0,-0.83146961 -0.55557023 0,
  -0.98078528 -0.19509032 0,-0.98078528 -0.19509032 0,
  -0.98078528 -0.19509032 0,-0.98078528 -0.19509032 0,
  -0.98078528 -0.19509032 0,-0.98078528 -0.19509032 0,
  -0.98078528 0.19509032 0,-0.98078528 0.19509032 0,
  -0.98078528 0.19509032 0,-0.98078528 0.19509032 0,
  -0.98078528 0.19509032 0,-0.98078528 0.19509032 0,
  -0.83146961 0.55557023 0,-0.83146961 0.55557023 0,
  -0.83146961 0.55557023 0,-0.83146961 0.55557023 0,
  -0.83146961 0.55557023 0,-0.83146961 0.55557023 0,
  -0.55557023 0.83146961 0,-0.55557023 0.83146961 0,
  -0.55557023 0.83146961 0,-0.55557023 0.83146961 0,
  -0.55557023 0.83146961 0,-0.55557023 0.83146961 0,
  -0.19509032 0.98078528 0,-0.19509032 0.98078528 0,
  -0.19509032 0.98078528 0,-0.19509032 0.98078528 0,
  -0.19509032 0.98078528 0,-0.19509032 0.98078528 0,
  0.19509032 0.98078528 0,0.19509032 0.98078528 0,
  0.19509032 0.98078528 0,0.19509032 0.98078528 0,
  0.19509032 0.98078528 0,0.19509032 0.98078528 0,
  0.55557023 0.83146961 0,0.55557023 0.83146961 0,
  0.55557023 0.83146961 0,0.55557023 0.83146961 0,
  0.55557023 0.83146961 0,0.55557023 0.83146961 0,
  0.83146961 0.55557023 0,0.83146961 0.55557023 0,
  0.83146961 0.55557023 0,0.83146961 0.55557023 0,
  0.83146961 0.55557023 0,0.83146961 0.55557023 0,
  0.98078528 0.19509032 0,0.98078528 0.19509032 0,
  0.98078528 0.19509032 0,0.98078528 0.19509032 0,
  0.98078528 0.19509032 0,0.98078528 0.19509032 0,
  0.98078528 -0.19509032 0,0.98078528 -0.19509032 0,
  0.98078528 -0.19509032 0,0.98078528 -0.19509032 0,
  0.98078528 -0.19509032 0,0.98078528 -0.19509032 0,
  0.83146961 -0.55557023 0,0.83146961 -0.55557023 0,
  0.83146961 -0.55557023 0,0.83146961 -0.55557023 0,
  0.83146961 -0.55557023 0,0.83146961 -0.55557023 0,
  0.55557023 -0.83146961 0,0.55557023 -0.83146961 0,
  0.55557023 -0.83146961 0,0.55557023 -0.83146961 0,
  0.55557023 -0.83146961 0,0.55557023 -0.83146961 0,
  0.19509032 -0.98078528 0,0.19509032 -0.98078528 0,
  0.19509032 -0.98078528 0,0.19509032 -0.98078528 0,
  0.19509032 -0.98078528 0,0.19509032 -0.98078528 0,
  -0.19509032 -0.98078528 0,-0.19509032 -0.98078528 0,
  -0.19509032 -0.98078528 0,-0.19509032 -0.98078528 0,
  -0.19509032 -0.98078528 0,-0.19509032 -0.98078528 0,
  -0.55557023 -0.83146961 0,-0.55557023 -0.83146961 0,
  -0.55557023 -0.83146961 0,-0.55557023 -0.83146961 0,
  -0.55557023 -0.83146961 0,-0.55557023 -0.83146961 0,
  -0.83146961 -0.55557023 0,-0.83146961 -0.55557023 0,
  -0.83146961 -0.55557023 0,-0.83146961 -0.55557023 0,
  -0.83146961 -0.55557023 0,-0.83146961 -0.55557023 0,
  -0.98078528 -0.19509032 0,-0.98078528 -0.19509032 0,
  -0.98078528 -0.19509032 0,-0.98078528 -0.19509032 0,
  -0.98078528 -0.19509032 0,-0.98078528 -0.19509032 0,
  -0.98078528 0.19509032 0,-0.98078528 0.19509032 0,
  -0.98078528 0.19509032 0,-0.98078528 0.19509032 0,
  -0.98078528 0.19509032 0,-0.98078528 0.19509032 0,
  -0.83146961 0.55557023 0,-0.83146961 0.55557023 0,
  -0.83146961 0.55557023 0,-0.83146961 0.55557023 0,
  -0.83146961 0.55557023 0,-0.83146961 0.55557023 0,
  -0.55557023 0.83146961 0,-0.55557023 0.83146961 0,
  -0.55557023 0.83146961 0,-0.55557023 0.83146961 0,
  -0.55557023 0.83146961 0,-0.55557023 0.83146961 0,
  -0.19509032 0.98078528 0,-0.19509032 0.98078528 0,
  -0.19509032 0.98078528 0,-0.19509032 0.98078528 0,
  -0.19509032 0.98078528 0,-0.19509032 0.98078528 0,
  0.19509032 0.98078528 0,0.19509032 0.98078528 0,
  0.19509032 0.98078528 0,0.19509032 0.98078528 0,
  0.19509032 0.98078528 0,0.19509032 0.98078528 0,
  0.55557023 0.83146961 0,0.55557023 0.83146961 0,
  0.55557023 0.83146961 0,0.55557023 0.83146961 0,
  0.55557023 0.83146961 0,0.55557023 0.83146961 0,
  0.83146961 0.55557023 0,0.83146961 0.55557023 0,
  0.83146961 0.55557023 0,0.83146961 0.55557023 0,
  0.83146961 0.55557023 0,0.83146961 0.55557023 0,
  0.98078528 0.19509032 0,0.98078528 0.19509032 0,
  0.98078528 0.19509032 0,0.98078528 0.19509032 0,
  0.98078528 0.19509032 0,0.98078528 0.19509032 0,
  0.98078528 -0.19509032 0,0.98078528 -0.19509032 0,
  0.98078528 -0.19509032 0,0.98078528 -0.19509032 0,
  0.98078528 -0.19509032 0,0.98078528 -0.19509032 0,
  0.83146961 -0.55557023 0,0.83146961 -0.55557023 0,
  0.83146961 -0.55557023 0,0.83146961 -0.55557023 0,
  0.83146961 -0.55557023 0,0.83146961 -0.55557023 0,
  0.55557023 -0.83146961 0,0.55557023 -0.83146961 0,
  0.55557023 -0.83146961 0,0.55557023 -0.83146961 0,
  0.55557023 -0.83146961 0,0.55557023 -0.83146961 0,
  0.19509032 -0.98078528 0,0.19509032 -0.98078528 0,
  0.19509032 -0.98078528 0,0.19509032 -0.98078528 0,
  0.19509032 -0.98078528 0,0.19509032 -0.98078528 0,
  -0.19509032 -0.98078528 0,-0.19509032 -0.98078528 0,
  -0.19509032 -0.98078528 0,-0.19509032 -0.98078528 0,
  -0.19509032 -0.98078528 0,-0.19509032 -0.98078528 0,
  -0.55557023 -0.83146961 0,-0.55557023 -0.83146961 0,
  -0.55557023 -0.83146961 0,-0.55557023 -0.83146961 0,
  -0.55557023 -0.83146961 0,-0.55557023 -0.83146961 0,
  -0.83146961 -0.55557023 0,-0.83146961 -0.55557023 0,
  -0.83146961 -0.55557023 0,-0.83146961 -0.55557023 0,
  -0.83146961 -0.55557023 0,-0.83146961 -0.55557023 0,
  -0.98078528 -0.19509032 0,-0.98078528 -0.19509032 0,
  -0.98078528 -0.19509032 0,-0.98078528 -0.19509032 0,
  -0.98078528 -0.19509032 0,-0.98078528 -0.19509032 0,
  -0.98078528 0.19509032 0,-0.98078528 0.19509032 0,
  -0.98078528 0.19509032 0,-0.98078528 0.19509032 0,
  -0.98078528 0.19509032 0,-0.98078528 0.19509032 0,
  -0.83146961 0.55557023 0,-0.83146961 0.55557023 0,
  -0.83146961 0.55557023 0,-0.83146961 0.55557023 0,
  -0.83146961 0.55557023 0,-0.83146961 0.55557023 0,
  -0.55557023 0.83146961 0,-0.55557023 0.83146961 0,
  -0.55557023 0.83146961 0,-0.55557023 0.83146961 0,
  -0.55557023 0.83146961 0,-0.55557023 0.83146961 0,
  -0.19509032 0.98078528 0,-0.19509032 0.98078528 0,
  -0.19509032 0.98078528 0,-0.19509032 0.98078528 0,
  -0.19509032 0.98078528 0,-0.19509032 0.98078528 0,
  0.19509032 0.98078528 0,0.19509032 0.98078528 0,
  0.19509032 0.98078528 0,0.19509032 0.98078528 0,
  0.19509032 0.98078528 0,0.19509032 0.98078528 0,
  0.55557023 0.83146961 0,0.55557023 0.83146961 0,
  0.55557023 0.83146961 0,0.55557023 0.83146961 0,
  0.55557023 0.83146961 0,0.55557023 0.83146961 0,
  0.83146961 0.55557023 0,0.83146961 0.55557023 0,
  0.83146961 0.55557023 0,0.83146961 0.55557023 0,
  0.83146961 0.55557023 0,0.83146961 0.55557023 0,
  0.98078528 0.19509032 0,0.98078528 0.19509032 0,
  0.98078528 0.19509032 0,0.98078528 0.19509032 0,
  0.98078528 0.19509032 0,0.98078528 0.19509032 0,
  0.98078528 -0.19509032 0,0.98078528 -0.19509032 0,
  0.98078528 -0.19509032 0,0.98078528 -0.19509032 0,
  0.98078528 -0.19509032 0,0.98078528 -0.19509032 0,
  0.83146961 -0.55557023 0,0.83146961 -0.55557023 0,
  0.83146961 -0.55557023 0,0.83146961 -0.55557023 0,
  0.83146961 -0.55557023 0,0.83146961 -0.55557023 0,
  0.55557023 -0.83146961 0,0.55557023 -0.83146961 0,
  0.55557023 -0.83146961 0,0.55557023 -0.83146961 0,
  0.55557023 -0.83146961 0,0.55557023 -0.83146961 0,
  0.19509032 -0.98078528 0,0.19509032 -0.98078528 0,
  0.19509032 -0.98078528 0,0.19509032 -0.98078528 0,
  0.19509032 -0.98078528 0,0.19509032 -0.98078528 0,
  -0.19509032 -0.98078528 0,-0.19509032 -0.98078528 0,
  -0.19509032 -0.98078528 0,-0.19509032 -0.98078528 0,
  -0.19509032 -0.98078528 0,-0.19509032 -0.98078528 0,
  -0.55557023 -0.83146961 0,-0.55557023 -0.83146961 0,
  -0.55557023 -0.83146961 0,-0.55557023 -0.83146961 0,
  -0.55557023 -0.83146961 0,-0.55557023 -0.83146961 0,
  -0.83146961 -0.55557023 0,-0.83146961 -0.55557023 0,
  -0.83146961 -0.55557023 0,-0.83146961 -0.55557023 0,
  -0.83146961 -0.55557023 0,-0.83146961 -0.55557023 0,
  -0.98078528 -0.19509032 0,-0.98078528 -0.19509032 0,
  -0.98078528 -0.19509032 0,-0.98078528 -0.19509032 0,
  -0.98078528 -0.19509032 0,-0.98078528 -0.19509032 0,
  0.98078528 -0.19509032 0,0.98078528 -0.19509032 0,
  0.98078528 -0.19509032 0,0.98078528 -0.19509032 0,
  0.98078528 -0.19509032 0,0.98078528 -0.19509032 0,
  0.83146961 -0.55557023 0,0.83146961 -0.55557023 0,
  0.83146961 -0.55557023 0,0.83146961 -0.55557023 0,
  0.83146961 -0.55557023 0,0.83146961 -0.55557023 0,
  0.55557023 -0.83146961 0,0.55557023 -0.83146961 0,
  0.55557023 -0.83146961 0,0.55557023 -0.83146961 0,
  0.55557023 -0.83146961 0,0.55557023 -0.83146961 0,
  0.19509032 -0.98078528 0,0.19509032 -0.98078528 0,
  0.19509032 -0.98078528 0,0.19509032 -0.98078528 0,
  0.19509032 -0.98078528 0,0.19509032 -0.98078528 0,
  -0.19509032 -0.98078528 0,-0.19509032 -0.98078528 0,
  -0.19509032 -0.98078528 0,-0.19509032 -0.98078528 0,
  -0.19509032 -0.98078528 0,-0.19509032 -0.98078528 0,
  -0.55557023 -0.83146961 0,-0.55557023 -0.83146961 0,
  -0.55557023 -0.83146961 0,-0.55557023 -0.83146961 0,
  -0.55557023 -0.83146961 0,-0.55557023 -0.83146961 0,
  -0.83146961 -0.55557023 0,-0.83146961 -0.55557023 0,
  -0.83146961 -0.55557023 0,-0.83146961 -0.55557023 0,
  -0.83146961 -0.55557023 0,-0.83146961 -0.55557023 0,
  -0.98078528 -0.19509032 0,-0.98078528 -0.19509032 0,
  -0.98078528 -0.19509032 0,-0.98078528 -0.19509032 0,
  -0.98078528 -0.19509032 0,-0.98078528 -0.19509032 0,
  -0.98078528 0.19509032 0,-0.98078528 0.19509032 0,
  -0.98078528 0.19509032 0,-0.98078528 0.19509032 0,
  -0.98078528 0.19509032 0,-0.98078528 0.19509032 0,
  -0.83146961 0.55557023 0,-0.83146961 0.55557023 0,
  -0.83146961 0.55557023 0,-0.83146961 0.55557023 0,
  -0.83146961 0.55557023 0,-0.83146961 0.55557023 0,
  -0.55557023 0.83146961 0,-0.55557023 0.83146961 0,
  -0.55557023 0.83146961 0,-0.55557023 0.83146961 0,
  -0.55557023 0.83146961 0,-0.55557023 0.83146961 0,
  -0.19509032 0.98078528 0,-0.19509032 0.98078528 0,
  -0.19509032 0.98078528 0,-0.19509032 0.98078528 0,
  -0.19509032 0.98078528 0,-0.19509032 0.98078528 0,
  0.19509032 0.98078528 0,0.19509032 0.98078528 0,
  0.19509032 0.98078528 0,0.19509032 0.98078528 0,
  0.19509032 0.98078528 0,0.19509032 0.98078528 0,
  0.55557023 0.83146961 0,0.55557023 0.83146961 0,
  0.55557023 0.83146961 0,0.55557023 0.83146961 0,
  0.55557023 0.83146961 0,0.55557023 0.83146961 0,
  0.83146961 0.55557023 0,0.83146961 0.55557023 0,
  0.83146961 0.55557023 0,0.83146961 0.55557023 0,
  0.83146961 0.55557023 0,0.83146961 0.55557023 0,
  0.98078528 0.19509032 0,0.98078528 0.19509032 0,
  0.98078528 0.19509032 0,0.98078528 0.19509032 0,
  0.98078528 0.19509032 0,0.98078528 0.19509032 0] }
}
}
] }
DEF TXFM_12 Transform {
  center 0 0 0
  rotation 0 0 1 0
  scale 1 1 1
  scaleOrientation 0 0 1 0
  translation 0 0 0
 children [
DEF SHAPE_84 Shape {
 appearance DEF APP_7 Appearance {
  material Material {
   ambientIntensity 1
   diffuseColor 0.75 0.61000001 0.23
   emissiveColor 0 0 0
   shininess 0.89999998
   specularColor 0.89999998 0.84399998 0.69199997
   transparency 0
} }
 geometry DEF FACE_84 IndexedFaceSet {
  coord DEF COORD_84 Coordinate { point [
  58.576772 -37.507874 0.31496063,58.588909 -37.446856 0.31496063,
  58.623473 -37.395127 0.31496063,58.675202 -37.360563 0.31496063,
  58.73622 -37.348425 0.31496063,58.797239 -37.360563 0.31496063,
  58.848968 -37.395127 0.31496063,58.883532 -37.446856 0.31496063,
  58.895669 -37.507874 0.31496063,58.883532 -37.568892 0.31496063,
  58.848968 -37.620621 0.31496063,58.797239 -37.655186 0.31496063,
  58.73622 -37.667323 0.31496063,58.675202 -37.655186 0.31496063,
  58.623473 -37.620621 0.31496063,58.588909 -37.568892 0.31496063,
  53.838583 -42.024606 0.31496063,53.800917 -42.032098 0.31496063,
  53.768985 -42.053434 0.31496063,53.74765 -42.085366 0.31496063,
  53.740157 -42.123031 0.31496063,53.740157 -42.713583 0.31496063,
  53.74765 -42.751248 0.31496063,53.768985 -42.78318 0.31496063,
  53.800917 -42.804516 0.31496063,53.838583 -42.812008 0.31496063,
  54.429134 -42.812008 0.31496063,54.4668 -42.804516 0.31496063,
  54.498731 -42.78318 0.31496063,54.520067 -42.751248 0.31496063,
  54.527559 -42.713583 0.31496063,54.527559 -42.123031 0.31496063,
  54.520067 -42.085366 0.31496063,54.498731 -42.053434 0.31496063,
  54.4668 -42.032098 0.31496063,54.429134 -42.024606 0.31496063,
  54.173228 -42.024606 0.31496063,54.173228 -39.173228 0.31496063,
  54.172472 -39.165548 0.31496063,54.166593 -39.151356 0.31496063,
  54.161697 -39.14539 0.31496063,53.402134 -38.385826 0.31496063,
  53.444882 -38.385826 0.31496063,53.482548 -38.378335 0.31496063,
  53.514479 -38.356999 0.31496063,53.535815 -38.325067 0.31496063,
  53.543307 -38.287402 0.31496063,53.543307 -37.834646 0.31496063,
  58.448819 -37.834646 0.31496063,58.4565 -37.833889 0.31496063,
  58.470692 -37.828011 0.31496063,58.476658 -37.823115 0.31496063,
  58.489971 -37.809801 0.31496063,58.547869 -37.821318 0.31496063,
  58.57874 -37.822835 0.31496063,58.893701 -37.822835 0.31496063,
  58.924572 -37.821318 0.31496063,58.985129 -37.809272 0.31496063,
  59.042172 -37.785644 0.31496063,59.09351 -37.751342 0.31496063,
  59.137169 -37.707683 0.31496063,59.171471 -37.656345 0.31496063,
  59.195099 -37.599302 0.31496063,59.207145 -37.538746 0.31496063,
  59.207145 -37.477002 0.31496063,59.195099 -37.416446 0.31496063,
  59.171471 -37.359403 0.31496063,59.137169 -37.308065 0.31496063,
  59.09351 -37.264406 0.31496063,59.042172 -37.230104 0.31496063,
  58.985129 -37.206476 0.31496063,58.924572 -37.19443 0.31496063,
  58.893701 -37.192913 0.31496063,58.57874 -37.192913 0.31496063,
  58.547869 -37.19443 0.31496063,58.487312 -37.206476 0.31496063,
  58.430269 -37.230104 0.31496063,58.378931 -37.264406 0.31496063,
  58.335272 -37.308065 0.31496063,58.30097 -37.359403 0.31496063,
  58.277342 -37.416446 0.31496063,58.265296 -37.477002 0.31496063,
  58.265296 -37.538746 0.31496063,58.277342 -37.599302 0.31496063,
  58.30097 -37.656345 0.31496063,58.335272 -37.707683 0.31496063,
  58.378931 -37.751342 0.31496063,58.385761 -37.755906 0.31496063,
  53.543307 -37.755906 0.31496063,53.543307 -37.30315 0.31496063,
  53.535815 -37.265484 0.31496063,53.514479 -37.233552 0.31496063,
  53.482548 -37.212217 0.31496063,53.444882 -37.204724 0.31496063,
  52.46063 -37.204725 0.31496063,52.422964 -37.212217 0.31496063,
  52.391033 -37.233552 0.31496063,52.369697 -37.265484 0.31496063,
  52.362205 -37.303149 0.31496063,52.362205 -38.287402 0.31496063,
  52.369697 -38.325067 0.31496063,52.391033 -38.356999 0.31496063,
  52.422964 -38.378335 0.31496063,52.46063 -38.385827 0.31496063,
  53.290778 -38.385826 0.31496063,54.094488 -39.189536 0.31496063,
  54.094488 -42.024606 0.31496063,53.935039 -42.418307 0.31496063,
  53.950174 -42.342222 0.31496063,53.993272 -42.277721 0.31496063,
  54.057774 -42.234622 0.31496063,54.133858 -42.219488 0.31496063,
  54.209943 -42.234622 0.31496063,54.274444 -42.277721 0.31496063,
  54.317543 -42.342222 0.31496063,54.332677 -42.418307 0.31496063,
  54.317543 -42.494392 0.31496063,54.274444 -42.558893 0.31496063,
  54.209943 -42.601992 0.31496063,54.133858 -42.617126 0.31496063,
  54.057774 -42.601992 0.31496063,53.993272 -42.558893 0.31496063,
  53.950174 -42.494392 0.31496063,49.072835 -43.46063 0.31496063,
  49.03718 -43.467722 0.31496063,47.874016 -42.304558 0.31496063,
  47.874016 -40.35433 0.31496063,48.326772 -40.35433 0.31496063,
  48.364437 -40.346839 0.31496063,48.396369 -40.325503 0.31496063,
  48.417705 -40.293571 0.31496063,48.425197 -40.255906 0.31496063,
  48.425196 -39.271654 0.31496063,48.417705 -39.233988 0.31496063,
  48.396369 -39.202056 0.31496063,48.364437 -39.18072 0.31496063,
  48.326772 -39.173228 0.31496063,47.34252 -39.173229 0.31496063,
  47.304854 -39.18072 0.31496063,47.272922 -39.202056 0.31496063,
  47.251587 -39.233988 0.31496063,47.244094 -39.271653 0.31496063,
  47.244095 -40.255906 0.31496063,47.251587 -40.293571 0.31496063,
  47.272922 -40.325503 0.31496063,47.304854 -40.346839 0.31496063,
  47.342519 -40.354331 0.31496063,47.795276 -40.35433 0.31496063,
  47.795276 -42.320866 0.31496063,47.796032 -42.328547 0.31496063,
  47.801911 -42.342739 0.31496063,47.806807 -42.348705 0.31496063,
  48.981502 -43.5234 0.31496063,48.974409 -43.559055 0.31496063,
  48.974409 -43.992126 0.31496063,48.981902 -44.029792 0.31496063,
  49.003237 -44.061723 0.31496063,49.035169 -44.083059 0.31496063,
  49.072835 -44.090551 0.31496063,49.505906 -44.090551 0.31496063,
  49.543571 -44.083059 0.31496063,49.575503 -44.061723 0.31496063,
  49.596839 -44.029792 0.31496063,49.604331 -43.992126 0.31496063,
  49.604331 -43.559055 0.31496063,49.596839 -43.521389 0.31496063,
  49.575503 -43.489458 0.31496063,49.543571 -43.468122 0.31496063,
  49.505906 -43.46063 0.31496063,49.129921 -43.775591 0.31496063,
  49.142059 -43.714572 0.31496063,49.176623 -43.662843 0.31496063,
  49.228352 -43.628279 0.31496063,49.28937 -43.616142 0.31496063,
  49.350389 -43.628279 0.31496063,49.402117 -43.662843 0.31496063,
  49.436682 -43.714572 0.31496063,49.448819 -43.775591 0.31496063,
  49.436682 -43.836609 0.31496063,49.402117 -43.888338 0.31496063,
  49.350389 -43.922902 0.31496063,49.28937 -43.935039 0.31496063,
  49.228352 -43.922902 0.31496063,49.176623 -43.888338 0.31496063,
  49.142059 -43.836609 0.31496063,48.425197 -36.318898 0.31496063,
  48.425196 -35.334646 0.31496063,48.417705 -35.29698 0.31496063,
  48.396369 -35.265048 0.31496063,48.364437 -35.243713 0.31496063,
  48.326772 -35.23622 0.31496063,47.34252 -35.236221 0.31496063,
  47.304854 -35.243713 0.31496063,47.272922 -35.265048 0.31496063,
  47.251587 -35.29698 0.31496063,47.244094 -35.334645 0.31496063,
  47.244095 -36.318898 0.31496063,47.251587 -36.356563 0.31496063,
  47.272922 -36.388495 0.31496063,47.304854 -36.409831 0.31496063,
  47.342519 -36.417323 0.31496063,48.326772 -36.417322 0.31496063,
  48.364437 -36.409831 0.31496063,48.396369 -36.388495 0.31496063,
  48.417705 -36.356563 0.31496063,60.061388 -44.940509 0.31496063,
  60.023186 -44.978711 0.31496063,59.993171 -45.023631 0.31496063,
  59.972497 -45.073544 0.31496063,59.961957 -45.126531 0.31496063,
  59.961957 -45.180556 0.31496063,59.972497 -45.233543 0.31496063,
  59.993171 -45.283456 0.31496063,60.023186 -45.328376 0.31496063,
  60.061388 -45.366578 0.31496063,60.106308 -45.396593 0.31496063,
  60.156221 -45.417267 0.31496063,60.209208 -45.427807 0.31496063,
  60.263233 -45.427807 0.31496063,60.31622 -45.417267 0.31496063,
  60.366133 -45.396593 0.31496063,60.411053 -45.366578 0.31496063,
  60.449255 -45.328376 0.31496063,60.47927 -45.283456 0.31496063,
  60.499944 -45.233543 0.31496063,60.510484 -45.180556 0.31496063,
  60.510484 -45.126531 0.31496063,60.499944 -45.073544 0.31496063,
  60.47927 -45.023631 0.31496063,60.449255 -44.978711 0.31496063,
  60.411053 -44.940509 0.31496063,60.366133 -44.910494 0.31496063,
  60.31622 -44.88982 0.31496063,60.263233 -44.87928 0.31496063,
  60.209208 -44.87928 0.31496063,60.156221 -44.88982 0.31496063,
  60.106308 -44.910494 0.31496063,60.096457 -45.153543 0.31496063,
  60.107096 -45.100058 0.31496063,60.137393 -45.054715 0.31496063,
  60.182735 -45.024418 0.31496063,60.23622 -45.01378 0.31496063,
  60.289706 -45.024418 0.31496063,60.335048 -45.054715 0.31496063,
  60.365345 -45.100058 0.31496063,60.375984 -45.153543 0.31496063,
  60.365345 -45.207029 0.31496063,60.335048 -45.252371 0.31496063,
  60.289706 -45.282668 0.31496063,60.23622 -45.293307 0.31496063,
  60.182735 -45.282668 0.31496063,60.137393 -45.252371 0.31496063,
  60.107096 -45.207029 0.31496063,60.061388 -47.940509 0.31496063,
  60.023186 -47.978711 0.31496063,59.993171 -48.023631 0.31496063,
  59.972497 -48.073544 0.31496063,59.961957 -48.126531 0.31496063,
  59.961957 -48.180556 0.31496063,59.972497 -48.233543 0.31496063,
  59.993171 -48.283456 0.31496063,60.023186 -48.328376 0.31496063,
  60.061388 -48.366578 0.31496063,60.106308 -48.396593 0.31496063,
  60.156221 -48.417267 0.31496063,60.209208 -48.427807 0.31496063,
  60.263233 -48.427807 0.31496063,60.31622 -48.417267 0.31496063,
  60.366133 -48.396593 0.31496063,60.411053 -48.366578 0.31496063,
  60.449255 -48.328376 0.31496063,60.47927 -48.283456 0.31496063,
  60.499944 -48.233543 0.31496063,60.510484 -48.180556 0.31496063,
  60.510484 -48.126531 0.31496063,60.499944 -48.073544 0.31496063,
  60.47927 -48.023631 0.31496063,60.449255 -47.978711 0.31496063,
  60.411053 -47.940509 0.31496063,60.366133 -47.910494 0.31496063,
  60.31622 -47.88982 0.31496063,60.263233 -47.87928 0.31496063,
  60.209208 -47.87928 0.31496063,60.156221 -47.88982 0.31496063,
  60.106308 -47.910494 0.31496063,60.096457 -48.153543 0.31496063,
  60.107096 -48.100058 0.31496063,60.137393 -48.054715 0.31496063,
  60.182735 -48.024418 0.31496063,60.23622 -48.01378 0.31496063,
  60.289706 -48.024418 0.31496063,60.335048 -48.054715 0.31496063,
  60.365345 -48.100058 0.31496063,60.375984 -48.153543 0.31496063,
  60.365345 -48.207029 0.31496063,60.335048 -48.252371 0.31496063,
  60.289706 -48.282668 0.31496063,60.23622 -48.293307 0.31496063,
  60.182735 -48.282668 0.31496063,60.137393 -48.252371 0.31496063,
  60.107096 -48.207029 0.31496063,49.089561 -44.532123 0.31496063,
  49.045902 -44.575781 0.31496063,49.0116 -44.627119 0.31496063,
  48.987972 -44.684162 0.31496063,48.975926 -44.744719 0.31496063,
  48.975926 -44.806462 0.31496063,48.987972 -44.867019 0.31496063,
  49.0116 -44.924062 0.31496063,49.045902 -44.9754 0.31496063,
  49.089561 -45.019058 0.31496063,49.140899 -45.053361 0.31496063,
  49.197942 -45.076989 0.31496063,49.258498 -45.089035 0.31496063,
  49.320242 -45.089035 0.31496063,49.380798 -45.076989 0.31496063,
  49.437841 -45.053361 0.31496063,49.489179 -45.019058 0.31496063,
  49.532838 -44.9754 0.31496063,49.567141 -44.924062 0.31496063,
  49.590769 -44.867019 0.31496063,49.602814 -44.806462 0.31496063,
  49.602814 -44.744719 0.31496063,49.590769 -44.684162 0.31496063,
  49.567141 -44.627119 0.31496063,49.532838 -44.575781 0.31496063,
  49.489179 -44.532123 0.31496063,49.437841 -44.49782 0.31496063,
  49.380798 -44.474192 0.31496063,49.320242 -44.462146 0.31496063,
  49.258498 -44.462146 0.31496063,49.197942 -44.474192 0.31496063,
  49.140899 -44.49782 0.31496063,49.129921 -44.775591 0.31496063,
  49.142059 -44.714572 0.31496063,49.176623 -44.662843 0.31496063,
  49.228352 -44.628279 0.31496063,49.28937 -44.616142 0.31496063,
  49.350389 -44.628279 0.31496063,49.402117 -44.662843 0.31496063,
  49.436682 -44.714572 0.31496063,49.448819 -44.775591 0.31496063,
  49.436682 -44.836609 0.31496063,49.402117 -44.888338 0.31496063,
  49.350389 -44.922902 0.31496063,49.28937 -44.935039 0.31496063,
  49.228352 -44.922902 0.31496063,49.176623 -44.888338 0.31496063,
  49.142059 -44.836609 0.31496063,49.089561 -45.532123 0.31496063,
  49.045902 -45.575781 0.31496063,49.0116 -45.627119 0.31496063,
  48.987972 -45.684162 0.31496063,48.975926 -45.744719 0.31496063,
  48.975926 -45.806462 0.31496063,48.987972 -45.867019 0.31496063,
  49.0116 -45.924062 0.31496063,49.045902 -45.9754 0.31496063,
  49.089561 -46.019058 0.31496063,49.140899 -46.053361 0.31496063,
  49.197942 -46.076989 0.31496063,49.258498 -46.089035 0.31496063,
  49.320242 -46.089035 0.31496063,49.380798 -46.076989 0.31496063,
  49.437841 -46.053361 0.31496063,49.489179 -46.019058 0.31496063,
  49.532838 -45.9754 0.31496063,49.567141 -45.924062 0.31496063,
  49.590769 -45.867019 0.31496063,49.602814 -45.806462 0.31496063,
  49.602814 -45.744719 0.31496063,49.590769 -45.684162 0.31496063,
  49.567141 -45.627119 0.31496063,49.532838 -45.575781 0.31496063,
  49.489179 -45.532123 0.31496063,49.437841 -45.49782 0.31496063,
  49.380798 -45.474192 0.31496063,49.320242 -45.462146 0.31496063,
  49.258498 -45.462146 0.31496063,49.197942 -45.474192 0.31496063,
  49.140899 -45.49782 0.31496063,49.129921 -45.775591 0.31496063,
  49.142059 -45.714572 0.31496063,49.176623 -45.662843 0.31496063,
  49.228352 -45.628279 0.31496063,49.28937 -45.616142 0.31496063,
  49.350389 -45.628279 0.31496063,49.402117 -45.662843 0.31496063,
  49.436682 -45.714572 0.31496063,49.448819 -45.775591 0.31496063,
  49.436682 -45.836609 0.31496063,49.402117 -45.888338 0.31496063,
  49.350389 -45.922902 0.31496063,49.28937 -45.935039 0.31496063,
  49.228352 -45.922902 0.31496063,49.176623 -45.888338 0.31496063,
  49.142059 -45.836609 0.31496063,49.089561 -46.532123 0.31496063,
  49.045902 -46.575781 0.31496063,49.0116 -46.627119 0.31496063,
  48.987972 -46.684162 0.31496063,48.975926 -46.744719 0.31496063,
  48.975926 -46.806462 0.31496063,48.987972 -46.867019 0.31496063,
  49.0116 -46.924062 0.31496063,49.045902 -46.9754 0.31496063,
  49.089561 -47.019058 0.31496063,49.140899 -47.053361 0.31496063,
  49.197942 -47.076989 0.31496063,49.258498 -47.089035 0.31496063,
  49.320242 -47.089035 0.31496063,49.380798 -47.076989 0.31496063,
  49.437841 -47.053361 0.31496063,49.489179 -47.019058 0.31496063,
  49.532838 -46.9754 0.31496063,49.567141 -46.924062 0.31496063,
  49.590769 -46.867019 0.31496063,49.602814 -46.806462 0.31496063,
  49.602814 -46.744719 0.31496063,49.590769 -46.684162 0.31496063,
  49.567141 -46.627119 0.31496063,49.532838 -46.575781 0.31496063,
  49.489179 -46.532123 0.31496063,49.437841 -46.49782 0.31496063,
  49.380798 -46.474192 0.31496063,49.320242 -46.462146 0.31496063,
  49.258498 -46.462146 0.31496063,49.197942 -46.474192 0.31496063,
  49.140899 -46.49782 0.31496063,49.129921 -46.775591 0.31496063,
  49.142059 -46.714572 0.31496063,49.176623 -46.662843 0.31496063,
  49.228352 -46.628279 0.31496063,49.28937 -46.616142 0.31496063,
  49.350389 -46.628279 0.31496063,49.402117 -46.662843 0.31496063,
  49.436682 -46.714572 0.31496063,49.448819 -46.775591 0.31496063,
  49.436682 -46.836609 0.31496063,49.402117 -46.888338 0.31496063,
  49.350389 -46.922902 0.31496063,49.28937 -46.935039 0.31496063,
  49.228352 -46.922902 0.31496063,49.176623 -46.888338 0.31496063,
  49.142059 -46.836609 0.31496063,52.089561 -46.532123 0.31496063,
  52.045902 -46.575781 0.31496063,52.0116 -46.627119 0.31496063,
  51.987972 -46.684162 0.31496063,51.975926 -46.744719 0.31496063,
  51.975926 -46.806462 0.31496063,51.987972 -46.867019 0.31496063,
  52.0116 -46.924062 0.31496063,52.045902 -46.9754 0.31496063,
  52.089561 -47.019058 0.31496063,52.140899 -47.053361 0.31496063,
  52.197942 -47.076989 0.31496063,52.258498 -47.089035 0.31496063,
  52.320242 -47.089035 0.31496063,52.380798 -47.076989 0.31496063,
  52.437841 -47.053361 0.31496063,52.489179 -47.019058 0.31496063,
  52.532838 -46.9754 0.31496063,52.567141 -46.924062 0.31496063,
  52.590769 -46.867019 0.31496063,52.602814 -46.806462 0.31496063,
  52.602814 -46.744719 0.31496063,52.590769 -46.684162 0.31496063,
  52.567141 -46.627119 0.31496063,52.532838 -46.575781 0.31496063,
  52.489179 -46.532123 0.31496063,52.437841 -46.49782 0.31496063,
  52.380798 -46.474192 0.31496063,52.320242 -46.462146 0.31496063,
  52.258498 -46.462146 0.31496063,52.197942 -46.474192 0.31496063,
  52.140899 -46.49782 0.31496063,52.129921 -46.775591 0.31496063,
  52.142059 -46.714572 0.31496063,52.176623 -46.662843 0.31496063,
  52.228352 -46.628279 0.31496063,52.28937 -46.616142 0.31496063,
  52.350389 -46.628279 0.31496063,52.402117 -46.662843 0.31496063,
  52.436682 -46.714572 0.31496063,52.448819 -46.775591 0.31496063,
  52.436682 -46.836609 0.31496063,52.402117 -46.888338 0.31496063,
  52.350389 -46.922902 0.31496063,52.28937 -46.935039 0.31496063,
  52.228352 -46.922902 0.31496063,52.176623 -46.888338 0.31496063,
  52.142059 -46.836609 0.31496063,52.089561 -45.532123 0.31496063,
  52.045902 -45.575781 0.31496063,52.0116 -45.627119 0.31496063,
  51.987972 -45.684162 0.31496063,51.975926 -45.744719 0.31496063,
  51.975926 -45.806462 0.31496063,51.987972 -45.867019 0.31496063,
  52.0116 -45.924062 0.31496063,52.045902 -45.9754 0.31496063,
  52.089561 -46.019058 0.31496063,52.140899 -46.053361 0.31496063,
  52.197942 -46.076989 0.31496063,52.258498 -46.089035 0.31496063,
  52.320242 -46.089035 0.31496063,52.380798 -46.076989 0.31496063,
  52.437841 -46.053361 0.31496063,52.489179 -46.019058 0.31496063,
  52.532838 -45.9754 0.31496063,52.567141 -45.924062 0.31496063,
  52.590769 -45.867019 0.31496063,52.602814 -45.806462 0.31496063,
  52.602814 -45.744719 0.31496063,52.590769 -45.684162 0.31496063,
  52.567141 -45.627119 0.31496063,52.532838 -45.575781 0.31496063,
  52.489179 -45.532123 0.31496063,52.437841 -45.49782 0.31496063,
  52.380798 -45.474192 0.31496063,52.320242 -45.462146 0.31496063,
  52.258498 -45.462146 0.31496063,52.197942 -45.474192 0.31496063,
  52.140899 -45.49782 0.31496063,52.129921 -45.775591 0.31496063,
  52.142059 -45.714572 0.31496063,52.176623 -45.662843 0.31496063,
  52.228352 -45.628279 0.31496063,52.28937 -45.616142 0.31496063,
  52.350389 -45.628279 0.31496063,52.402117 -45.662843 0.31496063,
  52.436682 -45.714572 0.31496063,52.448819 -45.775591 0.31496063,
  52.436682 -45.836609 0.31496063,52.402117 -45.888338 0.31496063,
  52.350389 -45.922902 0.31496063,52.28937 -45.935039 0.31496063,
  52.228352 -45.922902 0.31496063,52.176623 -45.888338 0.31496063,
  52.142059 -45.836609 0.31496063,52.089561 -44.532123 0.31496063,
  52.045902 -44.575781 0.31496063,52.0116 -44.627119 0.31496063,
  51.987972 -44.684162 0.31496063,51.975926 -44.744719 0.31496063,
  51.975926 -44.806462 0.31496063,51.987972 -44.867019 0.31496063,
  52.0116 -44.924062 0.31496063,52.045902 -44.9754 0.31496063,
  52.089561 -45.019058 0.31496063,52.140899 -45.053361 0.31496063,
  52.197942 -45.076989 0.31496063,52.258498 -45.089035 0.31496063,
  52.320242 -45.089035 0.31496063,52.380798 -45.076989 0.31496063,
  52.437841 -45.053361 0.31496063,52.489179 -45.019058 0.31496063,
  52.532838 -44.9754 0.31496063,52.567141 -44.924062 0.31496063,
  52.590769 -44.867019 0.31496063,52.602814 -44.806462 0.31496063,
  52.602814 -44.744719 0.31496063,52.590769 -44.684162 0.31496063,
  52.567141 -44.627119 0.31496063,52.532838 -44.575781 0.31496063,
  52.489179 -44.532123 0.31496063,52.437841 -44.49782 0.31496063,
  52.380798 -44.474192 0.31496063,52.320242 -44.462146 0.31496063,
  52.258498 -44.462146 0.31496063,52.197942 -44.474192 0.31496063,
  52.140899 -44.49782 0.31496063,52.129921 -44.775591 0.31496063,
  52.142059 -44.714572 0.31496063,52.176623 -44.662843 0.31496063,
  52.228352 -44.628279 0.31496063,52.28937 -44.616142 0.31496063,
  52.350389 -44.628279 0.31496063,52.402117 -44.662843 0.31496063,
  52.436682 -44.714572 0.31496063,52.448819 -44.775591 0.31496063,
  52.436682 -44.836609 0.31496063,52.402117 -44.888338 0.31496063,
  52.350389 -44.922902 0.31496063,52.28937 -44.935039 0.31496063,
  52.228352 -44.922902 0.31496063,52.176623 -44.888338 0.31496063,
  52.142059 -44.836609 0.31496063,52.089561 -43.532123 0.31496063,
  52.045902 -43.575781 0.31496063,52.0116 -43.627119 0.31496063,
  51.987972 -43.684162 0.31496063,51.975926 -43.744719 0.31496063,
  51.975926 -43.806462 0.31496063,51.987972 -43.867019 0.31496063,
  52.0116 -43.924062 0.31496063,52.045902 -43.9754 0.31496063,
  52.089561 -44.019058 0.31496063,52.140899 -44.053361 0.31496063,
  52.197942 -44.076989 0.31496063,52.258498 -44.089035 0.31496063,
  52.320242 -44.089035 0.31496063,52.380798 -44.076989 0.31496063,
  52.437841 -44.053361 0.31496063,52.489179 -44.019058 0.31496063,
  52.532838 -43.9754 0.31496063,52.567141 -43.924062 0.31496063,
  52.590769 -43.867019 0.31496063,52.602814 -43.806462 0.31496063,
  52.602814 -43.744719 0.31496063,52.590769 -43.684162 0.31496063,
  52.567141 -43.627119 0.31496063,52.532838 -43.575781 0.31496063,
  52.489179 -43.532123 0.31496063,52.437841 -43.49782 0.31496063,
  52.380798 -43.474192 0.31496063,52.320242 -43.462146 0.31496063,
  52.258498 -43.462146 0.31496063,52.197942 -43.474192 0.31496063,
  52.140899 -43.49782 0.31496063,52.129921 -43.775591 0.31496063,
  52.142059 -43.714572 0.31496063,52.176623 -43.662843 0.31496063,
  52.228352 -43.628279 0.31496063,52.28937 -43.616142 0.31496063,
  52.350389 -43.628279 0.31496063,52.402117 -43.662843 0.31496063,
  52.436682 -43.714572 0.31496063,52.448819 -43.775591 0.31496063,
  52.436682 -43.836609 0.31496063,52.402117 -43.888338 0.31496063,
  52.350389 -43.922902 0.31496063,52.28937 -43.935039 0.31496063,
  52.228352 -43.922902 0.31496063,52.176623 -43.888338 0.31496063,
  52.142059 -43.836609 0.31496063,58.362205 -35.192913 0.31496063,
  58.324539 -35.200406 0.31496063,58.292607 -35.221741 0.31496063,
  58.271272 -35.253673 0.31496063,58.26378 -35.291339 0.31496063,
  58.26378 -35.724409 0.31496063,58.271272 -35.762075 0.31496063,
  58.292607 -35.794007 0.31496063,58.324539 -35.815343 0.31496063,
  58.362205 -35.822835 0.31496063,59.110236 -35.822835 0.31496063,
  59.147902 -35.815343 0.31496063,59.179833 -35.794007 0.31496063,
  59.201169 -35.762075 0.31496063,59.208661 -35.724409 0.31496063,
  59.208661 -35.291339 0.31496063,59.201169 -35.253673 0.31496063,
  59.179833 -35.221741 0.31496063,59.147902 -35.200406 0.31496063,
  59.110236 -35.192913 0.31496063,58.576772 -35.507874 0.31496063,
  58.588909 -35.446856 0.31496063,58.623473 -35.395127 0.31496063,
  58.675202 -35.360563 0.31496063,58.73622 -35.348425 0.31496063,
  58.797239 -35.360563 0.31496063,58.848968 -35.395127 0.31496063,
  58.883532 -35.446856 0.31496063,58.895669 -35.507874 0.31496063,
  58.883532 -35.568892 0.31496063,58.848968 -35.620621 0.31496063,
  58.797239 -35.655186 0.31496063,58.73622 -35.667323 0.31496063,
  58.675202 -35.655186 0.31496063,58.623473 -35.620621 0.31496063,
  58.588909 -35.568892 0.31496063,58.547869 -36.19443 0.31496063,
  58.487312 -36.206476 0.31496063,58.430269 -36.230104 0.31496063,
  58.378931 -36.264406 0.31496063,58.335272 -36.308065 0.31496063,
  58.30097 -36.359403 0.31496063,58.277342 -36.416446 0.31496063,
  58.265296 -36.477002 0.31496063,58.265296 -36.538746 0.31496063,
  58.277342 -36.599302 0.31496063,58.30097 -36.656345 0.31496063,
  58.335272 -36.707683 0.31496063,58.378931 -36.751342 0.31496063,
  58.430269 -36.785644 0.31496063,58.487312 -36.809272 0.31496063,
  58.547869 -36.821318 0.31496063,58.57874 -36.822835 0.31496063,
  58.893701 -36.822835 0.31496063,58.924572 -36.821318 0.31496063,
  58.985129 -36.809272 0.31496063,59.042172 -36.785644 0.31496063,
  59.09351 -36.751342 0.31496063,59.137169 -36.707683 0.31496063,
  59.171471 -36.656345 0.31496063,59.195099 -36.599302 0.31496063,
  59.207145 -36.538746 0.31496063,59.207145 -36.477002 0.31496063,
  59.195099 -36.416446 0.31496063,59.171471 -36.359403 0.31496063,
  59.137169 -36.308065 0.31496063,59.09351 -36.264406 0.31496063,
  59.042172 -36.230104 0.31496063,58.985129 -36.206476 0.31496063,
  58.924572 -36.19443 0.31496063,58.893701 -36.192913 0.31496063,
  58.57874 -36.192913 0.31496063,58.576772 -36.507874 0.31496063,
  58.588909 -36.446856 0.31496063,58.623473 -36.395127 0.31496063,
  58.675202 -36.360563 0.31496063,58.73622 -36.348425 0.31496063,
  58.797239 -36.360563 0.31496063,58.848968 -36.395127 0.31496063,
  58.883532 -36.446856 0.31496063,58.895669 -36.507874 0.31496063,
  58.883532 -36.568892 0.31496063,58.848968 -36.620621 0.31496063,
  58.797239 -36.655186 0.31496063,58.73622 -36.667323 0.31496063,
  58.675202 -36.655186 0.31496063,58.623473 -36.620621 0.31496063,
  58.588909 -36.568892 0.31496063,58.547869 -38.19443 0.31496063,
  58.487312 -38.206476 0.31496063,58.430269 -38.230104 0.31496063,
  58.378931 -38.264406 0.31496063,58.335272 -38.308065 0.31496063,
  58.30097 -38.359403 0.31496063,58.277342 -38.416446 0.31496063,
  58.265296 -38.477002 0.31496063,58.265296 -38.538746 0.31496063,
  58.277342 -38.599302 0.31496063,58.30097 -38.656345 0.31496063,
  58.335272 -38.707683 0.31496063,58.378931 -38.751342 0.31496063,
  58.430269 -38.785644 0.31496063,58.487312 -38.809272 0.31496063,
  58.547869 -38.821318 0.31496063,58.57874 -38.822835 0.31496063,
  58.893701 -38.822835 0.31496063,58.924572 -38.821318 0.31496063,
  58.985129 -38.809272 0.31496063,59.042172 -38.785644 0.31496063,
  59.09351 -38.751342 0.31496063,59.137169 -38.707683 0.31496063,
  59.171471 -38.656345 0.31496063,59.195099 -38.599302 0.31496063,
  59.207145 -38.538746 0.31496063,59.207145 -38.477002 0.31496063,
  59.195099 -38.416446 0.31496063,59.171471 -38.359403 0.31496063,
  59.137169 -38.308065 0.31496063,59.09351 -38.264406 0.31496063,
  59.042172 -38.230104 0.31496063,58.985129 -38.206476 0.31496063,
  58.924572 -38.19443 0.31496063,58.893701 -38.192913 0.31496063,
  58.57874 -38.192913 0.31496063,58.576772 -38.507874 0.31496063,
  58.588909 -38.446856 0.31496063,58.623473 -38.395127 0.31496063,
  58.675202 -38.360563 0.31496063,58.73622 -38.348425 0.31496063,
  58.797239 -38.360563 0.31496063,58.848968 -38.395127 0.31496063,
  58.883532 -38.446856 0.31496063,58.895669 -38.507874 0.31496063,
  58.883532 -38.568892 0.31496063,58.848968 -38.620621 0.31496063,
  58.797239 -38.655186 0.31496063,58.73622 -38.667323 0.31496063,
  58.675202 -38.655186 0.31496063,58.623473 -38.620621 0.31496063,
  58.588909 -38.568892 0.31496063,61.547869 -38.19443 0.31496063,
  61.487312 -38.206476 0.31496063,61.430269 -38.230104 0.31496063,
  61.378931 -38.264406 0.31496063,61.335272 -38.308065 0.31496063,
  61.30097 -38.359403 0.31496063,61.277342 -38.416446 0.31496063,
  61.265296 -38.477002 0.31496063,61.265296 -38.538746 0.31496063,
  61.277342 -38.599302 0.31496063,61.30097 -38.656345 0.31496063,
  61.335272 -38.707683 0.31496063,61.378931 -38.751342 0.31496063,
  61.430269 -38.785644 0.31496063,61.487312 -38.809272 0.31496063,
  61.547869 -38.821318 0.31496063,61.57874 -38.822835 0.31496063,
  61.893701 -38.822835 0.31496063,61.924572 -38.821318 0.31496063,
  61.985129 -38.809272 0.31496063,62.042172 -38.785644 0.31496063,
  62.09351 -38.751342 0.31496063,62.137169 -38.707683 0.31496063,
  62.171471 -38.656345 0.31496063,62.195099 -38.599302 0.31496063,
  62.207145 -38.538746 0.31496063,62.207145 -38.477002 0.31496063,
  62.195099 -38.416446 0.31496063,62.171471 -38.359403 0.31496063,
  62.137169 -38.308065 0.31496063,62.09351 -38.264406 0.31496063,
  62.042172 -38.230104 0.31496063,61.985129 -38.206476 0.31496063,
  61.924572 -38.19443 0.31496063,61.893701 -38.192913 0.31496063,
  61.57874 -38.192913 0.31496063,61.576772 -38.507874 0.31496063,
  61.588909 -38.446856 0.31496063,61.623473 -38.395127 0.31496063,
  61.675202 -38.360563 0.31496063,61.73622 -38.348425 0.31496063,
  61.797239 -38.360563 0.31496063,61.848968 -38.395127 0.31496063,
  61.883532 -38.446856 0.31496063,61.895669 -38.507874 0.31496063,
  61.883532 -38.568892 0.31496063,61.848968 -38.620621 0.31496063,
  61.797239 -38.655186 0.31496063,61.73622 -38.667323 0.31496063,
  61.675202 -38.655186 0.31496063,61.623473 -38.620621 0.31496063,
  61.588909 -38.568892 0.31496063,61.547869 -37.19443 0.31496063,
  61.487312 -37.206476 0.31496063,61.430269 -37.230104 0.31496063,
  61.378931 -37.264406 0.31496063,61.335272 -37.308065 0.31496063,
  61.30097 -37.359403 0.31496063,61.277342 -37.416446 0.31496063,
  61.265296 -37.477002 0.31496063,61.265296 -37.538746 0.31496063,
  61.277342 -37.599302 0.31496063,61.30097 -37.656345 0.31496063,
  61.335272 -37.707683 0.31496063,61.378931 -37.751342 0.31496063,
  61.430269 -37.785644 0.31496063,61.487312 -37.809272 0.31496063,
  61.547869 -37.821318 0.31496063,61.57874 -37.822835 0.31496063,
  61.893701 -37.822835 0.31496063,61.924572 -37.821318 0.31496063,
  61.985129 -37.809272 0.31496063,62.042172 -37.785644 0.31496063,
  62.09351 -37.751342 0.31496063,62.137169 -37.707683 0.31496063,
  62.171471 -37.656345 0.31496063,62.195099 -37.599302 0.31496063,
  62.207145 -37.538746 0.31496063,62.207145 -37.477002 0.31496063,
  62.195099 -37.416446 0.31496063,62.171471 -37.359403 0.31496063,
  62.137169 -37.308065 0.31496063,62.09351 -37.264406 0.31496063,
  62.042172 -37.230104 0.31496063,61.985129 -37.206476 0.31496063,
  61.924572 -37.19443 0.31496063,61.893701 -37.192913 0.31496063,
  61.57874 -37.192913 0.31496063,61.576772 -37.507874 0.31496063,
  61.588909 -37.446856 0.31496063,61.623473 -37.395127 0.31496063,
  61.675202 -37.360563 0.31496063,61.73622 -37.348425 0.31496063,
  61.797239 -37.360563 0.31496063,61.848968 -37.395127 0.31496063,
  61.883532 -37.446856 0.31496063,61.895669 -37.507874 0.31496063,
  61.883532 -37.568892 0.31496063,61.848968 -37.620621 0.31496063,
  61.797239 -37.655186 0.31496063,61.73622 -37.667323 0.31496063,
  61.675202 -37.655186 0.31496063,61.623473 -37.620621 0.31496063,
  61.588909 -37.568892 0.31496063,61.547869 -36.19443 0.31496063,
  61.487312 -36.206476 0.31496063,61.430269 -36.230104 0.31496063,
  61.378931 -36.264406 0.31496063,61.335272 -36.308065 0.31496063,
  61.30097 -36.359403 0.31496063,61.277342 -36.416446 0.31496063,
  61.265296 -36.477002 0.31496063,61.265296 -36.538746 0.31496063,
  61.277342 -36.599302 0.31496063,61.30097 -36.656345 0.31496063,
  61.335272 -36.707683 0.31496063,61.378931 -36.751342 0.31496063,
  61.430269 -36.785644 0.31496063,61.487312 -36.809272 0.31496063,
  61.547869 -36.821318 0.31496063,61.57874 -36.822835 0.31496063,
  61.893701 -36.822835 0.31496063,61.924572 -36.821318 0.31496063,
  61.985129 -36.809272 0.31496063,62.042172 -36.785644 0.31496063,
  62.09351 -36.751342 0.31496063,62.137169 -36.707683 0.31496063,
  62.171471 -36.656345 0.31496063,62.195099 -36.599302 0.31496063,
  62.207145 -36.538746 0.31496063,62.207145 -36.477002 0.31496063,
  62.195099 -36.416446 0.31496063,62.171471 -36.359403 0.31496063,
  62.137169 -36.308065 0.31496063,62.09351 -36.264406 0.31496063,
  62.042172 -36.230104 0.31496063,61.985129 -36.206476 0.31496063,
  61.924572 -36.19443 0.31496063,61.893701 -36.192913 0.31496063,
  61.57874 -36.192913 0.31496063,61.576772 -36.507874 0.31496063,
  61.588909 -36.446856 0.31496063,61.623473 -36.395127 0.31496063,
  61.675202 -36.360563 0.31496063,61.73622 -36.348425 0.31496063,
  61.797239 -36.360563 0.31496063,61.848968 -36.395127 0.31496063,
  61.883532 -36.446856 0.31496063,61.895669 -36.507874 0.31496063,
  61.883532 -36.568892 0.31496063,61.848968 -36.620621 0.31496063,
  61.797239 -36.655186 0.31496063,61.73622 -36.667323 0.31496063,
  61.675202 -36.655186 0.31496063,61.623473 -36.620621 0.31496063,
  61.588909 -36.568892 0.31496063,61.547869 -35.19443 0.31496063,
  61.487312 -35.206476 0.31496063,61.430269 -35.230104 0.31496063,
  61.378931 -35.264406 0.31496063,61.335272 -35.308065 0.31496063,
  61.30097 -35.359403 0.31496063,61.277342 -35.416446 0.31496063,
  61.265296 -35.477002 0.31496063,61.265296 -35.538746 0.31496063,
  61.277342 -35.599302 0.31496063,61.30097 -35.656345 0.31496063,
  61.335272 -35.707683 0.31496063,61.378931 -35.751342 0.31496063,
  61.430269 -35.785644 0.31496063,61.487312 -35.809272 0.31496063,
  61.547869 -35.821318 0.31496063,61.57874 -35.822835 0.31496063,
  61.893701 -35.822835 0.31496063,61.924572 -35.821318 0.31496063,
  61.985129 -35.809272 0.31496063,62.042172 -35.785644 0.31496063,
  62.09351 -35.751342 0.31496063,62.137169 -35.707683 0.31496063,
  62.171471 -35.656345 0.31496063,62.195099 -35.599302 0.31496063,
  62.207145 -35.538746 0.31496063,62.207145 -35.477002 0.31496063,
  62.195099 -35.416446 0.31496063,62.171471 -35.359403 0.31496063,
  62.137169 -35.308065 0.31496063,62.09351 -35.264406 0.31496063,
  62.042172 -35.230104 0.31496063,61.985129 -35.206476 0.31496063,
  61.924572 -35.19443 0.31496063,61.893701 -35.192913 0.31496063,
  61.57874 -35.192913 0.31496063,61.576772 -35.507874 0.31496063,
  61.588909 -35.446856 0.31496063,61.623473 -35.395127 0.31496063,
  61.675202 -35.360563 0.31496063,61.73622 -35.348425 0.31496063,
  61.797239 -35.360563 0.31496063,61.848968 -35.395127 0.31496063,
  61.883532 -35.446856 0.31496063,61.895669 -35.507874 0.31496063,
  61.883532 -35.568892 0.31496063,61.848968 -35.620621 0.31496063,
  61.797239 -35.655186 0.31496063,61.73622 -35.667323 0.31496063,
  61.675202 -35.655186 0.31496063,61.623473 -35.620621 0.31496063,
  61.588909 -35.568892 0.31496063,60.289131 -42.722642 0.31496063,
  60.343705 -42.668068 0.31496063,60.386583 -42.603896 0.31496063,
  60.416118 -42.532593 0.31496063,60.431175 -42.456896 0.31496063,
  60.431175 -42.379718 0.31496063,60.416118 -42.304022 0.31496063,
  60.386583 -42.232718 0.31496063,60.343705 -42.168546 0.31496063,
  60.289131 -42.113972 0.31496063,60.224959 -42.071094 0.31496063,
  60.153656 -42.041559 0.31496063,60.077959 -42.026502 0.31496063,
  60.000781 -42.026502 0.31496063,59.925085 -42.041559 0.31496063,
  59.853781 -42.071094 0.31496063,59.789609 -42.113972 0.31496063,
  59.735035 -42.168546 0.31496063,59.692157 -42.232718 0.31496063,
  59.662622 -42.304022 0.31496063,59.647565 -42.379718 0.31496063,
  59.647565 -42.456896 0.31496063,59.662622 -42.532593 0.31496063,
  59.692157 -42.603896 0.31496063,59.734593 -42.667406 0.31496063,
  57.618535 -44.783465 0.31496063,56.917475 -44.783465 0.31496063,
  56.909393 -44.742835 0.31496063,56.888719 -44.692922 0.31496063,
  56.858704 -44.648002 0.31496063,56.820502 -44.6098 0.31496063,
  56.775582 -44.579785 0.31496063,56.725669 -44.559111 0.31496063,
  56.672682 -44.548571 0.31496063,56.618657 -44.548571 0.31496063,
  56.56567 -44.559111 0.31496063,56.515757 -44.579785 0.31496063,
  56.470837 -44.6098 0.31496063,56.432635 -44.648002 0.31496063,
  56.40262 -44.692922 0.31496063,56.381946 -44.742835 0.31496063,
  56.371406 -44.795822 0.31496063,56.371406 -44.849847 0.31496063,
  56.381946 -44.902834 0.31496063,56.40262 -44.952747 0.31496063,
  56.432635 -44.997667 0.31496063,56.470837 -45.035869 0.31496063,
  56.515757 -45.065884 0.31496063,56.56567 -45.086558 0.31496063,
  56.618657 -45.097098 0.31496063,56.672682 -45.097098 0.31496063,
  56.725669 -45.086558 0.31496063,56.775582 -45.065884 0.31496063,
  56.820502 -45.035869 0.31496063,56.858704 -44.997667 0.31496063,
  56.888719 -44.952747 0.31496063,56.909393 -44.902834 0.31496063,
  56.917475 -44.862205 0.31496063,57.634843 -44.862205 0.31496063,
  57.642523 -44.861448 0.31496063,57.656715 -44.85557 0.31496063,
  57.662681 -44.850674 0.31496063,59.79027 -42.723084 0.31496063,
  59.853781 -42.76552 0.31496063,59.925085 -42.795055 0.31496063,
  60.000781 -42.810112 0.31496063,60.077959 -42.810112 0.31496063,
  60.153656 -42.795055 0.31496063,60.224959 -42.76552 0.31496063,
  60.238189 -42.418307 0.31496063,60.223055 -42.494392 0.31496063,
  60.179956 -42.558893 0.31496063,60.115455 -42.601992 0.31496063,
  60.03937 -42.617126 0.31496063,59.963285 -42.601992 0.31496063,
  59.898784 -42.558893 0.31496063,59.855685 -42.494392 0.31496063,
  59.840551 -42.418307 0.31496063,59.855685 -42.342222 0.31496063,
  59.898784 -42.277721 0.31496063,59.963285 -42.234622 0.31496063,
  60.03937 -42.219488 0.31496063,60.115455 -42.234622 0.31496063,
  60.179956 -42.277721 0.31496063,60.223055 -42.342222 0.31496063,
  56.505906 -44.822835 0.31496063,56.516544 -44.769349 0.31496063,
  56.546841 -44.724007 0.31496063,56.592184 -44.69371 0.31496063,
  56.645669 -44.683071 0.31496063,56.699155 -44.69371 0.31496063,
  56.744497 -44.724007 0.31496063,56.774794 -44.769349 0.31496063,
  56.785433 -44.822835 0.31496063,56.774794 -44.87632 0.31496063,
  56.744497 -44.921663 0.31496063,56.699155 -44.95196 0.31496063,
  56.645669 -44.962598 0.31496063,56.592184 -44.95196 0.31496063,
  56.546841 -44.921663 0.31496063,56.516544 -44.87632 0.31496063,
  56.470837 -47.6098 0.31496063,56.432635 -47.648002 0.31496063,
  56.40262 -47.692922 0.31496063,56.381946 -47.742835 0.31496063,
  56.371406 -47.795822 0.31496063,56.371406 -47.849847 0.31496063,
  56.381946 -47.902834 0.31496063,56.40262 -47.952747 0.31496063,
  56.432635 -47.997667 0.31496063,56.470837 -48.035869 0.31496063,
  56.515757 -48.065884 0.31496063,56.56567 -48.086558 0.31496063,
  56.618657 -48.097098 0.31496063,56.672682 -48.097098 0.31496063,
  56.725669 -48.086558 0.31496063,56.775582 -48.065884 0.31496063,
  56.820502 -48.035869 0.31496063,56.858704 -47.997667 0.31496063,
  56.888719 -47.952747 0.31496063,56.909393 -47.902834 0.31496063,
  56.919933 -47.849847 0.31496063,56.919933 -47.795822 0.31496063,
  56.909393 -47.742835 0.31496063,56.888719 -47.692922 0.31496063,
  56.858704 -47.648002 0.31496063,56.820502 -47.6098 0.31496063,
  56.775582 -47.579785 0.31496063,56.725669 -47.559111 0.31496063,
  56.672682 -47.548571 0.31496063,56.618657 -47.548571 0.31496063,
  56.56567 -47.559111 0.31496063,56.515757 -47.579785 0.31496063,
  56.505906 -47.822835 0.31496063,56.516544 -47.769349 0.31496063,
  56.546841 -47.724007 0.31496063,56.592184 -47.69371 0.31496063,
  56.645669 -47.683071 0.31496063,56.699155 -47.69371 0.31496063,
  56.744497 -47.724007 0.31496063,56.774794 -47.769349 0.31496063,
  56.785433 -47.822835 0.31496063,56.774794 -47.87632 0.31496063,
  56.744497 -47.921663 0.31496063,56.699155 -47.95196 0.31496063,
  56.645669 -47.962598 0.31496063,56.592184 -47.95196 0.31496063,
  56.546841 -47.921663 0.31496063,56.516544 -47.87632 0.31496063] }
 coordIndex [
  9,55,8,-1,8,55,56,-1,8,56,71,-1,71,56,57,-1,71,57,70,-1,70,57,58,-1,70,58,69,-1,69,58,59,-1,
  69,59,68,-1,68,59,60,-1,68,60,67,-1,67,60,61,-1,67,61,66,-1,66,61,62,-1,66,62,65,-1,65,62,63,-1,
  65,63,64,-1,72,73,2,-1,72,2,3,-1,72,3,4,-1,72,4,5,-1,72,5,6,-1,72,6,7,-1,72,7,8,-1,
  72,8,71,-1,53,54,74,-1,74,54,0,-1,74,0,73,-1,73,0,1,-1,73,1,2,-1,55,9,10,-1,55,10,11,-1,
  55,11,12,-1,55,12,13,-1,55,13,14,-1,55,14,54,-1,15,0,54,-1,15,54,14,-1,50,51,75,-1,75,51,52,-1,
  75,52,74,-1,74,52,53,-1,81,83,80,-1,80,83,84,-1,80,84,79,-1,79,84,85,-1,79,85,78,-1,78,85,86,-1,
  78,86,77,-1,77,86,87,-1,77,87,76,-1,76,87,48,-1,76,48,75,-1,75,48,49,-1,75,49,50,-1,41,42,93,-1,
  93,42,43,-1,93,43,92,-1,92,43,44,-1,92,44,91,-1,91,44,45,-1,91,45,90,-1,90,45,46,-1,90,46,88,-1,
  88,46,47,-1,88,47,87,-1,87,47,48,-1,99,100,97,-1,97,100,101,-1,97,101,96,-1,96,101,102,-1,96,102,95,-1,
  95,102,103,-1,95,103,94,-1,94,103,104,-1,94,104,93,-1,93,104,41,-1,106,16,108,-1,106,108,109,-1,106,109,110,-1,
  106,110,111,-1,106,111,105,-1,120,121,25,-1,25,121,122,-1,25,122,16,-1,16,122,107,-1,16,107,108,-1,126,127,136,-1,
  136,127,128,-1,136,128,135,-1,135,128,129,-1,135,129,134,-1,134,129,130,-1,134,130,133,-1,133,130,131,-1,133,131,132,-1,
  149,150,126,-1,126,150,151,-1,126,151,125,-1,125,151,152,-1,125,152,124,-1,124,152,155,-1,124,155,156,-1,147,148,149,-1,
  147,149,126,-1,147,126,136,-1,147,136,137,-1,147,137,146,-1,142,143,140,-1,140,143,144,-1,140,144,139,-1,139,144,145,-1,
  139,145,138,-1,138,145,146,-1,138,146,137,-1,153,154,155,-1,153,155,152,-1,177,159,168,-1,168,159,160,-1,168,160,167,-1,
  167,160,161,-1,167,161,166,-1,166,161,162,-1,166,162,165,-1,165,162,163,-1,165,163,164,-1,168,123,172,-1,168,172,173,-1,
  168,173,174,-1,168,174,175,-1,168,175,176,-1,168,176,177,-1,123,124,158,-1,123,158,169,-1,123,169,170,-1,123,170,171,-1,
  123,171,172,-1,159,177,178,-1,159,178,179,-1,159,179,180,-1,159,180,181,-1,159,181,182,-1,159,182,158,-1,158,182,183,-1,
  158,183,184,-1,158,184,169,-1,124,156,157,-1,124,157,158,-1,196,197,194,-1,194,197,198,-1,194,198,193,-1,193,198,199,-1,
  193,199,192,-1,192,199,200,-1,192,200,191,-1,191,200,201,-1,191,201,190,-1,190,201,202,-1,190,202,189,-1,189,202,203,-1,
  189,203,188,-1,188,203,204,-1,188,204,187,-1,187,204,185,-1,187,185,186,-1,246,220,245,-1,245,220,221,-1,245,221,230,-1,
  230,221,222,-1,230,222,229,-1,229,222,223,-1,229,223,228,-1,228,223,224,-1,228,224,227,-1,227,224,225,-1,227,225,226,-1,
  231,232,243,-1,231,243,244,-1,231,244,245,-1,231,245,230,-1,238,239,235,-1,235,239,240,-1,235,240,234,-1,234,240,241,-1,
  234,241,233,-1,233,241,242,-1,233,242,232,-1,232,242,243,-1,214,215,205,-1,205,215,237,-1,205,237,236,-1,236,237,238,-1,
  236,238,235,-1,251,216,250,-1,250,216,217,-1,250,217,249,-1,249,217,218,-1,249,218,248,-1,248,218,219,-1,248,219,247,-1,
  247,219,220,-1,247,220,246,-1,252,237,215,-1,252,215,216,-1,252,216,251,-1,209,211,208,-1,208,211,212,-1,208,212,207,-1,
  207,212,213,-1,207,213,206,-1,206,213,214,-1,206,214,205,-1,294,268,293,-1,293,268,269,-1,293,269,278,-1,278,269,270,-1,
  278,270,277,-1,277,270,271,-1,277,271,276,-1,276,271,272,-1,276,272,275,-1,275,272,273,-1,275,273,274,-1,279,280,291,-1,
  279,291,292,-1,279,292,293,-1,279,293,278,-1,286,287,283,-1,283,287,288,-1,283,288,282,-1,282,288,289,-1,282,289,281,-1,
  281,289,290,-1,281,290,280,-1,280,290,291,-1,262,263,253,-1,253,263,285,-1,253,285,284,-1,284,285,286,-1,284,286,283,-1,
  299,264,298,-1,298,264,265,-1,298,265,297,-1,297,265,266,-1,297,266,296,-1,296,266,267,-1,296,267,295,-1,295,267,268,-1,
  295,268,294,-1,300,285,263,-1,300,263,264,-1,300,264,299,-1,257,259,256,-1,256,259,260,-1,256,260,255,-1,255,260,261,-1,
  255,261,254,-1,254,261,262,-1,254,262,253,-1,342,316,341,-1,341,316,317,-1,341,317,326,-1,326,317,318,-1,326,318,325,-1,
  325,318,319,-1,325,319,324,-1,324,319,320,-1,324,320,323,-1,323,320,321,-1,323,321,322,-1,327,328,339,-1,327,339,340,-1,
  327,340,341,-1,327,341,326,-1,334,335,331,-1,331,335,336,-1,331,336,330,-1,330,336,337,-1,330,337,329,-1,329,337,338,-1,
  329,338,328,-1,328,338,339,-1,310,311,301,-1,301,311,333,-1,301,333,332,-1,332,333,334,-1,332,334,331,-1,347,312,346,-1,
  346,312,313,-1,346,313,345,-1,345,313,314,-1,345,314,344,-1,344,314,315,-1,344,315,343,-1,343,315,316,-1,343,316,342,-1,
  348,333,311,-1,348,311,312,-1,348,312,347,-1,305,307,304,-1,304,307,308,-1,304,308,303,-1,303,308,309,-1,303,309,302,-1,
  302,309,310,-1,302,310,301,-1,390,364,389,-1,389,364,365,-1,389,365,374,-1,374,365,366,-1,374,366,373,-1,373,366,367,-1,
  373,367,372,-1,372,367,368,-1,372,368,371,-1,371,368,369,-1,371,369,370,-1,375,376,387,-1,375,387,388,-1,375,388,389,-1,
  375,389,374,-1,382,383,379,-1,379,383,384,-1,379,384,378,-1,378,384,385,-1,378,385,377,-1,377,385,386,-1,377,386,376,-1,
  376,386,387,-1,358,359,349,-1,349,359,381,-1,349,381,380,-1,380,381,382,-1,380,382,379,-1,395,360,394,-1,394,360,361,-1,
  394,361,393,-1,393,361,362,-1,393,362,392,-1,392,362,363,-1,392,363,391,-1,391,363,364,-1,391,364,390,-1,396,381,359,-1,
  396,359,360,-1,396,360,395,-1,353,355,352,-1,352,355,356,-1,352,356,351,-1,351,356,357,-1,351,357,350,-1,350,357,358,-1,
  350,358,349,-1,438,412,437,-1,437,412,413,-1,437,413,422,-1,422,413,414,-1,422,414,421,-1,421,414,415,-1,421,415,420,-1,
  420,415,416,-1,420,416,419,-1,419,416,417,-1,419,417,418,-1,423,424,435,-1,423,435,436,-1,423,436,437,-1,423,437,422,-1,
  430,431,427,-1,427,431,432,-1,427,432,426,-1,426,432,433,-1,426,433,425,-1,425,433,434,-1,425,434,424,-1,424,434,435,-1,
  406,407,397,-1,397,407,429,-1,397,429,428,-1,428,429,430,-1,428,430,427,-1,443,408,442,-1,442,408,409,-1,442,409,441,-1,
  441,409,410,-1,441,410,440,-1,440,410,411,-1,440,411,439,-1,439,411,412,-1,439,412,438,-1,444,429,407,-1,444,407,408,-1,
  444,408,443,-1,401,403,400,-1,400,403,404,-1,400,404,399,-1,399,404,405,-1,399,405,398,-1,398,405,406,-1,398,406,397,-1,
  36,37,38,-1,36,38,39,-1,36,39,40,-1,36,40,111,-1,36,111,112,-1,36,112,35,-1,115,26,35,-1,35,26,27,-1,
  35,27,34,-1,34,27,28,-1,34,28,33,-1,33,28,29,-1,33,29,32,-1,32,29,30,-1,32,30,31,-1,35,112,113,-1,
  35,113,114,-1,35,114,115,-1,105,111,40,-1,105,40,41,-1,105,41,104,-1,26,115,116,-1,26,116,117,-1,26,117,118,-1,
  26,118,119,-1,26,119,120,-1,26,120,25,-1,20,22,19,-1,19,22,23,-1,19,23,18,-1,18,23,24,-1,18,24,17,-1,
  17,24,25,-1,17,25,16,-1,486,460,485,-1,485,460,461,-1,485,461,470,-1,470,461,462,-1,470,462,469,-1,469,462,463,-1,
  469,463,468,-1,468,463,464,-1,468,464,467,-1,467,464,465,-1,467,465,466,-1,471,472,483,-1,471,483,484,-1,471,484,485,-1,
  471,485,470,-1,478,479,475,-1,475,479,480,-1,475,480,474,-1,474,480,481,-1,474,481,473,-1,473,481,482,-1,473,482,472,-1,
  472,482,483,-1,454,455,445,-1,445,455,477,-1,445,477,476,-1,476,477,478,-1,476,478,475,-1,491,456,490,-1,490,456,457,-1,
  490,457,489,-1,489,457,458,-1,489,458,488,-1,488,458,459,-1,488,459,487,-1,487,459,460,-1,487,460,486,-1,492,477,455,-1,
  492,455,456,-1,492,456,491,-1,449,451,448,-1,448,451,452,-1,448,452,447,-1,447,452,453,-1,447,453,446,-1,446,453,454,-1,
  446,454,445,-1,534,508,533,-1,533,508,509,-1,533,509,518,-1,518,509,510,-1,518,510,517,-1,517,510,511,-1,517,511,516,-1,
  516,511,512,-1,516,512,515,-1,515,512,513,-1,515,513,514,-1,519,520,531,-1,519,531,532,-1,519,532,533,-1,519,533,518,-1,
  526,527,523,-1,523,527,528,-1,523,528,522,-1,522,528,529,-1,522,529,521,-1,521,529,530,-1,521,530,520,-1,520,530,531,-1,
  502,503,493,-1,493,503,525,-1,493,525,524,-1,524,525,526,-1,524,526,523,-1,539,504,538,-1,538,504,505,-1,538,505,537,-1,
  537,505,506,-1,537,506,536,-1,536,506,507,-1,536,507,535,-1,535,507,508,-1,535,508,534,-1,540,525,503,-1,540,503,504,-1,
  540,504,539,-1,497,499,496,-1,496,499,500,-1,496,500,495,-1,495,500,501,-1,495,501,494,-1,494,501,502,-1,494,502,493,-1,
  582,556,581,-1,581,556,557,-1,581,557,566,-1,566,557,558,-1,566,558,565,-1,565,558,559,-1,565,559,564,-1,564,559,560,-1,
  564,560,563,-1,563,560,561,-1,563,561,562,-1,567,568,579,-1,567,579,580,-1,567,580,581,-1,567,581,566,-1,574,575,571,-1,
  571,575,576,-1,571,576,570,-1,570,576,577,-1,570,577,569,-1,569,577,578,-1,569,578,568,-1,568,578,579,-1,550,551,541,-1,
  541,551,573,-1,541,573,572,-1,572,573,574,-1,572,574,571,-1,587,552,586,-1,586,552,553,-1,586,553,585,-1,585,553,554,-1,
  585,554,584,-1,584,554,555,-1,584,555,583,-1,583,555,556,-1,583,556,582,-1,588,573,551,-1,588,551,552,-1,588,552,587,-1,
  545,547,544,-1,544,547,548,-1,544,548,543,-1,543,548,549,-1,543,549,542,-1,542,549,550,-1,542,550,541,-1,630,604,629,-1,
  629,604,605,-1,629,605,614,-1,614,605,606,-1,614,606,613,-1,613,606,607,-1,613,607,612,-1,612,607,608,-1,612,608,611,-1,
  611,608,609,-1,611,609,610,-1,615,616,627,-1,615,627,628,-1,615,628,629,-1,615,629,614,-1,622,623,619,-1,619,623,624,-1,
  619,624,618,-1,618,624,625,-1,618,625,617,-1,617,625,626,-1,617,626,616,-1,616,626,627,-1,598,599,589,-1,589,599,621,-1,
  589,621,620,-1,620,621,622,-1,620,622,619,-1,635,600,634,-1,634,600,601,-1,634,601,633,-1,633,601,602,-1,633,602,632,-1,
  632,602,603,-1,632,603,631,-1,631,603,604,-1,631,604,630,-1,636,621,599,-1,636,599,600,-1,636,600,635,-1,593,595,592,-1,
  592,595,596,-1,592,596,591,-1,591,596,597,-1,591,597,590,-1,590,597,598,-1,590,598,589,-1,665,647,656,-1,656,647,648,-1,
  656,648,655,-1,655,648,649,-1,655,649,654,-1,654,649,650,-1,654,650,653,-1,653,650,651,-1,653,651,652,-1,656,637,660,-1,
  656,660,661,-1,656,661,662,-1,656,662,663,-1,656,663,664,-1,656,664,665,-1,637,638,646,-1,637,646,672,-1,637,672,657,-1,
  637,657,658,-1,637,658,659,-1,637,659,660,-1,647,665,666,-1,647,666,667,-1,647,667,668,-1,647,668,669,-1,647,669,670,-1,
  647,670,646,-1,671,672,646,-1,671,646,670,-1,646,638,645,-1,645,638,639,-1,645,639,644,-1,644,639,640,-1,644,640,643,-1,
  643,640,641,-1,643,641,642,-1,718,690,717,-1,717,690,691,-1,717,691,706,-1,706,691,692,-1,706,692,705,-1,705,692,693,-1,
  705,693,704,-1,704,693,694,-1,704,694,703,-1,703,694,695,-1,703,695,702,-1,702,695,696,-1,702,696,701,-1,701,696,697,-1,
  701,697,700,-1,700,697,698,-1,700,698,699,-1,707,708,711,-1,707,711,712,-1,707,712,713,-1,707,713,714,-1,707,714,715,-1,
  707,715,716,-1,707,716,717,-1,707,717,706,-1,688,689,673,-1,673,689,709,-1,673,709,708,-1,708,709,710,-1,708,710,711,-1,
  690,718,719,-1,690,719,720,-1,690,720,721,-1,690,721,722,-1,690,722,723,-1,690,723,689,-1,724,709,689,-1,724,689,723,-1,
  680,682,679,-1,679,682,683,-1,679,683,678,-1,678,683,684,-1,678,684,677,-1,677,684,685,-1,677,685,676,-1,676,685,686,-1,
  676,686,675,-1,675,686,687,-1,675,687,674,-1,674,687,688,-1,674,688,673,-1,770,742,769,-1,769,742,743,-1,769,743,758,-1,
  758,743,744,-1,758,744,757,-1,757,744,745,-1,757,745,756,-1,756,745,746,-1,756,746,755,-1,755,746,747,-1,755,747,754,-1,
  754,747,748,-1,754,748,753,-1,753,748,749,-1,753,749,752,-1,752,749,750,-1,752,750,751,-1,759,760,763,-1,759,763,764,-1,
  759,764,765,-1,759,765,766,-1,759,766,767,-1,759,767,768,-1,759,768,769,-1,759,769,758,-1,740,741,725,-1,725,741,761,-1,
  725,761,760,-1,760,761,762,-1,760,762,763,-1,742,770,771,-1,742,771,772,-1,742,772,773,-1,742,773,774,-1,742,774,775,-1,
  742,775,741,-1,776,761,741,-1,776,741,775,-1,732,734,731,-1,731,734,735,-1,731,735,730,-1,730,735,736,-1,730,736,729,-1,
  729,736,737,-1,729,737,728,-1,728,737,738,-1,728,738,727,-1,727,738,739,-1,727,739,726,-1,726,739,740,-1,726,740,725,-1,
  822,794,821,-1,821,794,795,-1,821,795,810,-1,810,795,796,-1,810,796,809,-1,809,796,797,-1,809,797,808,-1,808,797,798,-1,
  808,798,807,-1,807,798,799,-1,807,799,806,-1,806,799,800,-1,806,800,805,-1,805,800,801,-1,805,801,804,-1,804,801,802,-1,
  804,802,803,-1,811,812,815,-1,811,815,816,-1,811,816,817,-1,811,817,818,-1,811,818,819,-1,811,819,820,-1,811,820,821,-1,
  811,821,810,-1,792,793,777,-1,777,793,813,-1,777,813,812,-1,812,813,814,-1,812,814,815,-1,794,822,823,-1,794,823,824,-1,
  794,824,825,-1,794,825,826,-1,794,826,827,-1,794,827,793,-1,828,813,793,-1,828,793,827,-1,784,786,783,-1,783,786,787,-1,
  783,787,782,-1,782,787,788,-1,782,788,781,-1,781,788,789,-1,781,789,780,-1,780,789,790,-1,780,790,779,-1,779,790,791,-1,
  779,791,778,-1,778,791,792,-1,778,792,777,-1,874,846,873,-1,873,846,847,-1,873,847,862,-1,862,847,848,-1,862,848,861,-1,
  861,848,849,-1,861,849,860,-1,860,849,850,-1,860,850,859,-1,859,850,851,-1,859,851,858,-1,858,851,852,-1,858,852,857,-1,
  857,852,853,-1,857,853,856,-1,856,853,854,-1,856,854,855,-1,863,864,867,-1,863,867,868,-1,863,868,869,-1,863,869,870,-1,
  863,870,871,-1,863,871,872,-1,863,872,873,-1,863,873,862,-1,844,845,829,-1,829,845,865,-1,829,865,864,-1,864,865,866,-1,
  864,866,867,-1,846,874,875,-1,846,875,876,-1,846,876,877,-1,846,877,878,-1,846,878,879,-1,846,879,845,-1,880,865,845,-1,
  880,845,879,-1,836,838,835,-1,835,838,839,-1,835,839,834,-1,834,839,840,-1,834,840,833,-1,833,840,841,-1,833,841,832,-1,
  832,841,842,-1,832,842,831,-1,831,842,843,-1,831,843,830,-1,830,843,844,-1,830,844,829,-1,926,898,925,-1,925,898,899,-1,
  925,899,914,-1,914,899,900,-1,914,900,913,-1,913,900,901,-1,913,901,912,-1,912,901,902,-1,912,902,911,-1,911,902,903,-1,
  911,903,910,-1,910,903,904,-1,910,904,909,-1,909,904,905,-1,909,905,908,-1,908,905,906,-1,908,906,907,-1,915,916,919,-1,
  915,919,920,-1,915,920,921,-1,915,921,922,-1,915,922,923,-1,915,923,924,-1,915,924,925,-1,915,925,914,-1,896,897,881,-1,
  881,897,917,-1,881,917,916,-1,916,917,918,-1,916,918,919,-1,898,926,927,-1,898,927,928,-1,898,928,929,-1,898,929,930,-1,
  898,930,931,-1,898,931,897,-1,932,917,897,-1,932,897,931,-1,888,890,887,-1,887,890,891,-1,887,891,886,-1,886,891,892,-1,
  886,892,885,-1,885,892,893,-1,885,893,884,-1,884,893,894,-1,884,894,883,-1,883,894,895,-1,883,895,882,-1,882,895,896,-1,
  882,896,881,-1,978,950,977,-1,977,950,951,-1,977,951,966,-1,966,951,952,-1,966,952,965,-1,965,952,953,-1,965,953,964,-1,
  964,953,954,-1,964,954,963,-1,963,954,955,-1,963,955,962,-1,962,955,956,-1,962,956,961,-1,961,956,957,-1,961,957,960,-1,
  960,957,958,-1,960,958,959,-1,967,968,971,-1,967,971,972,-1,967,972,973,-1,967,973,974,-1,967,974,975,-1,967,975,976,-1,
  967,976,977,-1,967,977,966,-1,948,949,933,-1,933,949,969,-1,933,969,968,-1,968,969,970,-1,968,970,971,-1,950,978,979,-1,
  950,979,980,-1,950,980,981,-1,950,981,982,-1,950,982,983,-1,950,983,949,-1,984,969,949,-1,984,949,983,-1,940,942,939,-1,
  939,942,943,-1,939,943,938,-1,938,943,944,-1,938,944,937,-1,937,944,945,-1,937,945,936,-1,936,945,946,-1,936,946,935,-1,
  935,946,947,-1,935,947,934,-1,934,947,948,-1,934,948,933,-1,1000,1001,1047,-1,1047,1001,1002,-1,1047,1002,1009,-1,1009,1002,1003,-1,
  1009,1003,1008,-1,1008,1003,1004,-1,1008,1004,1007,-1,1007,1004,1005,-1,1007,1005,1006,-1,1055,1053,1054,-1,1054,1053,985,-1,1054,985,994,-1,
  994,985,986,-1,994,986,993,-1,993,986,987,-1,993,987,992,-1,992,987,988,-1,992,988,991,-1,991,988,989,-1,991,989,990,-1,
  995,996,1068,-1,995,1068,1069,-1,995,1069,1054,-1,995,1054,994,-1,1063,1064,999,-1,999,1064,1065,-1,999,1065,998,-1,998,1065,1066,-1,
  998,1066,997,-1,997,1066,1067,-1,997,1067,996,-1,996,1067,1068,-1,1000,1047,1062,-1,1000,1062,1063,-1,1000,1063,999,-1,1009,1010,1043,-1,
  1009,1043,1044,-1,1009,1044,1045,-1,1009,1045,1046,-1,1009,1046,1047,-1,1079,1037,1078,-1,1078,1037,1038,-1,1078,1038,1015,-1,1015,1038,1039,-1,
  1015,1039,1014,-1,1014,1039,1040,-1,1014,1040,1013,-1,1013,1040,1041,-1,1013,1041,1012,-1,1012,1041,1042,-1,1012,1042,1011,-1,1011,1042,1043,-1,
  1011,1043,1010,-1,1016,1017,1076,-1,1016,1076,1077,-1,1016,1077,1078,-1,1016,1078,1015,-1,1071,1072,1020,-1,1020,1072,1073,-1,1020,1073,1019,-1,
  1019,1073,1074,-1,1019,1074,1018,-1,1018,1074,1075,-1,1018,1075,1017,-1,1017,1075,1076,-1,1031,1032,1022,-1,1022,1032,1070,-1,1022,1070,1021,-1,
  1021,1070,1071,-1,1021,1071,1020,-1,1060,1049,1059,-1,1059,1049,1050,-1,1059,1050,1058,-1,1058,1050,1051,-1,1058,1051,1057,-1,1057,1051,1052,-1,
  1057,1052,1056,-1,1056,1052,1053,-1,1056,1053,1055,-1,1061,1062,1048,-1,1061,1048,1049,-1,1061,1049,1060,-1,1084,1033,1083,-1,1083,1033,1034,-1,
  1083,1034,1082,-1,1082,1034,1035,-1,1082,1035,1081,-1,1081,1035,1036,-1,1081,1036,1080,-1,1080,1036,1037,-1,1080,1037,1079,-1,1085,1070,1032,-1,
  1085,1032,1033,-1,1085,1033,1084,-1,1026,1028,1025,-1,1025,1028,1029,-1,1025,1029,1024,-1,1024,1029,1030,-1,1024,1030,1023,-1,1023,1030,1031,-1,
  1023,1031,1022,-1,1127,1101,1126,-1,1126,1101,1102,-1,1126,1102,1111,-1,1111,1102,1103,-1,1111,1103,1110,-1,1110,1103,1104,-1,1110,1104,1109,-1,
  1109,1104,1105,-1,1109,1105,1108,-1,1108,1105,1106,-1,1108,1106,1107,-1,1112,1113,1124,-1,1112,1124,1125,-1,1112,1125,1126,-1,1112,1126,1111,-1,
  1119,1120,1116,-1,1116,1120,1121,-1,1116,1121,1115,-1,1115,1121,1122,-1,1115,1122,1114,-1,1114,1122,1123,-1,1114,1123,1113,-1,1113,1123,1124,-1,
  1095,1096,1086,-1,1086,1096,1118,-1,1086,1118,1117,-1,1117,1118,1119,-1,1117,1119,1116,-1,1132,1097,1131,-1,1131,1097,1098,-1,1131,1098,1130,-1,
  1130,1098,1099,-1,1130,1099,1129,-1,1129,1099,1100,-1,1129,1100,1128,-1,1128,1100,1101,-1,1128,1101,1127,-1,1133,1118,1096,-1,1133,1096,1097,-1,
  1133,1097,1132,-1,1090,1092,1089,-1,1089,1092,1093,-1,1089,1093,1088,-1,1088,1093,1094,-1,1088,1094,1087,-1,1087,1094,1095,-1,1087,1095,1086,-1,
  1092,1090,1091,-1,1028,1026,1027,-1,1048,1062,1047,-1,942,940,941,-1,890,888,889,-1,838,836,837,-1,786,784,785,-1,734,732,733,-1,
  682,680,681,-1,595,593,594,-1,547,545,546,-1,499,497,498,-1,451,449,450,-1,83,81,82,-1,22,20,21,-1,89,90,88,-1,
  403,401,402,-1,355,353,354,-1,307,305,306,-1,259,257,258,-1,211,209,210,-1,196,194,195,-1,142,140,141,-1,99,97,98,-1]
  normalPerVertex TRUE
  normal DEF NORM_84 Normal { vector [
  0 0 1,0 0 1,
  0 0 1,0 0 1,
  0 0 1,0 0 1,
  0 0 1,0 0 1,
  0 0 1,0 0 1,
  0 0 1,0 0 1,
  0 0 1,0 0 1,
  0 0 1,0 0 1,
  0 0 1,0 0 1,
  0 0 1,0 0 1,
  0 0 1,0 0 1,
  0 0 1,0 0 1,
  0 0 1,0 0 1,
  0 0 1,0 0 1,
  0 0 1,0 0 1,
  0 0 1,0 0 1,
  0 0 1,0 0 1,
  0 0 1,0 0 1,
  0 0 1,0 0 1,
  0 0 1,0 0 1,
  0 0 1,0 0 1,
  0 0 1,0 0 1,
  0 0 1,0 0 1,
  0 0 1,0 0 1,
  0 0 1,0 0 1,
  0 0 1,0 0 1,
  0 0 1,0 0 1,
  0 0 1,0 0 1,
  0 0 1,0 0 1,
  0 0 1,0 0 1,
  0 0 1,0 0 1,
  0 0 1,0 0 1,
  0 0 1,0 0 1,
  0 0 1,0 0 1,
  0 0 1,0 0 1,
  0 0 1,0 0 1,
  0 0 1,0 0 1,
  0 0 1,0 0 1,
  0 0 1,0 0 1,
  0 0 1,0 0 1,
  0 0 1,0 0 1,
  0 0 1,0 0 1,
  0 0 1,0 0 1,
  0 0 1,0 0 1,
  0 0 1,0 0 1,
  0 0 1,0 0 1,
  0 0 1,0 0 1,
  0 0 1,0 0 1,
  0 0 1,0 0 1,
  0 0 1,0 0 1,
  0 0 1,0 0 1,
  0 0 1,0 0 1,
  0 0 1,0 0 1,
  0 0 1,0 0 1,
  0 0 1,0 0 1,
  0 0 1,0 0 1,
  0 0 1,0 0 1,
  0 0 1,0 0 1,
  0 0 1,0 0 1,
  0 0 1,0 0 1,
  0 0 1,0 0 1,
  0 0 1,0 0 1,
  0 0 1,0 0 1,
  0 0 1,0 0 1,
  0 0 1,0 0 1,
  0 0 1,0 0 1,
  0 0 1,0 0 1,
  0 0 1,0 0 1,
  0 0 1,0 0 1,
  0 0 1,0 0 1,
  0 0 1,0 0 1,
  0 0 1,0 0 1,
  0 0 1,0 0 1,
  0 0 1,0 0 1,
  0 0 1,0 0 1,
  0 0 1,0 0 1,
  0 0 1,0 0 1,
  0 0 1,0 0 1,
  0 0 1,0 0 1,
  0 0 1,0 0 1,
  0 0 1,0 0 1,
  0 0 1,0 0 1,
  0 0 1,0 0 1,
  0 0 1,0 0 1,
  0 0 1,0 0 1,
  0 0 1,0 0 1,
  0 0 1,0 0 1,
  0 0 1,0 0 1,
  0 0 1,0 0 1,
  0 0 1,0 0 1,
  0 0 1,0 0 1,
  0 0 1,0 0 1,
  0 0 1,0 0 1,
  0 0 1,0 0 1,
  0 0 1,0 0 1,
  0 0 1,0 0 1,
  0 0 1,0 0 1,
  0 0 1,0 0 1,
  0 0 1,0 0 1,
  0 0 1,0 0 1,
  0 0 1,0 0 1,
  0 0 1,0 0 1,
  0 0 1,0 0 1,
  0 0 1,0 0 1,
  0 0 1,0 0 1,
  0 0 1,0 0 1,
  0 0 1,0 0 1,
  0 0 1,0 0 1,
  0 0 1,0 0 1,
  0 0 1,0 0 1,
  0 0 1,0 0 1,
  0 0 1,0 0 1,
  0 0 1,0 0 1,
  0 0 1,0 0 1,
  0 0 1,0 0 1,
  0 0 1,0 0 1,
  0 0 1,0 0 1,
  0 0 1,0 0 1,
  0 0 1,0 0 1,
  0 0 1,0 0 1,
  0 0 1,0 0 1,
  0 0 1,0 0 1,
  0 0 1,0 0 1,
  0 0 1,0 0 1,
  0 0 1,0 0 1,
  0 0 1,0 0 1,
  0 0 1,0 0 1,
  0 0 1,0 0 1,
  0 0 1,0 0 1,
  0 0 1,0 0 1,
  0 0 1,0 0 1,
  0 0 1,0 0 1,
  0 0 1,0 0 1,
  0 0 1,0 0 1,
  0 0 1,0 0 1,
  0 0 1,0 0 1,
  0 0 1,0 0 1,
  0 0 1,0 0 1,
  0 0 1,0 0 1,
  0 0 1,0 0 1,
  0 0 1,0 0 1,
  0 0 1,0 0 1,
  0 0 1,0 0 1,
  0 0 1,0 0 1,
  0 0 1,0 0 1,
  0 0 1,0 0 1,
  0 0 1,0 0 1,
  0 0 1,0 0 1,
  0 0 1,0 0 1,
  0 0 1,0 0 1,
  0 0 1,0 0 1,
  0 0 1,0 0 1,
  0 0 1,0 0 1,
  0 0 1,0 0 1,
  0 0 1,0 0 1,
  0 0 1,0 0 1,
  0 0 1,0 0 1,
  0 0 1,0 0 1,
  0 0 1,0 0 1,
  0 0 1,0 0 1,
  0 0 1,0 0 1,
  0 0 1,0 0 1,
  0 0 1,0 0 1,
  0 0 1,0 0 1,
  0 0 1,0 0 1,
  0 0 1,0 0 1,
  0 0 1,0 0 1,
  0 0 1,0 0 1,
  0 0 1,0 0 1,
  0 0 1,0 0 1,
  0 0 1,0 0 1,
  0 0 1,0 0 1,
  0 0 1,0 0 1,
  0 0 1,0 0 1,
  0 0 1,0 0 1,
  0 0 1,0 0 1,
  0 0 1,0 0 1,
  0 0 1,0 0 1,
  0 0 1,0 0 1,
  0 0 1,0 0 1,
  0 0 1,0 0 1,
  0 0 1,0 0 1,
  0 0 1,0 0 1,
  0 0 1,0 0 1,
  0 0 1,0 0 1,
  0 0 1,0 0 1,
  0 0 1,0 0 1,
  0 0 1,0 0 1,
  0 0 1,0 0 1,
  0 0 1,0 0 1,
  0 0 1,0 0 1,
  0 0 1,0 0 1,
  0 0 1,0 0 1,
  0 0 1,0 0 1,
  0 0 1,0 0 1,
  0 0 1,0 0 1,
  0 0 1,0 0 1,
  0 0 1,0 0 1,
  0 0 1,0 0 1,
  0 0 1,0 0 1,
  0 0 1,0 0 1,
  0 0 1,0 0 1,
  0 0 1,0 0 1,
  0 0 1,0 0 1,
  0 0 1,0 0 1,
  0 0 1,0 0 1,
  0 0 1,0 0 1,
  0 0 1,0 0 1,
  0 0 1,0 0 1,
  0 0 1,0 0 1,
  0 0 1,0 0 1,
  0 0 1,0 0 1,
  0 0 1,0 0 1,
  0 0 1,0 0 1,
  0 0 1,0 0 1,
  0 0 1,0 0 1,
  0 0 1,0 0 1,
  0 0 1,0 0 1,
  0 0 1,0 0 1,
  0 0 1,0 0 1,
  0 0 1,0 0 1,
  0 0 1,0 0 1,
  0 0 1,0 0 1,
  0 0 1,0 0 1,
  0 0 1,0 0 1,
  0 0 1,0 0 1,
  0 0 1,0 0 1,
  0 0 1,0 0 1,
  0 0 1,0 0 1,
  0 0 1,0 0 1,
  0 0 1,0 0 1,
  0 0 1,0 0 1,
  0 0 1,0 0 1,
  0 0 1,0 0 1,
  0 0 1,0 0 1,
  0 0 1,0 0 1,
  0 0 1,0 0 1,
  0 0 1,0 0 1,
  0 0 1,0 0 1,
  0 0 1,0 0 1,
  0 0 1,0 0 1,
  0 0 1,0 0 1,
  0 0 1,0 0 1,
  0 0 1,0 0 1,
  0 0 1,0 0 1,
  0 0 1,0 0 1,
  0 0 1,0 0 1,
  0 0 1,0 0 1,
  0 0 1,0 0 1,
  0 0 1,0 0 1,
  0 0 1,0 0 1,
  0 0 1,0 0 1,
  0 0 1,0 0 1,
  0 0 1,0 0 1,
  0 0 1,0 0 1,
  0 0 1,0 0 1,
  0 0 1,0 0 1,
  0 0 1,0 0 1,
  0 0 1,0 0 1,
  0 0 1,0 0 1,
  0 0 1,0 0 1,
  0 0 1,0 0 1,
  0 0 1,0 0 1,
  0 0 1,0 0 1,
  0 0 1,0 0 1,
  0 0 1,0 0 1,
  0 0 1,0 0 1,
  0 0 1,0 0 1,
  0 0 1,0 0 1,
  0 0 1,0 0 1,
  0 0 1,0 0 1,
  0 0 1,0 0 1,
  0 0 1,0 0 1,
  0 0 1,0 0 1,
  0 0 1,0 0 1,
  0 0 1,0 0 1,
  0 0 1,0 0 1,
  0 0 1,0 0 1,
  0 0 1,0 0 1,
  0 0 1,0 0 1,
  0 0 1,0 0 1,
  0 0 1,0 0 1,
  0 0 1,0 0 1,
  0 0 1,0 0 1,
  0 0 1,0 0 1,
  0 0 1,0 0 1,
  0 0 1,0 0 1,
  0 0 1,0 0 1,
  0 0 1,0 0 1,
  0 0 1,0 0 1,
  0 0 1,0 0 1,
  0 0 1,0 0 1,
  0 0 1,0 0 1,
  0 0 1,0 0 1,
  0 0 1,0 0 1,
  0 0 1,0 0 1,
  0 0 1,0 0 1,
  0 0 1,0 0 1,
  0 0 1,0 0 1,
  0 0 1,0 0 1,
  0 0 1,0 0 1,
  0 0 1,0 0 1,
  0 0 1,0 0 1,
  0 0 1,0 0 1,
  0 0 1,0 0 1,
  0 0 1,0 0 1,
  0 0 1,0 0 1,
  0 0 1,0 0 1,
  0 0 1,0 0 1,
  0 0 1,0 0 1,
  0 0 1,0 0 1,
  0 0 1,0 0 1,
  0 0 1,0 0 1,
  0 0 1,0 0 1,
  0 0 1,0 0 1,
  0 0 1,0 0 1,
  0 0 1,0 0 1,
  0 0 1,0 0 1,
  0 0 1,0 0 1,
  0 0 1,0 0 1,
  0 0 1,0 0 1,
  0 0 1,0 0 1,
  0 0 1,0 0 1,
  0 0 1,0 0 1,
  0 0 1,0 0 1,
  0 0 1,0 0 1,
  0 0 1,0 0 1,
  0 0 1,0 0 1,
  0 0 1,0 0 1,
  0 0 1,0 0 1,
  0 0 1,0 0 1,
  0 0 1,0 0 1,
  0 0 1,0 0 1,
  0 0 1,0 0 1,
  0 0 1,0 0 1,
  0 0 1,0 0 1,
  0 0 1,0 0 1,
  0 0 1,0 0 1,
  0 0 1,0 0 1,
  0 0 1,0 0 1,
  0 0 1,0 0 1,
  0 0 1,0 0 1,
  0 0 1,0 0 1,
  0 0 1,0 0 1,
  0 0 1,0 0 1,
  0 0 1,0 0 1,
  0 0 1,0 0 1,
  0 0 1,0 0 1,
  0 0 1,0 0 1,
  0 0 1,0 0 1,
  0 0 1,0 0 1,
  0 0 1,0 0 1,
  0 0 1,0 0 1,
  0 0 1,0 0 1,
  0 0 1,0 0 1,
  0 0 1,0 0 1,
  0 0 1,0 0 1,
  0 0 1,0 0 1,
  0 0 1,0 0 1,
  0 0 1,0 0 1,
  0 0 1,0 0 1,
  0 0 1,0 0 1,
  0 0 1,0 0 1,
  0 0 1,0 0 1,
  0 0 1,0 0 1,
  0 0 1,0 0 1,
  0 0 1,0 0 1,
  0 0 1,0 0 1,
  0 0 1,0 0 1,
  0 0 1,0 0 1,
  0 0 1,0 0 1,
  0 0 1,0 0 1,
  0 0 1,0 0 1,
  0 0 1,0 0 1,
  0 0 1,0 0 1,
  0 0 1,0 0 1,
  0 0 1,0 0 1,
  0 0 1,0 0 1,
  0 0 1,0 0 1,
  0 0 1,0 0 1,
  0 0 1,0 0 1,
  0 0 1,0 0 1,
  0 0 1,0 0 1,
  0 0 1,0 0 1,
  0 0 1,0 0 1,
  0 0 1,0 0 1,
  0 0 1,0 0 1,
  0 0 1,0 0 1,
  0 0 1,0 0 1,
  0 0 1,0 0 1,
  0 0 1,0 0 1,
  0 0 1,0 0 1,
  0 0 1,0 0 1,
  0 0 1,0 0 1,
  0 0 1,0 0 1,
  0 0 1,0 0 1,
  0 0 1,0 0 1,
  0 0 1,0 0 1,
  0 0 1,0 0 1,
  0 0 1,0 0 1,
  0 0 1,0 0 1,
  0 0 1,0 0 1,
  0 0 1,0 0 1,
  0 0 1,0 0 1,
  0 0 1,0 0 1,
  0 0 1,0 0 1,
  0 0 1,0 0 1,
  0 0 1,0 0 1,
  0 0 1,0 0 1,
  0 0 1,0 0 1,
  0 0 1,0 0 1,
  0 0 1,0 0 1,
  0 0 1,0 0 1,
  0 0 1,0 0 1,
  0 0 1,0 0 1,
  0 0 1,0 0 1,
  0 0 1,0 0 1,
  0 0 1,0 0 1,
  0 0 1,0 0 1,
  0 0 1,0 0 1,
  0 0 1,0 0 1,
  0 0 1,0 0 1,
  0 0 1,0 0 1,
  0 0 1,0 0 1,
  0 0 1,0 0 1,
  0 0 1,0 0 1,
  0 0 1,0 0 1,
  0 0 1,0 0 1,
  0 0 1,0 0 1,
  0 0 1,0 0 1,
  0 0 1,0 0 1,
  0 0 1,0 0 1,
  0 0 1,0 0 1,
  0 0 1,0 0 1,
  0 0 1,0 0 1,
  0 0 1,0 0 1,
  0 0 1,0 0 1,
  0 0 1,0 0 1,
  0 0 1,0 0 1,
  0 0 1,0 0 1,
  0 0 1,0 0 1,
  0 0 1,0 0 1,
  0 0 1,0 0 1,
  0 0 1,0 0 1,
  0 0 1,0 0 1,
  0 0 1,0 0 1,
  0 0 1,0 0 1,
  0 0 1,0 0 1,
  0 0 1,0 0 1,
  0 0 1,0 0 1,
  0 0 1,0 0 1,
  0 0 1,0 0 1,
  0 0 1,0 0 1,
  0 0 1,0 0 1,
  0 0 1,0 0 1,
  0 0 1,0 0 1,
  0 0 1,0 0 1,
  0 0 1,0 0 1,
  0 0 1,0 0 1,
  0 0 1,0 0 1,
  0 0 1,0 0 1,
  0 0 1,0 0 1,
  0 0 1,0 0 1,
  0 0 1,0 0 1,
  0 0 1,0 0 1,
  0 0 1,0 0 1,
  0 0 1,0 0 1,
  0 0 1,0 0 1,
  0 0 1,0 0 1,
  0 0 1,0 0 1,
  0 0 1,0 0 1,
  0 0 1,0 0 1,
  0 0 1,0 0 1,
  0 0 1,0 0 1,
  0 0 1,0 0 1,
  0 0 1,0 0 1,
  0 0 1,0 0 1,
  0 0 1,0 0 1,
  0 0 1,0 0 1,
  0 0 1,0 0 1,
  0 0 1,0 0 1,
  0 0 1,0 0 1,
  0 0 1,0 0 1,
  0 0 1,0 0 1,
  0 0 1,0 0 1,
  0 0 1,0 0 1,
  0 0 1,0 0 1,
  0 0 1,0 0 1,
  0 0 1,0 0 1,
  0 0 1,0 0 1,
  0 0 1,0 0 1,
  0 0 1,0 0 1,
  0 0 1,0 0 1,
  0 0 1,0 0 1,
  0 0 1,0 0 1,
  0 0 1,0 0 1,
  0 0 1,0 0 1,
  0 0 1,0 0 1,
  0 0 1,0 0 1,
  0 0 1,0 0 1,
  0 0 1,0 0 1,
  0 0 1,0 0 1,
  0 0 1,0 0 1,
  0 0 1,0 0 1,
  0 0 1,0 0 1,
  0 0 1,0 0 1,
  0 0 1,0 0 1,
  0 0 1,0 0 1,
  0 0 1,0 0 1,
  0 0 1,0 0 1,
  0 0 1,0 0 1,
  0 0 1,0 0 1,
  0 0 1,0 0 1,
  0 0 1,0 0 1,
  0 0 1,0 0 1,
  0 0 1,0 0 1,
  0 0 1,0 0 1,
  0 0 1,0 0 1,
  0 0 1,0 0 1,
  0 0 1,0 0 1,
  0 0 1,0 0 1,
  0 0 1,0 0 1,
  0 0 1,0 0 1,
  0 0 1,0 0 1,
  0 0 1,0 0 1,
  0 0 1,0 0 1,
  0 0 1,0 0 1,
  0 0 1,0 0 1,
  0 0 1,0 0 1,
  0 0 1,0 0 1,
  0 0 1,0 0 1,
  0 0 1,0 0 1,
  0 0 1,0 0 1,
  0 0 1,0 0 1,
  0 0 1,0 0 1,
  0 0 1,0 0 1,
  0 0 1,0 0 1,
  0 0 1,0 0 1,
  0 0 1,0 0 1,
  0 0 1,0 0 1,
  0 0 1,0 0 1,
  0 0 1,0 0 1,
  0 0 1,0 0 1,
  0 0 1,0 0 1,
  0 0 1,0 0 1,
  0 0 1,0 0 1,
  0 0 1,0 0 1,
  0 0 1,0 0 1,
  0 0 1,0 0 1,
  0 0 1,0 0 1,
  0 0 1,0 0 1,
  0 0 1,0 0 1,
  0 0 1,0 0 1,
  0 0 1,0 0 1,
  0 0 1,0 0 1,
  0 0 1,0 0 1,
  0 0 1,0 0 1,
  0 0 1,0 0 1,
  0 0 1,0 0 1,
  0 0 1,0 0 1,
  0 0 1,0 0 1,
  0 0 1,0 0 1,
  0 0 1,0 0 1,
  0 0 1,0 0 1,
  0 0 1,0 0 1,
  0 0 1,0 0 1,
  0 0 1,0 0 1] }
}
}
] }
DEF TXFM_13 Transform {
  center 0 0 0
  rotation 0 0 1 0
  scale 1 1 1
  scaleOrientation 0 0 1 0
  translation 0 0 0
 children [
DEF SHAPE_85 Shape {
 appearance DEF APP_8 Appearance {
  material Material {
   ambientIntensity 1
   diffuseColor 0.5 0.5 0.5
   emissiveColor 0 0 0
   shininess 0.69999999
   specularColor 0.80000001 0.80000001 0.80000001
   transparency 0
} }
 geometry DEF FACE_85 IndexedFaceSet {
  coord DEF COORD_85 Coordinate { point [
  53.543307 -38.287402 0.31988189,53.543307 -37.30315 0.31988189,
  53.535815 -37.265484 0.31988189,53.514479 -37.233552 0.31988189,
  53.482548 -37.212217 0.31988189,53.444882 -37.204724 0.31988189,
  52.46063 -37.204725 0.31988189,52.422964 -37.212217 0.31988189,
  52.391033 -37.233552 0.31988189,52.369697 -37.265484 0.31988189,
  52.362205 -37.303149 0.31988189,52.362205 -38.287402 0.31988189,
  52.369697 -38.325067 0.31988189,52.391033 -38.356999 0.31988189,
  52.422964 -38.378335 0.31988189,52.46063 -38.385827 0.31988189,
  53.444882 -38.385826 0.31988189,53.482548 -38.378335 0.31988189,
  53.514479 -38.356999 0.31988189,53.535815 -38.325067 0.31988189,
  48.425197 -40.255906 0.31988189,48.425196 -39.271654 0.31988189,
  48.417705 -39.233988 0.31988189,48.396369 -39.202056 0.31988189,
  48.364437 -39.18072 0.31988189,48.326772 -39.173228 0.31988189,
  47.34252 -39.173229 0.31988189,47.304854 -39.18072 0.31988189,
  47.272922 -39.202056 0.31988189,47.251587 -39.233988 0.31988189,
  47.244094 -39.271653 0.31988189,47.244095 -40.255906 0.31988189,
  47.251587 -40.293571 0.31988189,47.272922 -40.325503 0.31988189,
  47.304854 -40.346839 0.31988189,47.342519 -40.354331 0.31988189,
  48.326772 -40.35433 0.31988189,48.364437 -40.346839 0.31988189,
  48.396369 -40.325503 0.31988189,48.417705 -40.293571 0.31988189,
  48.425197 -36.318898 0.31988189,48.425196 -35.334646 0.31988189,
  48.417705 -35.29698 0.31988189,48.396369 -35.265048 0.31988189,
  48.364437 -35.243713 0.31988189,48.326772 -35.23622 0.31988189,
  47.34252 -35.236221 0.31988189,47.304854 -35.243713 0.31988189,
  47.272922 -35.265048 0.31988189,47.251587 -35.29698 0.31988189,
  47.244094 -35.334645 0.31988189,47.244095 -36.318898 0.31988189,
  47.251587 -36.356563 0.31988189,47.272922 -36.388495 0.31988189,
  47.304854 -36.409831 0.31988189,47.342519 -36.417323 0.31988189,
  48.326772 -36.417322 0.31988189,48.364437 -36.409831 0.31988189,
  48.396369 -36.388495 0.31988189,48.417705 -36.356563 0.31988189] }
 coordIndex [
  11,12,9,-1,9,12,13,-1,9,13,8,-1,8,13,14,-1,8,14,7,-1,7,14,15,-1,7,15,6,-1,6,15,16,-1,
  6,16,5,-1,5,16,17,-1,5,17,4,-1,4,17,18,-1,4,18,3,-1,3,18,19,-1,3,19,2,-1,2,19,0,-1,
  2,0,1,-1,31,32,29,-1,29,32,33,-1,29,33,28,-1,28,33,34,-1,28,34,27,-1,27,34,35,-1,27,35,26,-1,
  26,35,36,-1,26,36,25,-1,25,36,37,-1,25,37,24,-1,24,37,38,-1,24,38,23,-1,23,38,39,-1,23,39,22,-1,
  22,39,20,-1,22,20,21,-1,51,52,49,-1,49,52,53,-1,49,53,48,-1,48,53,54,-1,48,54,47,-1,47,54,55,-1,
  47,55,46,-1,46,55,56,-1,46,56,45,-1,45,56,57,-1,45,57,44,-1,44,57,58,-1,44,58,43,-1,43,58,59,-1,
  43,59,42,-1,42,59,40,-1,42,40,41,-1,51,49,50,-1,31,29,30,-1,11,9,10,-1]
  normalPerVertex TRUE
  normal DEF NORM_85 Normal { vector [
  0 0 1,0 0 1,
  0 0 1,0 0 1,
  0 0 1,0 0 1,
  0 0 1,0 0 1,
  0 0 1,0 0 1,
  0 0 1,0 0 1,
  0 0 1,0 0 1,
  0 0 1,0 0 1,
  0 0 1,0 0 1,
  0 0 1,0 0 1,
  0 0 1,0 0 1,
  0 0 1,0 0 1,
  0 0 1,0 0 1,
  0 0 1,0 0 1,
  0 0 1,0 0 1,
  0 0 1,0 0 1,
  0 0 1,0 0 1,
  0 0 1,0 0 1,
  0 0 1,0 0 1,
  0 0 1,0 0 1,
  0 0 1,0 0 1,
  0 0 1,0 0 1,
  0 0 1,0 0 1,
  0 0 1,0 0 1,
  0 0 1,0 0 1,
  0 0 1,0 0 1,
  0 0 1,0 0 1,
  0 0 1,0 0 1,
  0 0 1,0 0 1,
  0 0 1,0 0 1] }
}
}
] }
DEF TXFM_14 Transform {
  center 0 0 0
  rotation 0 0 1 0
  scale 1 1 1
  scaleOrientation 0 0 1 0
  translation 0 0 0
 children [
DEF SHAPE_86 Shape {
 appearance DEF APP_9 Appearance {
  material Material {
   ambientIntensity 1
   diffuseColor 0.078431375 0.2 0.14117648
   emissiveColor 0 0 0
   shininess 0.30000001
   specularColor 0.35490197 0.44 0.39882353
   transparency 0.17
} }
 geometry DEF FACE_86 IndexedFaceSet {
  coord DEF COORD_86 Coordinate { point [
  56.919933 -44.795822 0.31988189,56.919933 -44.849847 0.31988189,
  56.909393 -44.902834 0.31988189,56.888719 -44.952747 0.31988189,
  56.858704 -44.997667 0.31988189,56.820502 -45.035869 0.31988189,
  56.775582 -45.065884 0.31988189,56.725669 -45.086558 0.31988189,
  56.672682 -45.097098 0.31988189,56.618657 -45.097098 0.31988189,
  56.56567 -45.086558 0.31988189,56.515757 -45.065884 0.31988189,
  56.470837 -45.035869 0.31988189,56.432635 -44.997667 0.31988189,
  56.40262 -44.952747 0.31988189,56.381946 -44.902834 0.31988189,
  56.371406 -44.849847 0.31988189,56.371406 -44.795822 0.31988189,
  56.381946 -44.742835 0.31988189,56.40262 -44.692922 0.31988189,
  56.432635 -44.648002 0.31988189,56.470837 -44.6098 0.31988189,
  56.515757 -44.579785 0.31988189,56.56567 -44.559111 0.31988189,
  56.618657 -44.548571 0.31988189,56.672682 -44.548571 0.31988189,
  56.725669 -44.559111 0.31988189,56.775582 -44.579785 0.31988189,
  56.820502 -44.6098 0.31988189,56.858704 -44.648002 0.31988189,
  56.888719 -44.692922 0.31988189,56.909393 -44.742835 0.31988189,
  56.919933 -47.795822 0.31988189,56.919933 -47.849847 0.31988189,
  56.909393 -47.902834 0.31988189,56.888719 -47.952747 0.31988189,
  56.858704 -47.997667 0.31988189,56.820502 -48.035869 0.31988189,
  56.775582 -48.065884 0.31988189,56.725669 -48.086558 0.31988189,
  56.672682 -48.097098 0.31988189,56.618657 -48.097098 0.31988189,
  56.56567 -48.086558 0.31988189,56.515757 -48.065884 0.31988189,
  56.470837 -48.035869 0.31988189,56.432635 -47.997667 0.31988189,
  56.40262 -47.952747 0.31988189,56.381946 -47.902834 0.31988189,
  56.371406 -47.849847 0.31988189,56.371406 -47.795822 0.31988189,
  56.381946 -47.742835 0.31988189,56.40262 -47.692922 0.31988189,
  56.432635 -47.648002 0.31988189,56.470837 -47.6098 0.31988189,
  56.515757 -47.579785 0.31988189,56.56567 -47.559111 0.31988189,
  56.618657 -47.548571 0.31988189,56.672682 -47.548571 0.31988189,
  56.725669 -47.559111 0.31988189,56.775582 -47.579785 0.31988189,
  56.820502 -47.6098 0.31988189,56.858704 -47.648002 0.31988189,
  56.888719 -47.692922 0.31988189,56.909393 -47.742835 0.31988189,
  53.543307 -38.287402 0.31988189,53.535815 -38.325067 0.31988189,
  53.514479 -38.356999 0.31988189,53.482548 -38.378335 0.31988189,
  53.444882 -38.385826 0.31988189,52.46063 -38.385827 0.31988189,
  52.422964 -38.378335 0.31988189,52.391033 -38.356999 0.31988189,
  52.369697 -38.325067 0.31988189,52.362205 -38.287402 0.31988189,
  52.362205 -37.303149 0.31988189,52.369697 -37.265484 0.31988189,
  52.391033 -37.233552 0.31988189,52.422964 -37.212217 0.31988189,
  52.46063 -37.204725 0.31988189,53.444882 -37.204724 0.31988189,
  53.482548 -37.212217 0.31988189,53.514479 -37.233552 0.31988189,
  53.535815 -37.265484 0.31988189,53.543307 -37.30315 0.31988189,
  53.543307 -37.477002 0.31988189,48.425197 -36.318898 0.31988189,
  48.417705 -36.356563 0.31988189,48.396369 -36.388495 0.31988189,
  48.364437 -36.409831 0.31988189,48.326772 -36.417322 0.31988189,
  47.342519 -36.417323 0.31988189,47.304854 -36.409831 0.31988189,
  47.272922 -36.388495 0.31988189,47.251587 -36.356563 0.31988189,
  47.244095 -36.318898 0.31988189,47.244094 -35.334645 0.31988189,
  47.251587 -35.29698 0.31988189,47.272922 -35.265048 0.31988189,
  47.304854 -35.243713 0.31988189,47.34252 -35.236221 0.31988189,
  48.326772 -35.23622 0.31988189,48.364437 -35.243713 0.31988189,
  48.396369 -35.265048 0.31988189,48.413935 -35.291339 0.31988189,
  48.417705 -35.29698 0.31988189,48.425196 -35.334646 0.31988189,
  48.937008 -37.795276 0.31988189,48.938667 -37.786931 0.31988189,
  48.938668 -37.727663 0.31988189,48.951922 -37.593088 0.31988189,
  48.978304 -37.46046 0.31988189,49.017557 -37.331057 0.31988189,
  49.040238 -37.2763 0.31988189,49.041898 -37.267956 0.31988189,
  49.046624 -37.260881 0.31988189,49.069306 -37.206125 0.31988189,
  49.133051 -37.086866 0.31988189,49.208179 -36.97443 0.31988189,
  49.293965 -36.869899 0.31988189,49.335874 -36.82799 0.31988189,
  49.340601 -36.820916 0.31988189,49.347676 -36.81619 0.31988189,
  49.389584 -36.77428 0.31988189,49.494115 -36.688494 0.31988189,
  49.606551 -36.613366 0.31988189,49.72581 -36.549621 0.31988189,
  49.780566 -36.526939 0.31988189,49.787641 -36.522213 0.31988189,
  49.795985 -36.520553 0.31988189,49.850743 -36.497872 0.31988189,
  49.980145 -36.458619 0.31988189,50.112773 -36.432237 0.31988189,
  50.247348 -36.418983 0.31988189,50.306617 -36.418984 0.31988189,
  50.314961 -36.417323 0.31988189,50.323305 -36.418983 0.31988189,
  50.382574 -36.418983 0.31988189,50.517148 -36.432237 0.31988189,
  50.649776 -36.458619 0.31988189,50.71038 -36.477002 0.31988189,
  50.779179 -36.497872 0.31988189,50.833935 -36.520553 0.31988189,
  50.84228 -36.522213 0.31988189,50.849353 -36.526939 0.31988189,
  50.904111 -36.549621 0.31988189,51.02337 -36.613366 0.31988189,
  51.135806 -36.688494 0.31988189,51.240337 -36.77428 0.31988189,
  51.282246 -36.816189 0.31988189,51.28932 -36.820916 0.31988189,
  51.294048 -36.827991 0.31988189,51.335956 -36.869899 0.31988189,
  51.421743 -36.97443 0.31988189,51.49687 -37.086866 0.31988189,
  51.560615 -37.206125 0.31988189,51.583297 -37.260883 0.31988189,
  51.588023 -37.267956 0.31988189,51.589683 -37.2763 0.31988189,
  51.600804 -37.303149 0.31988189,51.612364 -37.331057 0.31988189,
  51.651618 -37.46046 0.31988189,51.677999 -37.593088 0.31988189,
  51.691254 -37.727663 0.31988189,51.691255 -37.786932 0.31988189,
  51.692913 -37.795276 0.31988189,51.691255 -37.803621 0.31988189,
  51.691254 -37.862889 0.31988189,51.677999 -37.997463 0.31988189,
  51.651618 -38.130091 0.31988189,51.612364 -38.259494 0.31988189,
  51.589682 -38.31425 0.31988189,51.588023 -38.322595 0.31988189,
  51.583295 -38.329668 0.31988189,51.560615 -38.384426 0.31988189,
  51.511132 -38.477002 0.31988189,51.49687 -38.503685 0.31988189,
  51.421743 -38.616121 0.31988189,51.335956 -38.720652 0.31988189,
  51.294048 -38.762562 0.31988189,51.28932 -38.769635 0.31988189,
  51.282246 -38.774362 0.31988189,51.240337 -38.816271 0.31988189,
  51.135806 -38.902057 0.31988189,51.02337 -38.977185 0.31988189,
  50.904111 -39.04093 0.31988189,50.849353 -39.063611 0.31988189,
  50.84228 -39.068338 0.31988189,50.833935 -39.069997 0.31988189,
  50.779179 -39.092679 0.31988189,50.649776 -39.131933 0.31988189,
  50.517148 -39.158314 0.31988189,50.382574 -39.171569 0.31988189,
  50.323305 -39.171569 0.31988189,50.314961 -39.173228 0.31988189,
  50.306617 -39.17157 0.31988189,50.247348 -39.171569 0.31988189,
  50.112773 -39.158314 0.31988189,49.980145 -39.131933 0.31988189,
  49.850743 -39.092679 0.31988189,49.795985 -39.069997 0.31988189,
  49.787641 -39.068338 0.31988189,49.780566 -39.06361 0.31988189,
  49.72581 -39.04093 0.31988189,49.606551 -38.977185 0.31988189,
  49.494115 -38.902057 0.31988189,49.389584 -38.816271 0.31988189,
  49.347676 -38.774363 0.31988189,49.340601 -38.769635 0.31988189,
  49.335874 -38.762561 0.31988189,49.293965 -38.720652 0.31988189,
  49.208179 -38.616121 0.31988189,49.133051 -38.503685 0.31988189,
  49.069306 -38.384426 0.31988189,49.046624 -38.329668 0.31988189,
  49.041898 -38.322595 0.31988189,49.040238 -38.31425 0.31988189,
  49.017557 -38.259494 0.31988189,48.978304 -38.130091 0.31988189,
  48.951922 -37.997463 0.31988189,48.938668 -37.862889 0.31988189,
  48.938668 -37.80362 0.31988189,49.602814 -45.806462 0.31988189,
  49.590769 -45.867019 0.31988189,49.567141 -45.924062 0.31988189,
  49.532838 -45.9754 0.31988189,49.489179 -46.019058 0.31988189,
  49.437841 -46.053361 0.31988189,49.380798 -46.076989 0.31988189,
  49.320242 -46.089035 0.31988189,49.258498 -46.089035 0.31988189,
  49.197942 -46.076989 0.31988189,49.140899 -46.053361 0.31988189,
  49.089561 -46.019058 0.31988189,49.045902 -45.9754 0.31988189,
  49.0116 -45.924062 0.31988189,48.987972 -45.867019 0.31988189,
  48.975926 -45.806462 0.31988189,48.975926 -45.744719 0.31988189,
  48.987972 -45.684162 0.31988189,49.0116 -45.627119 0.31988189,
  49.045902 -45.575781 0.31988189,49.089561 -45.532123 0.31988189,
  49.140899 -45.49782 0.31988189,49.197942 -45.474192 0.31988189,
  49.258498 -45.462146 0.31988189,49.320242 -45.462146 0.31988189,
  49.380798 -45.474192 0.31988189,49.437841 -45.49782 0.31988189,
  49.489179 -45.532123 0.31988189,49.532838 -45.575781 0.31988189,
  49.567141 -45.627119 0.31988189,49.590769 -45.684162 0.31988189,
  49.602814 -45.744719 0.31988189,49.602814 -46.744719 0.31988189,
  49.602814 -46.806462 0.31988189,49.590769 -46.867019 0.31988189,
  49.567141 -46.924062 0.31988189,49.532838 -46.9754 0.31988189,
  49.489179 -47.019058 0.31988189,49.437841 -47.053361 0.31988189,
  49.380798 -47.076989 0.31988189,49.320242 -47.089035 0.31988189,
  49.258498 -47.089035 0.31988189,49.197942 -47.076989 0.31988189,
  49.140899 -47.053361 0.31988189,49.089561 -47.019058 0.31988189,
  49.045902 -46.9754 0.31988189,49.0116 -46.924062 0.31988189,
  48.987972 -46.867019 0.31988189,48.975926 -46.806462 0.31988189,
  48.975926 -46.744719 0.31988189,48.987972 -46.684162 0.31988189,
  49.0116 -46.627119 0.31988189,49.045902 -46.575781 0.31988189,
  49.089561 -46.532123 0.31988189,49.140899 -46.49782 0.31988189,
  49.197942 -46.474192 0.31988189,49.258498 -46.462146 0.31988189,
  49.320242 -46.462146 0.31988189,49.380798 -46.474192 0.31988189,
  49.437841 -46.49782 0.31988189,49.489179 -46.532123 0.31988189,
  49.532838 -46.575781 0.31988189,49.567141 -46.627119 0.31988189,
  49.590769 -46.684162 0.31988189,49.604331 -43.992126 0.31988189,
  49.596839 -44.029792 0.31988189,49.575503 -44.061723 0.31988189,
  49.543571 -44.083059 0.31988189,49.505906 -44.090551 0.31988189,
  49.072835 -44.090551 0.31988189,49.035169 -44.083059 0.31988189,
  49.003237 -44.061723 0.31988189,48.981902 -44.029792 0.31988189,
  48.974409 -43.992126 0.31988189,48.974409 -43.559055 0.31988189,
  48.981902 -43.521389 0.31988189,49.003237 -43.489458 0.31988189,
  49.035169 -43.468122 0.31988189,49.072835 -43.46063 0.31988189,
  49.505906 -43.46063 0.31988189,49.543571 -43.468122 0.31988189,
  49.575503 -43.489458 0.31988189,49.596839 -43.521389 0.31988189,
  49.604331 -43.559055 0.31988189,49.604331 -43.744719 0.31988189,
  49.602814 -44.744719 0.31988189,49.602814 -44.806462 0.31988189,
  49.590769 -44.867019 0.31988189,49.567141 -44.924062 0.31988189,
  49.532838 -44.9754 0.31988189,49.489179 -45.019058 0.31988189,
  49.437841 -45.053361 0.31988189,49.380798 -45.076989 0.31988189,
  49.320242 -45.089035 0.31988189,49.258498 -45.089035 0.31988189,
  49.197942 -45.076989 0.31988189,49.140899 -45.053361 0.31988189,
  49.089561 -45.019058 0.31988189,49.045902 -44.9754 0.31988189,
  49.0116 -44.924062 0.31988189,48.987972 -44.867019 0.31988189,
  48.975926 -44.806462 0.31988189,48.975926 -44.744719 0.31988189,
  48.987972 -44.684162 0.31988189,49.0116 -44.627119 0.31988189,
  49.045902 -44.575781 0.31988189,49.089561 -44.532123 0.31988189,
  49.140899 -44.49782 0.31988189,49.197942 -44.474192 0.31988189,
  49.258498 -44.462146 0.31988189,49.320242 -44.462146 0.31988189,
  49.380798 -44.474192 0.31988189,49.437841 -44.49782 0.31988189,
  49.489179 -44.532123 0.31988189,49.532838 -44.575781 0.31988189,
  49.567141 -44.627119 0.31988189,49.590769 -44.684162 0.31988189,
  60.510484 -45.180556 0.31988189,60.499944 -45.233543 0.31988189,
  60.47927 -45.283456 0.31988189,60.449255 -45.328376 0.31988189,
  60.411053 -45.366578 0.31988189,60.366133 -45.396593 0.31988189,
  60.31622 -45.417267 0.31988189,60.263233 -45.427807 0.31988189,
  60.209208 -45.427807 0.31988189,60.156221 -45.417267 0.31988189,
  60.106308 -45.396593 0.31988189,60.061388 -45.366578 0.31988189,
  60.023186 -45.328376 0.31988189,59.993171 -45.283456 0.31988189,
  59.972497 -45.233543 0.31988189,59.961957 -45.180556 0.31988189,
  59.961957 -45.126531 0.31988189,59.972497 -45.073544 0.31988189,
  59.993171 -45.023631 0.31988189,60.023186 -44.978711 0.31988189,
  60.061388 -44.940509 0.31988189,60.106308 -44.910494 0.31988189,
  60.156221 -44.88982 0.31988189,60.209208 -44.87928 0.31988189,
  60.263233 -44.87928 0.31988189,60.31622 -44.88982 0.31988189,
  60.366133 -44.910494 0.31988189,60.411053 -44.940509 0.31988189,
  60.449255 -44.978711 0.31988189,60.47927 -45.023631 0.31988189,
  60.499944 -45.073544 0.31988189,60.510484 -45.126531 0.31988189,
  60.510484 -48.126531 0.31988189,60.510484 -48.180556 0.31988189,
  60.499944 -48.233543 0.31988189,60.47927 -48.283456 0.31988189,
  60.449255 -48.328376 0.31988189,60.411053 -48.366578 0.31988189,
  60.366133 -48.396593 0.31988189,60.31622 -48.417267 0.31988189,
  60.263233 -48.427807 0.31988189,60.209208 -48.427807 0.31988189,
  60.156221 -48.417267 0.31988189,60.106308 -48.396593 0.31988189,
  60.061388 -48.366578 0.31988189,60.023186 -48.328376 0.31988189,
  59.993171 -48.283456 0.31988189,59.972497 -48.233543 0.31988189,
  59.961957 -48.180556 0.31988189,59.961957 -48.126531 0.31988189,
  59.972497 -48.073544 0.31988189,59.993171 -48.023631 0.31988189,
  60.023186 -47.978711 0.31988189,60.061388 -47.940509 0.31988189,
  60.106308 -47.910494 0.31988189,60.156221 -47.88982 0.31988189,
  60.209208 -47.87928 0.31988189,60.263233 -47.87928 0.31988189,
  60.31622 -47.88982 0.31988189,60.366133 -47.910494 0.31988189,
  60.411053 -47.940509 0.31988189,60.449255 -47.978711 0.31988189,
  60.47927 -48.023631 0.31988189,60.499944 -48.073544 0.31988189,
  51.975926 -43.806462 0.31988189,51.975926 -43.744719 0.31988189,
  51.987972 -43.684162 0.31988189,52.0116 -43.627119 0.31988189,
  52.045902 -43.575781 0.31988189,52.089561 -43.532123 0.31988189,
  52.140899 -43.49782 0.31988189,52.197942 -43.474192 0.31988189,
  52.258498 -43.462146 0.31988189,52.320242 -43.462146 0.31988189,
  52.380798 -43.474192 0.31988189,52.437841 -43.49782 0.31988189,
  52.489179 -43.532123 0.31988189,52.532838 -43.575781 0.31988189,
  52.567141 -43.627119 0.31988189,52.590769 -43.684162 0.31988189,
  52.602814 -43.744719 0.31988189,52.602814 -43.806462 0.31988189,
  52.590769 -43.867019 0.31988189,52.567141 -43.924062 0.31988189,
  52.532838 -43.9754 0.31988189,52.489179 -44.019058 0.31988189,
  52.437841 -44.053361 0.31988189,52.380798 -44.076989 0.31988189,
  52.320242 -44.089035 0.31988189,52.258498 -44.089035 0.31988189,
  52.197942 -44.076989 0.31988189,52.140899 -44.053361 0.31988189,
  52.089561 -44.019058 0.31988189,52.045902 -43.9754 0.31988189,
  52.0116 -43.924062 0.31988189,51.987972 -43.867019 0.31988189,
  51.975926 -44.744719 0.31988189,51.987972 -44.684162 0.31988189,
  52.0116 -44.627119 0.31988189,52.045902 -44.575781 0.31988189,
  52.089561 -44.532123 0.31988189,52.140899 -44.49782 0.31988189,
  52.197942 -44.474192 0.31988189,52.258498 -44.462146 0.31988189,
  52.320242 -44.462146 0.31988189,52.380798 -44.474192 0.31988189,
  52.437841 -44.49782 0.31988189,52.489179 -44.532123 0.31988189,
  52.532838 -44.575781 0.31988189,52.567141 -44.627119 0.31988189,
  52.590769 -44.684162 0.31988189,52.602814 -44.744719 0.31988189,
  52.602814 -44.795822 0.31988189,52.602814 -44.806462 0.31988189,
  52.590769 -44.867019 0.31988189,52.567141 -44.924062 0.31988189,
  52.532838 -44.9754 0.31988189,52.489179 -45.019058 0.31988189,
  52.437841 -45.053361 0.31988189,52.380798 -45.076989 0.31988189,
  52.320242 -45.089035 0.31988189,52.258498 -45.089035 0.31988189,
  52.197942 -45.076989 0.31988189,52.140899 -45.053361 0.31988189,
  52.089561 -45.019058 0.31988189,52.045902 -44.9754 0.31988189,
  52.0116 -44.924062 0.31988189,51.987972 -44.867019 0.31988189,
  51.975926 -44.806462 0.31988189,51.975926 -45.806462 0.31988189,
  51.975926 -45.744719 0.31988189,51.987972 -45.684162 0.31988189,
  52.0116 -45.627119 0.31988189,52.045902 -45.575781 0.31988189,
  52.089561 -45.532123 0.31988189,52.140899 -45.49782 0.31988189,
  52.197942 -45.474192 0.31988189,52.258498 -45.462146 0.31988189,
  52.320242 -45.462146 0.31988189,52.380798 -45.474192 0.31988189,
  52.437841 -45.49782 0.31988189,52.489179 -45.532123 0.31988189,
  52.532838 -45.575781 0.31988189,52.567141 -45.627119 0.31988189,
  52.590769 -45.684162 0.31988189,52.602814 -45.744719 0.31988189,
  52.602814 -45.806462 0.31988189,52.590769 -45.867019 0.31988189,
  52.567141 -45.924062 0.31988189,52.532838 -45.9754 0.31988189,
  52.489179 -46.019058 0.31988189,52.437841 -46.053361 0.31988189,
  52.380798 -46.076989 0.31988189,52.320242 -46.089035 0.31988189,
  52.258498 -46.089035 0.31988189,52.197942 -46.076989 0.31988189,
  52.140899 -46.053361 0.31988189,52.089561 -46.019058 0.31988189,
  52.045902 -45.9754 0.31988189,52.0116 -45.924062 0.31988189,
  51.987972 -45.867019 0.31988189,51.975926 -46.744719 0.31988189,
  51.987972 -46.684162 0.31988189,52.0116 -46.627119 0.31988189,
  52.045902 -46.575781 0.31988189,52.089561 -46.532123 0.31988189,
  52.140899 -46.49782 0.31988189,52.197942 -46.474192 0.31988189,
  52.258498 -46.462146 0.31988189,52.320242 -46.462146 0.31988189,
  52.380798 -46.474192 0.31988189,52.437841 -46.49782 0.31988189,
  52.489179 -46.532123 0.31988189,52.532838 -46.575781 0.31988189,
  52.567141 -46.627119 0.31988189,52.590769 -46.684162 0.31988189,
  52.602814 -46.744719 0.31988189,52.602814 -46.806462 0.31988189,
  52.590769 -46.867019 0.31988189,52.567141 -46.924062 0.31988189,
  52.532838 -46.9754 0.31988189,52.489179 -47.019058 0.31988189,
  52.437841 -47.053361 0.31988189,52.380798 -47.076989 0.31988189,
  52.320242 -47.089035 0.31988189,52.258498 -47.089035 0.31988189,
  52.197942 -47.076989 0.31988189,52.140899 -47.053361 0.31988189,
  52.089561 -47.019058 0.31988189,52.045902 -46.9754 0.31988189,
  52.0116 -46.924062 0.31988189,51.987972 -46.867019 0.31988189,
  51.975926 -46.806462 0.31988189,65.354331 -51.771654 0.31988189,
  65.354331 -31.889764 0.31988189,45.472441 -31.889764 0.31988189,
  45.472441 -35.334645 0.31988189,45.472441 -37.727663 0.31988189,
  45.472441 -39.271653 0.31988189,45.472441 -42.123031 0.31988189,
  45.472441 -43.559055 0.31988189,45.472441 -44.744719 0.31988189,
  45.472441 -45.126531 0.31988189,45.472441 -45.744719 0.31988189,
  45.472441 -46.744719 0.31988189,45.472441 -47.795822 0.31988189,
  45.472441 -48.126531 0.31988189,45.472441 -51.771654 0.31988189,
  61.265296 -35.538746 0.31988189,61.265296 -35.477002 0.31988189,
  61.277342 -35.416446 0.31988189,61.30097 -35.359403 0.31988189,
  61.335272 -35.308065 0.31988189,61.378931 -35.264406 0.31988189,
  61.430269 -35.230104 0.31988189,61.487312 -35.206476 0.31988189,
  61.547869 -35.19443 0.31988189,61.57874 -35.192913 0.31988189,
  61.893701 -35.192913 0.31988189,61.924572 -35.19443 0.31988189,
  61.985129 -35.206476 0.31988189,62.042172 -35.230104 0.31988189,
  62.09351 -35.264406 0.31988189,62.137169 -35.308065 0.31988189,
  62.171471 -35.359403 0.31988189,62.195099 -35.416446 0.31988189,
  62.207145 -35.477002 0.31988189,62.207145 -35.538746 0.31988189,
  62.195099 -35.599302 0.31988189,62.171471 -35.656345 0.31988189,
  62.137169 -35.707683 0.31988189,62.09351 -35.751342 0.31988189,
  62.042172 -35.785644 0.31988189,61.985129 -35.809272 0.31988189,
  61.924572 -35.821318 0.31988189,61.893701 -35.822835 0.31988189,
  61.57874 -35.822835 0.31988189,61.547869 -35.821318 0.31988189,
  61.487312 -35.809272 0.31988189,61.430269 -35.785644 0.31988189,
  61.378931 -35.751342 0.31988189,61.335272 -35.707683 0.31988189,
  61.30097 -35.656345 0.31988189,61.277342 -35.599302 0.31988189,
  61.265296 -36.477002 0.31988189,61.277342 -36.416446 0.31988189,
  61.30097 -36.359403 0.31988189,61.335272 -36.308065 0.31988189,
  61.378931 -36.264406 0.31988189,61.430269 -36.230104 0.31988189,
  61.487312 -36.206476 0.31988189,61.547869 -36.19443 0.31988189,
  61.57874 -36.192913 0.31988189,61.893701 -36.192913 0.31988189,
  61.924572 -36.19443 0.31988189,61.985129 -36.206476 0.31988189,
  62.042172 -36.230104 0.31988189,62.09351 -36.264406 0.31988189,
  62.137169 -36.308065 0.31988189,62.171471 -36.359403 0.31988189,
  62.195099 -36.416446 0.31988189,62.207145 -36.477002 0.31988189,
  62.207145 -36.538746 0.31988189,62.195099 -36.599302 0.31988189,
  62.171471 -36.656345 0.31988189,62.137169 -36.707683 0.31988189,
  62.09351 -36.751342 0.31988189,62.042172 -36.785644 0.31988189,
  61.985129 -36.809272 0.31988189,61.924572 -36.821318 0.31988189,
  61.893701 -36.822835 0.31988189,61.57874 -36.822835 0.31988189,
  61.547869 -36.821318 0.31988189,61.487312 -36.809272 0.31988189,
  61.430269 -36.785644 0.31988189,61.378931 -36.751342 0.31988189,
  61.335272 -36.707683 0.31988189,61.30097 -36.656345 0.31988189,
  61.277342 -36.599302 0.31988189,61.265296 -36.538746 0.31988189,
  61.265296 -37.477002 0.31988189,61.277342 -37.416446 0.31988189,
  61.30097 -37.359403 0.31988189,61.335272 -37.308065 0.31988189,
  61.378931 -37.264406 0.31988189,61.430269 -37.230104 0.31988189,
  61.487312 -37.206476 0.31988189,61.547869 -37.19443 0.31988189,
  61.57874 -37.192913 0.31988189,61.893701 -37.192913 0.31988189,
  61.924572 -37.19443 0.31988189,61.985129 -37.206476 0.31988189,
  62.042172 -37.230104 0.31988189,62.09351 -37.264406 0.31988189,
  62.137169 -37.308065 0.31988189,62.171471 -37.359403 0.31988189,
  62.195099 -37.416446 0.31988189,62.207145 -37.477002 0.31988189,
  62.207145 -37.538746 0.31988189,62.195099 -37.599302 0.31988189,
  62.171471 -37.656345 0.31988189,62.137169 -37.707683 0.31988189,
  62.09351 -37.751342 0.31988189,62.042172 -37.785644 0.31988189,
  61.985129 -37.809272 0.31988189,61.924572 -37.821318 0.31988189,
  61.893701 -37.822835 0.31988189,61.57874 -37.822835 0.31988189,
  61.547869 -37.821318 0.31988189,61.487312 -37.809272 0.31988189,
  61.430269 -37.785644 0.31988189,61.378931 -37.751342 0.31988189,
  61.335272 -37.707683 0.31988189,61.30097 -37.656345 0.31988189,
  61.277342 -37.599302 0.31988189,61.265296 -37.538746 0.31988189,
  61.265296 -38.477002 0.31988189,61.277342 -38.416446 0.31988189,
  61.30097 -38.359403 0.31988189,61.335272 -38.308065 0.31988189,
  61.378931 -38.264406 0.31988189,61.430269 -38.230104 0.31988189,
  61.487312 -38.206476 0.31988189,61.547869 -38.19443 0.31988189,
  61.57874 -38.192913 0.31988189,61.893701 -38.192913 0.31988189,
  61.924572 -38.19443 0.31988189,61.985129 -38.206476 0.31988189,
  62.042172 -38.230104 0.31988189,62.09351 -38.264406 0.31988189,
  62.137169 -38.308065 0.31988189,62.171471 -38.359403 0.31988189,
  62.195099 -38.416446 0.31988189,62.207145 -38.477002 0.31988189,
  62.207145 -38.538746 0.31988189,62.195099 -38.599302 0.31988189,
  62.171471 -38.656345 0.31988189,62.137169 -38.707683 0.31988189,
  62.09351 -38.751342 0.31988189,62.042172 -38.785644 0.31988189,
  61.985129 -38.809272 0.31988189,61.924572 -38.821318 0.31988189,
  61.893701 -38.822835 0.31988189,61.57874 -38.822835 0.31988189,
  61.547869 -38.821318 0.31988189,61.487312 -38.809272 0.31988189,
  61.430269 -38.785644 0.31988189,61.378931 -38.751342 0.31988189,
  61.335272 -38.707683 0.31988189,61.30097 -38.656345 0.31988189,
  61.277342 -38.599302 0.31988189,61.265296 -38.538746 0.31988189,
  54.527559 -42.123031 0.31988189,54.527559 -42.379718 0.31988189,
  54.527559 -42.713583 0.31988189,54.520067 -42.751248 0.31988189,
  54.498731 -42.78318 0.31988189,54.4668 -42.804516 0.31988189,
  54.429134 -42.812008 0.31988189,53.838583 -42.812008 0.31988189,
  53.800917 -42.804516 0.31988189,53.768985 -42.78318 0.31988189,
  53.74765 -42.751248 0.31988189,53.740157 -42.713583 0.31988189,
  53.740157 -42.123031 0.31988189,53.74765 -42.085366 0.31988189,
  53.768985 -42.053434 0.31988189,53.800917 -42.032098 0.31988189,
  53.838583 -42.024606 0.31988189,54.429134 -42.024606 0.31988189,
  54.4668 -42.032098 0.31988189,54.498731 -42.053434 0.31988189,
  54.520067 -42.085366 0.31988189,47.244094 -39.271653 0.31988189,
  47.251587 -39.233988 0.31988189,47.272922 -39.202056 0.31988189,
  47.304854 -39.18072 0.31988189,47.34252 -39.173229 0.31988189,
  48.326772 -39.173228 0.31988189,48.364437 -39.18072 0.31988189,
  48.396369 -39.202056 0.31988189,48.417705 -39.233988 0.31988189,
  48.425196 -39.271654 0.31988189,48.425197 -40.255906 0.31988189,
  48.417705 -40.293571 0.31988189,48.396369 -40.325503 0.31988189,
  48.364437 -40.346839 0.31988189,48.326772 -40.35433 0.31988189,
  47.342519 -40.354331 0.31988189,47.304854 -40.346839 0.31988189,
  47.272922 -40.325503 0.31988189,47.251587 -40.293571 0.31988189,
  47.244095 -40.255906 0.31988189,59.925085 -42.795055 0.31988189,
  59.853781 -42.76552 0.31988189,59.789609 -42.722642 0.31988189,
  59.735035 -42.668068 0.31988189,59.692157 -42.603896 0.31988189,
  59.662622 -42.532593 0.31988189,59.647565 -42.456896 0.31988189,
  59.647565 -42.379718 0.31988189,59.662622 -42.304022 0.31988189,
  59.692157 -42.232718 0.31988189,59.735035 -42.168546 0.31988189,
  59.789609 -42.113972 0.31988189,59.853781 -42.071094 0.31988189,
  59.925085 -42.041559 0.31988189,60.000781 -42.026502 0.31988189,
  60.077959 -42.026502 0.31988189,60.153656 -42.041559 0.31988189,
  60.224959 -42.071094 0.31988189,60.289131 -42.113972 0.31988189,
  60.343705 -42.168546 0.31988189,60.386583 -42.232718 0.31988189,
  60.416118 -42.304022 0.31988189,60.431175 -42.379718 0.31988189,
  60.431175 -42.456896 0.31988189,60.416118 -42.532593 0.31988189,
  60.386583 -42.603896 0.31988189,60.343705 -42.668068 0.31988189,
  60.289131 -42.722642 0.31988189,60.224959 -42.76552 0.31988189,
  60.153656 -42.795055 0.31988189,60.077959 -42.810112 0.31988189,
  60.000781 -42.810112 0.31988189,59.207145 -38.477002 0.31988189,
  59.207145 -38.538746 0.31988189,59.195099 -38.599302 0.31988189,
  59.171471 -38.656345 0.31988189,59.137169 -38.707683 0.31988189,
  59.09351 -38.751342 0.31988189,59.042172 -38.785644 0.31988189,
  58.985129 -38.809272 0.31988189,58.924572 -38.821318 0.31988189,
  58.893701 -38.822835 0.31988189,58.57874 -38.822835 0.31988189,
  58.547869 -38.821318 0.31988189,58.487312 -38.809272 0.31988189,
  58.430269 -38.785644 0.31988189,58.378931 -38.751342 0.31988189,
  58.335272 -38.707683 0.31988189,58.30097 -38.656345 0.31988189,
  58.277342 -38.599302 0.31988189,58.265296 -38.538746 0.31988189,
  58.265296 -38.477002 0.31988189,58.277342 -38.416446 0.31988189,
  58.30097 -38.359403 0.31988189,58.335272 -38.308065 0.31988189,
  58.378931 -38.264406 0.31988189,58.430269 -38.230104 0.31988189,
  58.487312 -38.206476 0.31988189,58.547869 -38.19443 0.31988189,
  58.57874 -38.192913 0.31988189,58.893701 -38.192913 0.31988189,
  58.924572 -38.19443 0.31988189,58.985129 -38.206476 0.31988189,
  59.042172 -38.230104 0.31988189,59.09351 -38.264406 0.31988189,
  59.137169 -38.308065 0.31988189,59.171471 -38.359403 0.31988189,
  59.195099 -38.416446 0.31988189,59.208661 -35.724409 0.31988189,
  59.201169 -35.762075 0.31988189,59.179833 -35.794007 0.31988189,
  59.147902 -35.815343 0.31988189,59.110236 -35.822835 0.31988189,
  58.362205 -35.822835 0.31988189,58.324539 -35.815343 0.31988189,
  58.292607 -35.794007 0.31988189,58.271272 -35.762075 0.31988189,
  58.26378 -35.724409 0.31988189,58.26378 -35.291339 0.31988189,
  58.271272 -35.253673 0.31988189,58.292607 -35.221741 0.31988189,
  58.324539 -35.200406 0.31988189,58.362205 -35.192913 0.31988189,
  59.110236 -35.192913 0.31988189,59.147902 -35.200406 0.31988189,
  59.179833 -35.221741 0.31988189,59.201169 -35.253673 0.31988189,
  59.208661 -35.291339 0.31988189,59.208661 -35.477002 0.31988189,
  59.207145 -36.477002 0.31988189,59.207145 -36.538746 0.31988189,
  59.195099 -36.599302 0.31988189,59.171471 -36.656345 0.31988189,
  59.137169 -36.707683 0.31988189,59.09351 -36.751342 0.31988189,
  59.042172 -36.785644 0.31988189,58.985129 -36.809272 0.31988189,
  58.924572 -36.821318 0.31988189,58.893701 -36.822835 0.31988189,
  58.57874 -36.822835 0.31988189,58.547869 -36.821318 0.31988189,
  58.487312 -36.809272 0.31988189,58.430269 -36.785644 0.31988189,
  58.378931 -36.751342 0.31988189,58.335272 -36.707683 0.31988189,
  58.30097 -36.656345 0.31988189,58.277342 -36.599302 0.31988189,
  58.265296 -36.538746 0.31988189,58.265296 -36.477002 0.31988189,
  58.277342 -36.416446 0.31988189,58.30097 -36.359403 0.31988189,
  58.335272 -36.308065 0.31988189,58.378931 -36.264406 0.31988189,
  58.430269 -36.230104 0.31988189,58.487312 -36.206476 0.31988189,
  58.547869 -36.19443 0.31988189,58.57874 -36.192913 0.31988189,
  58.893701 -36.192913 0.31988189,58.924572 -36.19443 0.31988189,
  58.985129 -36.206476 0.31988189,59.042172 -36.230104 0.31988189,
  59.09351 -36.264406 0.31988189,59.137169 -36.308065 0.31988189,
  59.171471 -36.359403 0.31988189,59.195099 -36.416446 0.31988189,
  59.207145 -37.477002 0.31988189,59.207145 -37.538746 0.31988189,
  59.195099 -37.599302 0.31988189,59.171471 -37.656345 0.31988189,
  59.137169 -37.707683 0.31988189,59.09351 -37.751342 0.31988189,
  59.042172 -37.785644 0.31988189,58.985129 -37.809272 0.31988189,
  58.924572 -37.821318 0.31988189,58.893701 -37.822835 0.31988189,
  58.57874 -37.822835 0.31988189,58.547869 -37.821318 0.31988189,
  58.487312 -37.809272 0.31988189,58.430269 -37.785644 0.31988189,
  58.378931 -37.751342 0.31988189,58.335272 -37.707683 0.31988189,
  58.30097 -37.656345 0.31988189,58.277342 -37.599302 0.31988189,
  58.265296 -37.538746 0.31988189,58.265296 -37.477002 0.31988189,
  58.277342 -37.416446 0.31988189,58.30097 -37.359403 0.31988189,
  58.335272 -37.308065 0.31988189,58.378931 -37.264406 0.31988189,
  58.430269 -37.230104 0.31988189,58.487312 -37.206476 0.31988189,
  58.547869 -37.19443 0.31988189,58.57874 -37.192913 0.31988189,
  58.893701 -37.192913 0.31988189,58.924572 -37.19443 0.31988189,
  58.985129 -37.206476 0.31988189,59.042172 -37.230104 0.31988189,
  59.09351 -37.264406 0.31988189,59.137169 -37.308065 0.31988189,
  59.171471 -37.359403 0.31988189,59.195099 -37.416446 0.31988189] }
 coordIndex [
  106,107,108,-1,106,108,85,-1,106,85,269,-1,106,269,219,-1,106,219,220,-1,306,307,526,-1,526,307,252,-1,526,252,525,-1,
  525,252,221,-1,525,221,253,-1,253,221,222,-1,253,222,284,-1,284,222,223,-1,284,223,283,-1,283,223,224,-1,283,224,282,-1,
  282,224,225,-1,282,225,281,-1,281,225,226,-1,281,226,280,-1,280,226,227,-1,280,227,279,-1,279,227,228,-1,279,228,278,-1,
  278,228,229,-1,278,229,277,-1,277,229,230,-1,277,230,276,-1,276,230,231,-1,276,231,275,-1,275,231,232,-1,275,232,274,-1,
  274,232,233,-1,274,233,273,-1,273,233,234,-1,273,234,272,-1,272,234,235,-1,272,235,271,-1,271,235,236,-1,271,236,270,-1,
  270,236,323,-1,270,323,269,-1,269,323,294,-1,269,294,218,-1,218,294,295,-1,218,295,217,-1,217,295,296,-1,217,296,216,-1,
  216,296,297,-1,216,297,298,-1,323,237,322,-1,322,237,238,-1,322,238,321,-1,321,238,239,-1,321,239,320,-1,320,239,240,-1,
  320,240,319,-1,319,240,241,-1,319,241,318,-1,318,241,242,-1,318,242,317,-1,317,242,243,-1,317,243,316,-1,316,243,244,-1,
  316,244,315,-1,315,244,245,-1,315,245,314,-1,314,245,246,-1,314,246,313,-1,313,246,247,-1,313,247,312,-1,312,247,248,-1,
  312,248,311,-1,311,248,249,-1,311,249,310,-1,310,249,250,-1,310,250,309,-1,309,250,251,-1,309,251,308,-1,308,251,252,-1,
  308,252,307,-1,304,305,527,-1,527,305,285,-1,527,285,306,-1,306,285,286,-1,306,286,337,-1,337,286,287,-1,337,287,336,-1,
  336,287,288,-1,336,288,335,-1,335,288,289,-1,335,289,334,-1,334,289,333,-1,289,290,327,-1,289,327,328,-1,289,328,329,-1,
  289,329,330,-1,289,330,331,-1,289,331,332,-1,289,332,333,-1,294,323,293,-1,293,323,324,-1,293,324,292,-1,292,324,325,-1,
  292,325,291,-1,291,325,326,-1,291,326,290,-1,290,326,327,-1,203,204,300,-1,203,300,301,-1,203,301,302,-1,203,302,303,-1,
  203,303,304,-1,203,304,529,-1,203,529,202,-1,300,204,205,-1,300,205,206,-1,300,206,207,-1,300,207,208,-1,300,208,209,-1,
  300,209,210,-1,300,210,211,-1,300,211,299,-1,299,211,212,-1,299,212,213,-1,299,213,214,-1,299,214,215,-1,299,215,298,-1,
  450,451,44,-1,44,451,483,-1,44,483,43,-1,43,483,484,-1,43,484,514,-1,514,484,485,-1,514,485,513,-1,513,485,486,-1,
  513,486,512,-1,512,486,487,-1,512,487,511,-1,511,487,488,-1,511,488,510,-1,510,488,489,-1,510,489,509,-1,509,489,490,-1,
  509,490,508,-1,508,490,491,-1,508,491,507,-1,507,491,492,-1,507,492,506,-1,506,492,493,-1,506,493,505,-1,505,493,494,-1,
  505,494,504,-1,504,494,495,-1,504,495,503,-1,503,495,496,-1,503,496,502,-1,502,496,497,-1,502,497,501,-1,501,497,498,-1,
  501,498,500,-1,500,498,467,-1,500,467,499,-1,499,467,403,-1,499,403,530,-1,530,403,164,-1,530,164,165,-1,403,468,466,-1,
  466,468,469,-1,466,469,465,-1,465,469,470,-1,465,470,464,-1,464,470,471,-1,464,471,463,-1,463,471,472,-1,463,472,462,-1,
  462,472,473,-1,462,473,461,-1,461,473,474,-1,461,474,460,-1,460,474,475,-1,460,475,459,-1,459,475,476,-1,459,476,458,-1,
  458,476,477,-1,458,477,457,-1,457,477,478,-1,457,478,456,-1,456,478,479,-1,456,479,455,-1,455,479,480,-1,455,480,454,-1,
  454,480,481,-1,454,481,453,-1,453,481,482,-1,453,482,452,-1,452,482,483,-1,452,483,451,-1,699,700,46,-1,46,700,418,-1,
  46,418,45,-1,45,418,419,-1,45,419,449,-1,449,419,420,-1,449,420,448,-1,448,420,421,-1,448,421,447,-1,447,421,422,-1,
  447,422,446,-1,446,422,423,-1,446,423,445,-1,445,423,424,-1,445,424,444,-1,444,424,425,-1,444,425,443,-1,443,425,426,-1,
  443,426,442,-1,442,426,427,-1,442,427,441,-1,441,427,428,-1,441,428,440,-1,440,428,429,-1,440,429,439,-1,439,429,430,-1,
  439,430,438,-1,438,430,431,-1,438,431,437,-1,437,431,432,-1,437,432,436,-1,436,432,433,-1,436,433,435,-1,435,433,402,-1,
  435,402,434,-1,434,402,403,-1,434,403,466,-1,68,69,414,-1,68,414,415,-1,68,415,416,-1,68,416,417,-1,68,417,418,-1,
  68,418,701,-1,68,701,67,-1,413,414,69,-1,413,69,70,-1,413,70,71,-1,413,71,412,-1,409,410,74,-1,74,410,411,-1,
  74,411,73,-1,73,411,412,-1,73,412,72,-1,72,412,71,-1,691,47,690,-1,690,47,48,-1,690,48,17,-1,17,48,49,-1,
  17,49,16,-1,16,49,50,-1,16,50,15,-1,15,50,51,-1,15,51,14,-1,14,51,52,-1,14,52,13,-1,13,52,53,-1,
  13,53,12,-1,12,53,54,-1,12,54,11,-1,11,54,55,-1,11,55,10,-1,10,55,56,-1,10,56,9,-1,9,56,57,-1,
  9,57,8,-1,8,57,58,-1,8,58,7,-1,7,58,59,-1,7,59,6,-1,6,59,60,-1,6,60,5,-1,5,60,61,-1,
  5,61,4,-1,4,61,62,-1,4,62,3,-1,3,62,63,-1,3,63,2,-1,2,63,32,-1,2,32,1,-1,1,32,383,-1,
  1,383,0,-1,0,383,384,-1,0,384,385,-1,64,65,701,-1,64,701,702,-1,64,702,703,-1,64,703,810,-1,64,810,811,-1,
  64,811,812,-1,64,812,83,-1,64,83,84,-1,731,386,354,-1,354,386,387,-1,354,387,353,-1,353,387,388,-1,353,388,352,-1,
  352,388,389,-1,352,389,351,-1,351,389,390,-1,351,390,350,-1,350,390,391,-1,350,391,349,-1,349,391,392,-1,349,392,348,-1,
  348,392,393,-1,348,393,347,-1,347,393,394,-1,347,394,346,-1,346,394,395,-1,346,395,345,-1,345,395,396,-1,345,396,344,-1,
  344,396,397,-1,344,397,343,-1,343,397,398,-1,343,398,342,-1,342,398,399,-1,342,399,341,-1,341,399,400,-1,341,400,340,-1,
  340,400,401,-1,340,401,339,-1,339,401,370,-1,339,370,338,-1,338,370,531,-1,338,531,369,-1,369,531,688,-1,369,688,689,-1,
  369,689,547,-1,547,689,654,-1,547,654,653,-1,653,654,655,-1,653,655,652,-1,652,655,656,-1,652,656,651,-1,651,656,657,-1,
  651,657,650,-1,650,657,658,-1,650,658,649,-1,649,658,659,-1,649,659,648,-1,648,659,660,-1,648,660,647,-1,647,660,661,-1,
  647,661,646,-1,646,661,662,-1,646,662,645,-1,645,662,663,-1,645,663,644,-1,644,663,664,-1,644,664,643,-1,643,664,665,-1,
  643,665,642,-1,642,665,666,-1,642,666,641,-1,641,666,667,-1,641,667,640,-1,640,667,668,-1,640,668,639,-1,639,668,669,-1,
  639,669,638,-1,638,669,670,-1,638,670,637,-1,637,670,671,-1,637,671,636,-1,636,671,531,-1,636,531,635,-1,635,531,600,-1,
  635,600,601,-1,635,601,634,-1,634,601,602,-1,634,602,633,-1,633,602,603,-1,633,603,632,-1,632,603,604,-1,632,604,631,-1,
  631,604,605,-1,631,605,630,-1,630,605,606,-1,630,606,629,-1,629,606,607,-1,629,607,628,-1,628,607,608,-1,628,608,627,-1,
  627,608,609,-1,627,609,626,-1,626,609,610,-1,626,610,625,-1,625,610,611,-1,625,611,624,-1,624,611,612,-1,624,612,623,-1,
  623,612,613,-1,623,613,622,-1,622,613,614,-1,622,614,621,-1,621,614,615,-1,621,615,620,-1,620,615,616,-1,620,616,619,-1,
  619,616,617,-1,619,617,618,-1,618,617,547,-1,618,547,653,-1,562,563,532,-1,532,563,564,-1,532,564,531,-1,531,564,565,-1,
  531,565,599,-1,599,565,566,-1,599,566,598,-1,598,566,567,-1,598,567,597,-1,597,567,568,-1,597,568,596,-1,596,568,569,-1,
  596,569,595,-1,595,569,570,-1,595,570,594,-1,594,570,571,-1,594,571,593,-1,593,571,572,-1,593,572,592,-1,592,572,573,-1,
  592,573,591,-1,591,573,574,-1,591,574,590,-1,590,574,575,-1,590,575,589,-1,589,575,576,-1,589,576,588,-1,588,576,577,-1,
  588,577,587,-1,587,577,578,-1,587,578,586,-1,586,578,579,-1,586,579,585,-1,585,579,580,-1,585,580,584,-1,584,580,581,-1,
  584,581,583,-1,583,581,546,-1,583,546,582,-1,582,546,547,-1,582,547,617,-1,532,533,99,-1,532,99,100,-1,532,100,101,-1,
  532,101,102,-1,532,102,103,-1,532,103,104,-1,532,104,105,-1,532,105,85,-1,532,85,130,-1,532,130,131,-1,532,131,132,-1,
  532,132,133,-1,532,133,134,-1,532,134,135,-1,532,135,136,-1,532,136,137,-1,532,137,138,-1,532,138,139,-1,532,139,140,-1,
  532,140,141,-1,532,141,142,-1,532,142,143,-1,532,143,144,-1,532,144,145,-1,532,145,146,-1,532,146,147,-1,532,147,148,-1,
  532,148,149,-1,532,149,150,-1,532,150,151,-1,532,151,152,-1,532,152,153,-1,532,153,154,-1,532,154,155,-1,532,155,156,-1,
  532,156,157,-1,532,157,158,-1,532,158,159,-1,532,159,160,-1,532,160,77,-1,532,77,78,-1,532,78,79,-1,532,79,80,-1,
  532,80,81,-1,532,81,82,-1,532,82,83,-1,532,83,812,-1,532,812,813,-1,532,813,814,-1,532,814,815,-1,532,815,816,-1,
  532,816,817,-1,532,817,818,-1,532,818,551,-1,532,551,552,-1,532,552,553,-1,532,553,554,-1,532,554,555,-1,532,555,556,-1,
  532,556,557,-1,532,557,558,-1,532,558,559,-1,532,559,560,-1,532,560,561,-1,532,561,562,-1,547,548,744,-1,547,744,745,-1,
  547,745,746,-1,547,746,747,-1,547,747,748,-1,547,748,749,-1,547,749,750,-1,547,750,751,-1,547,751,752,-1,547,752,753,-1,
  547,753,366,-1,547,366,367,-1,547,367,368,-1,547,368,369,-1,548,549,818,-1,548,818,739,-1,548,739,740,-1,548,740,741,-1,
  548,741,742,-1,548,742,743,-1,548,743,744,-1,735,736,386,-1,386,736,737,-1,386,737,818,-1,818,737,738,-1,818,738,739,-1,
  550,551,818,-1,550,818,549,-1,30,31,809,-1,809,31,0,-1,809,0,808,-1,808,0,781,-1,808,781,839,-1,839,781,782,-1,
  839,782,874,-1,874,782,783,-1,874,783,873,-1,873,783,784,-1,873,784,872,-1,872,784,785,-1,872,785,871,-1,871,785,786,-1,
  871,786,870,-1,870,786,787,-1,870,787,869,-1,869,787,788,-1,869,788,868,-1,868,788,789,-1,868,789,867,-1,867,789,790,-1,
  867,790,866,-1,866,790,791,-1,866,791,865,-1,865,791,792,-1,865,792,864,-1,864,792,793,-1,864,793,863,-1,863,793,794,-1,
  863,794,862,-1,862,794,795,-1,862,795,861,-1,861,795,796,-1,861,796,860,-1,860,796,797,-1,860,797,859,-1,859,797,798,-1,
  859,798,858,-1,858,798,763,-1,858,763,857,-1,857,763,386,-1,857,386,856,-1,856,386,821,-1,856,821,822,-1,809,810,18,-1,
  809,18,19,-1,809,19,20,-1,809,20,21,-1,809,21,22,-1,809,22,23,-1,809,23,24,-1,809,24,25,-1,809,25,26,-1,
  809,26,27,-1,809,27,28,-1,809,28,29,-1,809,29,30,-1,709,710,810,-1,810,710,690,-1,810,690,18,-1,18,690,17,-1,
  810,703,704,-1,810,704,705,-1,810,705,706,-1,810,706,707,-1,810,707,708,-1,810,708,709,-1,74,75,164,-1,74,164,403,-1,
  74,403,404,-1,74,404,405,-1,74,405,406,-1,74,406,407,-1,74,407,408,-1,74,408,409,-1,76,77,161,-1,76,161,162,-1,
  76,162,163,-1,76,163,164,-1,76,164,75,-1,127,128,129,-1,127,129,85,-1,127,85,125,-1,127,125,126,-1,120,121,122,-1,
  120,122,85,-1,120,85,118,-1,120,118,119,-1,113,114,115,-1,113,115,85,-1,113,85,111,-1,113,111,112,-1,85,108,109,-1,
  85,109,110,-1,85,110,111,-1,85,115,116,-1,85,116,117,-1,85,117,118,-1,85,122,123,-1,85,123,124,-1,85,124,125,-1,
  89,90,715,-1,715,90,91,-1,715,91,714,-1,714,91,92,-1,714,92,713,-1,713,92,93,-1,713,93,712,-1,712,93,94,-1,
  712,94,711,-1,711,94,95,-1,711,95,533,-1,533,95,96,-1,533,96,97,-1,98,99,533,-1,98,533,97,-1,531,671,672,-1,
  531,672,673,-1,531,673,674,-1,531,674,675,-1,531,675,676,-1,531,676,677,-1,531,677,678,-1,531,678,679,-1,531,679,680,-1,
  531,680,681,-1,531,681,682,-1,531,682,683,-1,531,683,684,-1,531,684,685,-1,531,685,686,-1,531,686,687,-1,531,687,688,-1,
  531,370,371,-1,531,371,372,-1,531,372,373,-1,531,373,374,-1,531,374,375,-1,531,375,376,-1,531,376,377,-1,531,377,378,-1,
  531,378,379,-1,531,379,380,-1,531,380,381,-1,531,381,32,-1,531,32,33,-1,531,33,34,-1,531,34,35,-1,531,35,36,-1,
  531,36,37,-1,531,37,38,-1,531,38,39,-1,531,39,40,-1,531,40,41,-1,531,41,42,-1,531,42,43,-1,531,43,514,-1,
  531,514,515,-1,531,515,516,-1,531,516,517,-1,531,517,518,-1,531,518,519,-1,531,519,520,-1,531,520,521,-1,531,521,522,-1,
  531,522,523,-1,531,523,524,-1,531,524,253,-1,531,253,254,-1,531,254,255,-1,531,255,256,-1,531,256,257,-1,531,257,258,-1,
  531,258,259,-1,531,259,260,-1,531,260,261,-1,531,261,262,-1,531,262,263,-1,531,263,542,-1,531,542,543,-1,531,543,544,-1,
  531,544,545,-1,386,731,732,-1,386,732,733,-1,386,733,734,-1,386,734,735,-1,851,852,803,-1,803,852,853,-1,803,853,802,-1,
  802,853,854,-1,802,854,801,-1,801,854,855,-1,801,855,800,-1,800,855,820,-1,800,820,799,-1,799,820,386,-1,799,386,819,-1,
  819,386,818,-1,386,763,764,-1,386,764,765,-1,386,765,766,-1,386,766,767,-1,386,767,768,-1,386,768,769,-1,386,769,770,-1,
  386,770,771,-1,386,771,772,-1,386,772,773,-1,386,773,774,-1,386,774,775,-1,386,775,776,-1,386,776,777,-1,386,777,778,-1,
  386,778,779,-1,386,779,780,-1,386,780,781,-1,386,781,0,-1,386,0,385,-1,32,381,382,-1,32,382,383,-1,47,691,692,-1,
  47,692,693,-1,47,693,694,-1,47,694,695,-1,47,695,696,-1,47,696,697,-1,47,697,46,-1,698,699,46,-1,698,46,697,-1,
  66,67,701,-1,66,701,65,-1,449,450,44,-1,449,44,45,-1,530,165,166,-1,530,166,167,-1,530,167,168,-1,530,168,169,-1,
  530,169,170,-1,530,170,171,-1,530,171,172,-1,530,172,173,-1,530,173,174,-1,530,174,175,-1,530,175,176,-1,530,176,177,-1,
  530,177,178,-1,530,178,179,-1,530,179,180,-1,530,180,181,-1,530,181,182,-1,530,182,183,-1,530,183,184,-1,530,184,185,-1,
  530,185,186,-1,530,186,187,-1,530,187,188,-1,530,188,189,-1,530,189,190,-1,530,190,191,-1,530,191,529,-1,529,191,192,-1,
  529,192,193,-1,529,193,194,-1,529,194,195,-1,529,195,196,-1,529,196,197,-1,529,197,198,-1,529,198,199,-1,529,199,200,-1,
  529,200,201,-1,529,201,202,-1,304,527,528,-1,304,528,529,-1,716,717,88,-1,88,717,718,-1,88,718,87,-1,87,718,719,-1,
  87,719,86,-1,86,719,720,-1,86,720,85,-1,85,720,721,-1,85,721,269,-1,269,721,722,-1,269,722,723,-1,269,723,724,-1,
  269,724,725,-1,269,725,726,-1,269,726,268,-1,268,726,727,-1,268,727,728,-1,268,728,729,-1,268,729,534,-1,268,534,535,-1,
  268,535,536,-1,268,536,267,-1,533,534,729,-1,533,729,730,-1,533,730,711,-1,540,264,539,-1,539,264,265,-1,539,265,538,-1,
  538,265,266,-1,538,266,537,-1,537,266,267,-1,537,267,536,-1,541,542,263,-1,541,263,264,-1,541,264,540,-1,360,361,759,-1,
  759,361,362,-1,759,362,758,-1,758,362,363,-1,758,363,757,-1,757,363,364,-1,757,364,756,-1,756,364,365,-1,756,365,755,-1,
  755,365,366,-1,755,366,754,-1,754,366,753,-1,357,358,761,-1,761,358,359,-1,761,359,760,-1,760,359,360,-1,760,360,759,-1,
  762,731,354,-1,762,354,355,-1,762,355,356,-1,762,356,357,-1,762,357,761,-1,89,715,716,-1,89,716,88,-1,856,822,891,-1,
  891,822,823,-1,891,823,890,-1,890,823,824,-1,890,824,889,-1,889,824,825,-1,889,825,888,-1,888,825,826,-1,888,826,887,-1,
  887,826,827,-1,887,827,886,-1,886,827,828,-1,886,828,885,-1,885,828,829,-1,885,829,884,-1,884,829,830,-1,884,830,883,-1,
  883,830,831,-1,883,831,882,-1,882,831,832,-1,882,832,881,-1,881,832,833,-1,881,833,880,-1,880,833,834,-1,880,834,879,-1,
  879,834,835,-1,879,835,878,-1,878,835,836,-1,878,836,877,-1,877,836,837,-1,877,837,876,-1,876,837,838,-1,876,838,875,-1,
  875,838,839,-1,875,839,874,-1,803,804,844,-1,803,844,845,-1,803,845,846,-1,803,846,847,-1,803,847,848,-1,803,848,849,-1,
  803,849,850,-1,803,850,851,-1,808,839,807,-1,807,839,840,-1,807,840,806,-1,806,840,841,-1,806,841,805,-1,805,841,842,-1,
  805,842,804,-1,804,842,843,-1,804,843,844,-1,219,269,218,-1,253,524,525,-1,306,526,527,-1,418,700,701,-1,821,386,820,-1,
  600,531,599,-1,130,85,129,-1,77,160,161,-1,403,467,468,-1,216,298,215,-1,323,236,237,-1]
  normalPerVertex TRUE
  normal DEF NORM_86 Normal { vector [
  0 0 1,0 0 1,
  0 0 1,0 0 1,
  0 0 1,0 0 1,
  0 0 1,0 0 1,
  0 0 1,0 0 1,
  0 0 1,0 0 1,
  0 0 1,0 0 1,
  0 0 1,0 0 1,
  0 0 1,0 0 1,
  0 0 1,0 0 1,
  0 0 1,0 0 1,
  0 0 1,0 0 1,
  0 0 1,0 0 1,
  0 0 1,0 0 1,
  0 0 1,0 0 1,
  0 0 1,0 0 1,
  0 0 1,0 0 1,
  0 0 1,0 0 1,
  0 0 1,0 0 1,
  0 0 1,0 0 1,
  0 0 1,0 0 1,
  0 0 1,0 0 1,
  0 0 1,0 0 1,
  0 0 1,0 0 1,
  0 0 1,0 0 1,
  0 0 1,0 0 1,
  0 0 1,0 0 1,
  0 0 1,0 0 1,
  0 0 1,0 0 1,
  0 0 1,0 0 1,
  0 0 1,0 0 1,
  0 0 1,0 0 1,
  0 0 1,0 0 1,
  0 0 1,0 0 1,
  0 0 1,0 0 1,
  0 0 1,0 0 1,
  0 0 1,0 0 1,
  0 0 1,0 0 1,
  0 0 1,0 0 1,
  0 0 1,0 0 1,
  0 0 1,0 0 1,
  0 0 1,0 0 1,
  0 0 1,0 0 1,
  0 0 1,0 0 1,
  0 0 1,0 0 1,
  0 0 1,0 0 1,
  0 0 1,0 0 1,
  0 0 1,0 0 1,
  0 0 1,0 0 1,
  0 0 1,0 0 1,
  0 0 1,0 0 1,
  0 0 1,0 0 1,
  0 0 1,0 0 1,
  0 0 1,0 0 1,
  0 0 1,0 0 1,
  0 0 1,0 0 1,
  0 0 1,0 0 1,
  0 0 1,0 0 1,
  0 0 1,0 0 1,
  0 0 1,0 0 1,
  0 0 1,0 0 1,
  0 0 1,0 0 1,
  0 0 1,0 0 1,
  0 0 1,0 0 1,
  0 0 1,0 0 1,
  0 0 1,0 0 1,
  0 0 1,0 0 1,
  0 0 1,0 0 1,
  0 0 1,0 0 1,
  0 0 1,0 0 1,
  0 0 1,0 0 1,
  0 0 1,0 0 1,
  0 0 1,0 0 1,
  0 0 1,0 0 1,
  0 0 1,0 0 1,
  0 0 1,0 0 1,
  0 0 1,0 0 1,
  0 0 1,0 0 1,
  0 0 1,0 0 1,
  0 0 1,0 0 1,
  0 0 1,0 0 1,
  0 0 1,0 0 1,
  0 0 1,0 0 1,
  0 0 1,0 0 1,
  0 0 1,0 0 1,
  0 0 1,0 0 1,
  0 0 1,0 0 1,
  0 0 1,0 0 1,
  0 0 1,0 0 1,
  0 0 1,0 0 1,
  0 0 1,0 0 1,
  0 0 1,0 0 1,
  0 0 1,0 0 1,
  0 0 1,0 0 1,
  0 0 1,0 0 1,
  0 0 1,0 0 1,
  0 0 1,0 0 1,
  0 0 1,0 0 1,
  0 0 1,0 0 1,
  0 0 1,0 0 1,
  0 0 1,0 0 1,
  0 0 1,0 0 1,
  0 0 1,0 0 1,
  0 0 1,0 0 1,
  0 0 1,0 0 1,
  0 0 1,0 0 1,
  0 0 1,0 0 1,
  0 0 1,0 0 1,
  0 0 1,0 0 1,
  0 0 1,0 0 1,
  0 0 1,0 0 1,
  0 0 1,0 0 1,
  0 0 1,0 0 1,
  0 0 1,0 0 1,
  0 0 1,0 0 1,
  0 0 1,0 0 1,
  0 0 1,0 0 1,
  0 0 1,0 0 1,
  0 0 1,0 0 1,
  0 0 1,0 0 1,
  0 0 1,0 0 1,
  0 0 1,0 0 1,
  0 0 1,0 0 1,
  0 0 1,0 0 1,
  0 0 1,0 0 1,
  0 0 1,0 0 1,
  0 0 1,0 0 1,
  0 0 1,0 0 1,
  0 0 1,0 0 1,
  0 0 1,0 0 1,
  0 0 1,0 0 1,
  0 0 1,0 0 1,
  0 0 1,0 0 1,
  0 0 1,0 0 1,
  0 0 1,0 0 1,
  0 0 1,0 0 1,
  0 0 1,0 0 1,
  0 0 1,0 0 1,
  0 0 1,0 0 1,
  0 0 1,0 0 1,
  0 0 1,0 0 1,
  0 0 1,0 0 1,
  0 0 1,0 0 1,
  0 0 1,0 0 1,
  0 0 1,0 0 1,
  0 0 1,0 0 1,
  0 0 1,0 0 1,
  0 0 1,0 0 1,
  0 0 1,0 0 1,
  0 0 1,0 0 1,
  0 0 1,0 0 1,
  0 0 1,0 0 1,
  0 0 1,0 0 1,
  0 0 1,0 0 1,
  0 0 1,0 0 1,
  0 0 1,0 0 1,
  0 0 1,0 0 1,
  0 0 1,0 0 1,
  0 0 1,0 0 1,
  0 0 1,0 0 1,
  0 0 1,0 0 1,
  0 0 1,0 0 1,
  0 0 1,0 0 1,
  0 0 1,0 0 1,
  0 0 1,0 0 1,
  0 0 1,0 0 1,
  0 0 1,0 0 1,
  0 0 1,0 0 1,
  0 0 1,0 0 1,
  0 0 1,0 0 1,
  0 0 1,0 0 1,
  0 0 1,0 0 1,
  0 0 1,0 0 1,
  0 0 1,0 0 1,
  0 0 1,0 0 1,
  0 0 1,0 0 1,
  0 0 1,0 0 1,
  0 0 1,0 0 1,
  0 0 1,0 0 1,
  0 0 1,0 0 1,
  0 0 1,0 0 1,
  0 0 1,0 0 1,
  0 0 1,0 0 1,
  0 0 1,0 0 1,
  0 0 1,0 0 1,
  0 0 1,0 0 1,
  0 0 1,0 0 1,
  0 0 1,0 0 1,
  0 0 1,0 0 1,
  0 0 1,0 0 1,
  0 0 1,0 0 1,
  0 0 1,0 0 1,
  0 0 1,0 0 1,
  0 0 1,0 0 1,
  0 0 1,0 0 1,
  0 0 1,0 0 1,
  0 0 1,0 0 1,
  0 0 1,0 0 1,
  0 0 1,0 0 1,
  0 0 1,0 0 1,
  0 0 1,0 0 1,
  0 0 1,0 0 1,
  0 0 1,0 0 1,
  0 0 1,0 0 1,
  0 0 1,0 0 1,
  0 0 1,0 0 1,
  0 0 1,0 0 1,
  0 0 1,0 0 1,
  0 0 1,0 0 1,
  0 0 1,0 0 1,
  0 0 1,0 0 1,
  0 0 1,0 0 1,
  0 0 1,0 0 1,
  0 0 1,0 0 1,
  0 0 1,0 0 1,
  0 0 1,0 0 1,
  0 0 1,0 0 1,
  0 0 1,0 0 1,
  0 0 1,0 0 1,
  0 0 1,0 0 1,
  0 0 1,0 0 1,
  0 0 1,0 0 1,
  0 0 1,0 0 1,
  0 0 1,0 0 1,
  0 0 1,0 0 1,
  0 0 1,0 0 1,
  0 0 1,0 0 1,
  0 0 1,0 0 1,
  0 0 1,0 0 1,
  0 0 1,0 0 1,
  0 0 1,0 0 1,
  0 0 1,0 0 1,
  0 0 1,0 0 1,
  0 0 1,0 0 1,
  0 0 1,0 0 1,
  0 0 1,0 0 1,
  0 0 1,0 0 1,
  0 0 1,0 0 1,
  0 0 1,0 0 1,
  0 0 1,0 0 1,
  0 0 1,0 0 1,
  0 0 1,0 0 1,
  0 0 1,0 0 1,
  0 0 1,0 0 1,
  0 0 1,0 0 1,
  0 0 1,0 0 1,
  0 0 1,0 0 1,
  0 0 1,0 0 1,
  0 0 1,0 0 1,
  0 0 1,0 0 1,
  0 0 1,0 0 1,
  0 0 1,0 0 1,
  0 0 1,0 0 1,
  0 0 1,0 0 1,
  0 0 1,0 0 1,
  0 0 1,0 0 1,
  0 0 1,0 0 1,
  0 0 1,0 0 1,
  0 0 1,0 0 1,
  0 0 1,0 0 1,
  0 0 1,0 0 1,
  0 0 1,0 0 1,
  0 0 1,0 0 1,
  0 0 1,0 0 1,
  0 0 1,0 0 1,
  0 0 1,0 0 1,
  0 0 1,0 0 1,
  0 0 1,0 0 1,
  0 0 1,0 0 1,
  0 0 1,0 0 1,
  0 0 1,0 0 1,
  0 0 1,0 0 1,
  0 0 1,0 0 1,
  0 0 1,0 0 1,
  0 0 1,0 0 1,
  0 0 1,0 0 1,
  0 0 1,0 0 1,
  0 0 1,0 0 1,
  0 0 1,0 0 1,
  0 0 1,0 0 1,
  0 0 1,0 0 1,
  0 0 1,0 0 1,
  0 0 1,0 0 1,
  0 0 1,0 0 1,
  0 0 1,0 0 1,
  0 0 1,0 0 1,
  0 0 1,0 0 1,
  0 0 1,0 0 1,
  0 0 1,0 0 1,
  0 0 1,0 0 1,
  0 0 1,0 0 1,
  0 0 1,0 0 1,
  0 0 1,0 0 1,
  0 0 1,0 0 1,
  0 0 1,0 0 1,
  0 0 1,0 0 1,
  0 0 1,0 0 1,
  0 0 1,0 0 1,
  0 0 1,0 0 1,
  0 0 1,0 0 1,
  0 0 1,0 0 1,
  0 0 1,0 0 1,
  0 0 1,0 0 1,
  0 0 1,0 0 1,
  0 0 1,0 0 1,
  0 0 1,0 0 1,
  0 0 1,0 0 1,
  0 0 1,0 0 1,
  0 0 1,0 0 1,
  0 0 1,0 0 1,
  0 0 1,0 0 1,
  0 0 1,0 0 1,
  0 0 1,0 0 1,
  0 0 1,0 0 1,
  0 0 1,0 0 1,
  0 0 1,0 0 1,
  0 0 1,0 0 1,
  0 0 1,0 0 1,
  0 0 1,0 0 1,
  0 0 1,0 0 1,
  0 0 1,0 0 1,
  0 0 1,0 0 1,
  0 0 1,0 0 1,
  0 0 1,0 0 1,
  0 0 1,0 0 1,
  0 0 1,0 0 1,
  0 0 1,0 0 1,
  0 0 1,0 0 1,
  0 0 1,0 0 1,
  0 0 1,0 0 1,
  0 0 1,0 0 1,
  0 0 1,0 0 1,
  0 0 1,0 0 1,
  0 0 1,0 0 1,
  0 0 1,0 0 1,
  0 0 1,0 0 1,
  0 0 1,0 0 1,
  0 0 1,0 0 1,
  0 0 1,0 0 1,
  0 0 1,0 0 1,
  0 0 1,0 0 1,
  0 0 1,0 0 1,
  0 0 1,0 0 1,
  0 0 1,0 0 1,
  0 0 1,0 0 1,
  0 0 1,0 0 1,
  0 0 1,0 0 1,
  0 0 1,0 0 1,
  0 0 1,0 0 1,
  0 0 1,0 0 1,
  0 0 1,0 0 1,
  0 0 1,0 0 1,
  0 0 1,0 0 1,
  0 0 1,0 0 1,
  0 0 1,0 0 1,
  0 0 1,0 0 1,
  0 0 1,0 0 1,
  0 0 1,0 0 1,
  0 0 1,0 0 1,
  0 0 1,0 0 1,
  0 0 1,0 0 1,
  0 0 1,0 0 1,
  0 0 1,0 0 1,
  0 0 1,0 0 1,
  0 0 1,0 0 1,
  0 0 1,0 0 1,
  0 0 1,0 0 1,
  0 0 1,0 0 1,
  0 0 1,0 0 1,
  0 0 1,0 0 1,
  0 0 1,0 0 1,
  0 0 1,0 0 1,
  0 0 1,0 0 1,
  0 0 1,0 0 1,
  0 0 1,0 0 1,
  0 0 1,0 0 1,
  0 0 1,0 0 1,
  0 0 1,0 0 1,
  0 0 1,0 0 1,
  0 0 1,0 0 1,
  0 0 1,0 0 1,
  0 0 1,0 0 1,
  0 0 1,0 0 1,
  0 0 1,0 0 1,
  0 0 1,0 0 1,
  0 0 1,0 0 1,
  0 0 1,0 0 1,
  0 0 1,0 0 1,
  0 0 1,0 0 1,
  0 0 1,0 0 1,
  0 0 1,0 0 1,
  0 0 1,0 0 1,
  0 0 1,0 0 1,
  0 0 1,0 0 1,
  0 0 1,0 0 1,
  0 0 1,0 0 1,
  0 0 1,0 0 1,
  0 0 1,0 0 1,
  0 0 1,0 0 1,
  0 0 1,0 0 1,
  0 0 1,0 0 1,
  0 0 1,0 0 1,
  0 0 1,0 0 1,
  0 0 1,0 0 1,
  0 0 1,0 0 1,
  0 0 1,0 0 1,
  0 0 1,0 0 1,
  0 0 1,0 0 1,
  0 0 1,0 0 1,
  0 0 1,0 0 1,
  0 0 1,0 0 1,
  0 0 1,0 0 1,
  0 0 1,0 0 1,
  0 0 1,0 0 1,
  0 0 1,0 0 1,
  0 0 1,0 0 1,
  0 0 1,0 0 1,
  0 0 1,0 0 1,
  0 0 1,0 0 1,
  0 0 1,0 0 1,
  0 0 1,0 0 1,
  0 0 1,0 0 1,
  0 0 1,0 0 1,
  0 0 1,0 0 1,
  0 0 1,0 0 1,
  0 0 1,0 0 1,
  0 0 1,0 0 1,
  0 0 1,0 0 1,
  0 0 1,0 0 1,
  0 0 1,0 0 1,
  0 0 1,0 0 1,
  0 0 1,0 0 1,
  0 0 1,0 0 1,
  0 0 1,0 0 1,
  0 0 1,0 0 1,
  0 0 1,0 0 1,
  0 0 1,0 0 1,
  0 0 1,0 0 1,
  0 0 1,0 0 1,
  0 0 1,0 0 1,
  0 0 1,0 0 1,
  0 0 1,0 0 1,
  0 0 1,0 0 1,
  0 0 1,0 0 1,
  0 0 1,0 0 1,
  0 0 1,0 0 1] }
}
}
] }
DEF TXFM_15 Transform {
  center 0 0 0
  rotation 0 0 1 0
  scale 1 1 1
  scaleOrientation 0 0 1 0
  translation 0 0 0
 children [
DEF SHAPE_87 Shape {
 appearance USE APP_7
 geometry DEF FACE_87 IndexedFaceSet {
  coord DEF COORD_87 Coordinate { point [
  60.096457 -48.153543 -0.31496063,60.107096 -48.100058 -0.31496063,
  60.137393 -48.054715 -0.31496063,60.182735 -48.024418 -0.31496063,
  60.23622 -48.01378 -0.31496063,60.289706 -48.024418 -0.31496063,
  60.335048 -48.054715 -0.31496063,60.365345 -48.100058 -0.31496063,
  60.375984 -48.153543 -0.31496063,60.365345 -48.207029 -0.31496063,
  60.335048 -48.252371 -0.31496063,60.289706 -48.282668 -0.31496063,
  60.23622 -48.293307 -0.31496063,60.182735 -48.282668 -0.31496063,
  60.137393 -48.252371 -0.31496063,60.107096 -48.207029 -0.31496063,
  49.072835 -43.46063 -0.31496063,49.035169 -43.468122 -0.31496063,
  49.003237 -43.489458 -0.31496063,48.981902 -43.521389 -0.31496063,
  48.974409 -43.559055 -0.31496063,48.974409 -43.992126 -0.31496063,
  48.981902 -44.029792 -0.31496063,49.003237 -44.061723 -0.31496063,
  49.035169 -44.083059 -0.31496063,49.072835 -44.090551 -0.31496063,
  49.505906 -44.090551 -0.31496063,49.543571 -44.083059 -0.31496063,
  49.575503 -44.061723 -0.31496063,49.596839 -44.029792 -0.31496063,
  49.604331 -43.992126 -0.31496063,49.604331 -43.559055 -0.31496063,
  49.596839 -43.521389 -0.31496063,49.575503 -43.489458 -0.31496063,
  49.543571 -43.468122 -0.31496063,49.505906 -43.46063 -0.31496063,
  49.129921 -43.775591 -0.31496063,49.142059 -43.714572 -0.31496063,
  49.176623 -43.662843 -0.31496063,49.228352 -43.628279 -0.31496063,
  49.28937 -43.616142 -0.31496063,49.350389 -43.628279 -0.31496063,
  49.402117 -43.662843 -0.31496063,49.436682 -43.714572 -0.31496063,
  49.448819 -43.775591 -0.31496063,49.436682 -43.836609 -0.31496063,
  49.402117 -43.888338 -0.31496063,49.350389 -43.922902 -0.31496063,
  49.28937 -43.935039 -0.31496063,49.228352 -43.922902 -0.31496063,
  49.176623 -43.888338 -0.31496063,49.142059 -43.836609 -0.31496063,
  49.089561 -44.532123 -0.31496063,49.045902 -44.575781 -0.31496063,
  49.0116 -44.627119 -0.31496063,48.987972 -44.684162 -0.31496063,
  48.975926 -44.744719 -0.31496063,48.975926 -44.806462 -0.31496063,
  48.987972 -44.867019 -0.31496063,49.0116 -44.924062 -0.31496063,
  49.045902 -44.9754 -0.31496063,49.089561 -45.019058 -0.31496063,
  49.140899 -45.053361 -0.31496063,49.197942 -45.076989 -0.31496063,
  49.258498 -45.089035 -0.31496063,49.320242 -45.089035 -0.31496063,
  49.380798 -45.076989 -0.31496063,49.437841 -45.053361 -0.31496063,
  49.489179 -45.019058 -0.31496063,49.532838 -44.9754 -0.31496063,
  49.567141 -44.924062 -0.31496063,49.590769 -44.867019 -0.31496063,
  49.602814 -44.806462 -0.31496063,49.602814 -44.744719 -0.31496063,
  49.590769 -44.684162 -0.31496063,49.567141 -44.627119 -0.31496063,
  49.532838 -44.575781 -0.31496063,49.489179 -44.532123 -0.31496063,
  49.437841 -44.49782 -0.31496063,49.380798 -44.474192 -0.31496063,
  49.320242 -44.462146 -0.31496063,49.258498 -44.462146 -0.31496063,
  49.197942 -44.474192 -0.31496063,49.140899 -44.49782 -0.31496063,
  49.129921 -44.775591 -0.31496063,49.142059 -44.714572 -0.31496063,
  49.176623 -44.662843 -0.31496063,49.228352 -44.628279 -0.31496063,
  49.28937 -44.616142 -0.31496063,49.350389 -44.628279 -0.31496063,
  49.402117 -44.662843 -0.31496063,49.436682 -44.714572 -0.31496063,
  49.448819 -44.775591 -0.31496063,49.436682 -44.836609 -0.31496063,
  49.402117 -44.888338 -0.31496063,49.350389 -44.922902 -0.31496063,
  49.28937 -44.935039 -0.31496063,49.228352 -44.922902 -0.31496063,
  49.176623 -44.888338 -0.31496063,49.142059 -44.836609 -0.31496063,
  49.089561 -45.532123 -0.31496063,49.045902 -45.575781 -0.31496063,
  49.0116 -45.627119 -0.31496063,48.987972 -45.684162 -0.31496063,
  48.975926 -45.744719 -0.31496063,48.975926 -45.806462 -0.31496063,
  48.987972 -45.867019 -0.31496063,49.0116 -45.924062 -0.31496063,
  49.045902 -45.9754 -0.31496063,49.089561 -46.019058 -0.31496063,
  49.140899 -46.053361 -0.31496063,49.197942 -46.076989 -0.31496063,
  49.258498 -46.089035 -0.31496063,49.320242 -46.089035 -0.31496063,
  49.380798 -46.076989 -0.31496063,49.437841 -46.053361 -0.31496063,
  49.489179 -46.019058 -0.31496063,49.532838 -45.9754 -0.31496063,
  49.567141 -45.924062 -0.31496063,49.590769 -45.867019 -0.31496063,
  49.602814 -45.806462 -0.31496063,49.602814 -45.744719 -0.31496063,
  49.590769 -45.684162 -0.31496063,49.567141 -45.627119 -0.31496063,
  49.532838 -45.575781 -0.31496063,49.489179 -45.532123 -0.31496063,
  49.437841 -45.49782 -0.31496063,49.380798 -45.474192 -0.31496063,
  49.320242 -45.462146 -0.31496063,49.258498 -45.462146 -0.31496063,
  49.197942 -45.474192 -0.31496063,49.140899 -45.49782 -0.31496063,
  49.129921 -45.775591 -0.31496063,49.142059 -45.714572 -0.31496063,
  49.176623 -45.662843 -0.31496063,49.228352 -45.628279 -0.31496063,
  49.28937 -45.616142 -0.31496063,49.350389 -45.628279 -0.31496063,
  49.402117 -45.662843 -0.31496063,49.436682 -45.714572 -0.31496063,
  49.448819 -45.775591 -0.31496063,49.436682 -45.836609 -0.31496063,
  49.402117 -45.888338 -0.31496063,49.350389 -45.922902 -0.31496063,
  49.28937 -45.935039 -0.31496063,49.228352 -45.922902 -0.31496063,
  49.176623 -45.888338 -0.31496063,49.142059 -45.836609 -0.31496063,
  49.089561 -46.532123 -0.31496063,49.045902 -46.575781 -0.31496063,
  49.0116 -46.627119 -0.31496063,48.987972 -46.684162 -0.31496063,
  48.975926 -46.744719 -0.31496063,48.975926 -46.806462 -0.31496063,
  48.987972 -46.867019 -0.31496063,49.0116 -46.924062 -0.31496063,
  49.045902 -46.9754 -0.31496063,49.089561 -47.019058 -0.31496063,
  49.140899 -47.053361 -0.31496063,49.197942 -47.076989 -0.31496063,
  49.258498 -47.089035 -0.31496063,49.320242 -47.089035 -0.31496063,
  49.380798 -47.076989 -0.31496063,49.437841 -47.053361 -0.31496063,
  49.489179 -47.019058 -0.31496063,49.532838 -46.9754 -0.31496063,
  49.567141 -46.924062 -0.31496063,49.590769 -46.867019 -0.31496063,
  49.602814 -46.806462 -0.31496063,49.602814 -46.744719 -0.31496063,
  49.590769 -46.684162 -0.31496063,49.567141 -46.627119 -0.31496063,
  49.532838 -46.575781 -0.31496063,49.489179 -46.532123 -0.31496063,
  49.437841 -46.49782 -0.31496063,49.380798 -46.474192 -0.31496063,
  49.320242 -46.462146 -0.31496063,49.258498 -46.462146 -0.31496063,
  49.197942 -46.474192 -0.31496063,49.140899 -46.49782 -0.31496063,
  49.129921 -46.775591 -0.31496063,49.142059 -46.714572 -0.31496063,
  49.176623 -46.662843 -0.31496063,49.228352 -46.628279 -0.31496063,
  49.28937 -46.616142 -0.31496063,49.350389 -46.628279 -0.31496063,
  49.402117 -46.662843 -0.31496063,49.436682 -46.714572 -0.31496063,
  49.448819 -46.775591 -0.31496063,49.436682 -46.836609 -0.31496063,
  49.402117 -46.888338 -0.31496063,49.350389 -46.922902 -0.31496063,
  49.28937 -46.935039 -0.31496063,49.228352 -46.922902 -0.31496063,
  49.176623 -46.888338 -0.31496063,49.142059 -46.836609 -0.31496063,
  52.089561 -46.532123 -0.31496063,52.045902 -46.575781 -0.31496063,
  52.0116 -46.627119 -0.31496063,51.987972 -46.684162 -0.31496063,
  51.975926 -46.744719 -0.31496063,51.975926 -46.806462 -0.31496063,
  51.987972 -46.867019 -0.31496063,52.0116 -46.924062 -0.31496063,
  52.045902 -46.9754 -0.31496063,52.089561 -47.019058 -0.31496063,
  52.140899 -47.053361 -0.31496063,52.197942 -47.076989 -0.31496063,
  52.258498 -47.089035 -0.31496063,52.320242 -47.089035 -0.31496063,
  52.380798 -47.076989 -0.31496063,52.437841 -47.053361 -0.31496063,
  52.489179 -47.019058 -0.31496063,52.532838 -46.9754 -0.31496063,
  52.567141 -46.924062 -0.31496063,52.590769 -46.867019 -0.31496063,
  52.602814 -46.806462 -0.31496063,52.602814 -46.744719 -0.31496063,
  52.590769 -46.684162 -0.31496063,52.567141 -46.627119 -0.31496063,
  52.532838 -46.575781 -0.31496063,52.489179 -46.532123 -0.31496063,
  52.437841 -46.49782 -0.31496063,52.380798 -46.474192 -0.31496063,
  52.320242 -46.462146 -0.31496063,52.258498 -46.462146 -0.31496063,
  52.197942 -46.474192 -0.31496063,52.140899 -46.49782 -0.31496063,
  52.129921 -46.775591 -0.31496063,52.142059 -46.714572 -0.31496063,
  52.176623 -46.662843 -0.31496063,52.228352 -46.628279 -0.31496063,
  52.28937 -46.616142 -0.31496063,52.350389 -46.628279 -0.31496063,
  52.402117 -46.662843 -0.31496063,52.436682 -46.714572 -0.31496063,
  52.448819 -46.775591 -0.31496063,52.436682 -46.836609 -0.31496063,
  52.402117 -46.888338 -0.31496063,52.350389 -46.922902 -0.31496063,
  52.28937 -46.935039 -0.31496063,52.228352 -46.922902 -0.31496063,
  52.176623 -46.888338 -0.31496063,52.142059 -46.836609 -0.31496063,
  52.089561 -45.532123 -0.31496063,52.045902 -45.575781 -0.31496063,
  52.0116 -45.627119 -0.31496063,51.987972 -45.684162 -0.31496063,
  51.975926 -45.744719 -0.31496063,51.975926 -45.806462 -0.31496063,
  51.987972 -45.867019 -0.31496063,52.0116 -45.924062 -0.31496063,
  52.045902 -45.9754 -0.31496063,52.089561 -46.019058 -0.31496063,
  52.140899 -46.053361 -0.31496063,52.197942 -46.076989 -0.31496063,
  52.258498 -46.089035 -0.31496063,52.320242 -46.089035 -0.31496063,
  52.380798 -46.076989 -0.31496063,52.437841 -46.053361 -0.31496063,
  52.489179 -46.019058 -0.31496063,52.532838 -45.9754 -0.31496063,
  52.567141 -45.924062 -0.31496063,52.590769 -45.867019 -0.31496063,
  52.602814 -45.806462 -0.31496063,52.602814 -45.744719 -0.31496063,
  52.590769 -45.684162 -0.31496063,52.567141 -45.627119 -0.31496063,
  52.532838 -45.575781 -0.31496063,52.489179 -45.532123 -0.31496063,
  52.437841 -45.49782 -0.31496063,52.380798 -45.474192 -0.31496063,
  52.320242 -45.462146 -0.31496063,52.258498 -45.462146 -0.31496063,
  52.197942 -45.474192 -0.31496063,52.140899 -45.49782 -0.31496063,
  52.129921 -45.775591 -0.31496063,52.142059 -45.714572 -0.31496063,
  52.176623 -45.662843 -0.31496063,52.228352 -45.628279 -0.31496063,
  52.28937 -45.616142 -0.31496063,52.350389 -45.628279 -0.31496063,
  52.402117 -45.662843 -0.31496063,52.436682 -45.714572 -0.31496063,
  52.448819 -45.775591 -0.31496063,52.436682 -45.836609 -0.31496063,
  52.402117 -45.888338 -0.31496063,52.350389 -45.922902 -0.31496063,
  52.28937 -45.935039 -0.31496063,52.228352 -45.922902 -0.31496063,
  52.176623 -45.888338 -0.31496063,52.142059 -45.836609 -0.31496063,
  52.089561 -44.532123 -0.31496063,52.045902 -44.575781 -0.31496063,
  52.0116 -44.627119 -0.31496063,51.987972 -44.684162 -0.31496063,
  51.975926 -44.744719 -0.31496063,51.975926 -44.806462 -0.31496063,
  51.987972 -44.867019 -0.31496063,52.0116 -44.924062 -0.31496063,
  52.045902 -44.9754 -0.31496063,52.089561 -45.019058 -0.31496063,
  52.140899 -45.053361 -0.31496063,52.197942 -45.076989 -0.31496063,
  52.258498 -45.089035 -0.31496063,52.320242 -45.089035 -0.31496063,
  52.380798 -45.076989 -0.31496063,52.437841 -45.053361 -0.31496063,
  52.489179 -45.019058 -0.31496063,52.532838 -44.9754 -0.31496063,
  52.567141 -44.924062 -0.31496063,52.590769 -44.867019 -0.31496063,
  52.602814 -44.806462 -0.31496063,52.602814 -44.744719 -0.31496063,
  52.590769 -44.684162 -0.31496063,52.567141 -44.627119 -0.31496063,
  52.532838 -44.575781 -0.31496063,52.489179 -44.532123 -0.31496063,
  52.437841 -44.49782 -0.31496063,52.380798 -44.474192 -0.31496063,
  52.320242 -44.462146 -0.31496063,52.258498 -44.462146 -0.31496063,
  52.197942 -44.474192 -0.31496063,52.140899 -44.49782 -0.31496063,
  52.129921 -44.775591 -0.31496063,52.142059 -44.714572 -0.31496063,
  52.176623 -44.662843 -0.31496063,52.228352 -44.628279 -0.31496063,
  52.28937 -44.616142 -0.31496063,52.350389 -44.628279 -0.31496063,
  52.402117 -44.662843 -0.31496063,52.436682 -44.714572 -0.31496063,
  52.448819 -44.775591 -0.31496063,52.436682 -44.836609 -0.31496063,
  52.402117 -44.888338 -0.31496063,52.350389 -44.922902 -0.31496063,
  52.28937 -44.935039 -0.31496063,52.228352 -44.922902 -0.31496063,
  52.176623 -44.888338 -0.31496063,52.142059 -44.836609 -0.31496063,
  52.089561 -43.532123 -0.31496063,52.045902 -43.575781 -0.31496063,
  52.0116 -43.627119 -0.31496063,51.987972 -43.684162 -0.31496063,
  51.975926 -43.744719 -0.31496063,51.975926 -43.806462 -0.31496063,
  51.987972 -43.867019 -0.31496063,52.0116 -43.924062 -0.31496063,
  52.045902 -43.9754 -0.31496063,52.089561 -44.019058 -0.31496063,
  52.140899 -44.053361 -0.31496063,52.197942 -44.076989 -0.31496063,
  52.258498 -44.089035 -0.31496063,52.320242 -44.089035 -0.31496063,
  52.380798 -44.076989 -0.31496063,52.437841 -44.053361 -0.31496063,
  52.489179 -44.019058 -0.31496063,52.532838 -43.9754 -0.31496063,
  52.567141 -43.924062 -0.31496063,52.590769 -43.867019 -0.31496063,
  52.602814 -43.806462 -0.31496063,52.602814 -43.744719 -0.31496063,
  52.590769 -43.684162 -0.31496063,52.567141 -43.627119 -0.31496063,
  52.532838 -43.575781 -0.31496063,52.489179 -43.532123 -0.31496063,
  52.437841 -43.49782 -0.31496063,52.380798 -43.474192 -0.31496063,
  52.320242 -43.462146 -0.31496063,52.258498 -43.462146 -0.31496063,
  52.197942 -43.474192 -0.31496063,52.140899 -43.49782 -0.31496063,
  52.129921 -43.775591 -0.31496063,52.142059 -43.714572 -0.31496063,
  52.176623 -43.662843 -0.31496063,52.228352 -43.628279 -0.31496063,
  52.28937 -43.616142 -0.31496063,52.350389 -43.628279 -0.31496063,
  52.402117 -43.662843 -0.31496063,52.436682 -43.714572 -0.31496063,
  52.448819 -43.775591 -0.31496063,52.436682 -43.836609 -0.31496063,
  52.402117 -43.888338 -0.31496063,52.350389 -43.922902 -0.31496063,
  52.28937 -43.935039 -0.31496063,52.228352 -43.922902 -0.31496063,
  52.176623 -43.888338 -0.31496063,52.142059 -43.836609 -0.31496063,
  58.362205 -35.192913 -0.31496063,58.324539 -35.200406 -0.31496063,
  58.292607 -35.221741 -0.31496063,58.271272 -35.253673 -0.31496063,
  58.26378 -35.291339 -0.31496063,58.26378 -35.724409 -0.31496063,
  58.271272 -35.762075 -0.31496063,58.292607 -35.794007 -0.31496063,
  58.324539 -35.815343 -0.31496063,58.362205 -35.822835 -0.31496063,
  59.110236 -35.822835 -0.31496063,59.147902 -35.815343 -0.31496063,
  59.179833 -35.794007 -0.31496063,59.201169 -35.762075 -0.31496063,
  59.208661 -35.724409 -0.31496063,59.208661 -35.291339 -0.31496063,
  59.201169 -35.253673 -0.31496063,59.179833 -35.221741 -0.31496063,
  59.147902 -35.200406 -0.31496063,59.110236 -35.192913 -0.31496063,
  58.576772 -35.507874 -0.31496063,58.588909 -35.446856 -0.31496063,
  58.623473 -35.395127 -0.31496063,58.675202 -35.360563 -0.31496063,
  58.73622 -35.348425 -0.31496063,58.797239 -35.360563 -0.31496063,
  58.848968 -35.395127 -0.31496063,58.883532 -35.446856 -0.31496063,
  58.895669 -35.507874 -0.31496063,58.883532 -35.568892 -0.31496063,
  58.848968 -35.620621 -0.31496063,58.797239 -35.655186 -0.31496063,
  58.73622 -35.667323 -0.31496063,58.675202 -35.655186 -0.31496063,
  58.623473 -35.620621 -0.31496063,58.588909 -35.568892 -0.31496063,
  58.576772 -36.507874 -0.31496063,58.588909 -36.446856 -0.31496063,
  58.623473 -36.395127 -0.31496063,58.675202 -36.360563 -0.31496063,
  58.73622 -36.348425 -0.31496063,58.797239 -36.360563 -0.31496063,
  58.848968 -36.395127 -0.31496063,58.883532 -36.446856 -0.31496063,
  58.895669 -36.507874 -0.31496063,58.883532 -36.568892 -0.31496063,
  58.848968 -36.620621 -0.31496063,58.797239 -36.655186 -0.31496063,
  58.73622 -36.667323 -0.31496063,58.675202 -36.655186 -0.31496063,
  58.623473 -36.620621 -0.31496063,58.588909 -36.568892 -0.31496063,
  60.096457 -45.153543 -0.31496063,60.107096 -45.100058 -0.31496063,
  60.137393 -45.054715 -0.31496063,60.182735 -45.024418 -0.31496063,
  60.23622 -45.01378 -0.31496063,60.289706 -45.024418 -0.31496063,
  60.335048 -45.054715 -0.31496063,60.365345 -45.100058 -0.31496063,
  60.375984 -45.153543 -0.31496063,60.365345 -45.207029 -0.31496063,
  60.335048 -45.252371 -0.31496063,60.289706 -45.282668 -0.31496063,
  60.23622 -45.293307 -0.31496063,60.182735 -45.282668 -0.31496063,
  60.137393 -45.252371 -0.31496063,60.107096 -45.207029 -0.31496063,
  58.547869 -37.19443 -0.31496063,58.487312 -37.206476 -0.31496063,
  58.430269 -37.230104 -0.31496063,58.378931 -37.264406 -0.31496063,
  58.335272 -37.308065 -0.31496063,58.30097 -37.359403 -0.31496063,
  58.277342 -37.416446 -0.31496063,58.265296 -37.477002 -0.31496063,
  58.265296 -37.538746 -0.31496063,58.277342 -37.599302 -0.31496063,
  58.30097 -37.656345 -0.31496063,58.335272 -37.707683 -0.31496063,
  58.378931 -37.751342 -0.31496063,58.430269 -37.785644 -0.31496063,
  58.487312 -37.809272 -0.31496063,58.547869 -37.821318 -0.31496063,
  58.57874 -37.822835 -0.31496063,58.893701 -37.822835 -0.31496063,
  58.924572 -37.821318 -0.31496063,58.985129 -37.809272 -0.31496063,
  59.042172 -37.785644 -0.31496063,59.09351 -37.751342 -0.31496063,
  59.137169 -37.707683 -0.31496063,59.171471 -37.656345 -0.31496063,
  59.195099 -37.599302 -0.31496063,59.207145 -37.538746 -0.31496063,
  59.207145 -37.477002 -0.31496063,59.195099 -37.416446 -0.31496063,
  59.171471 -37.359403 -0.31496063,59.137169 -37.308065 -0.31496063,
  59.09351 -37.264406 -0.31496063,59.042172 -37.230104 -0.31496063,
  58.985129 -37.206476 -0.31496063,58.924572 -37.19443 -0.31496063,
  58.893701 -37.192913 -0.31496063,58.57874 -37.192913 -0.31496063,
  58.576772 -37.507874 -0.31496063,58.588909 -37.446856 -0.31496063,
  58.623473 -37.395127 -0.31496063,58.675202 -37.360563 -0.31496063,
  58.73622 -37.348425 -0.31496063,58.797239 -37.360563 -0.31496063,
  58.848968 -37.395127 -0.31496063,58.883532 -37.446856 -0.31496063,
  58.895669 -37.507874 -0.31496063,58.883532 -37.568892 -0.31496063,
  58.848968 -37.620621 -0.31496063,58.797239 -37.655186 -0.31496063,
  58.73622 -37.667323 -0.31496063,58.675202 -37.655186 -0.31496063,
  58.623473 -37.620621 -0.31496063,58.588909 -37.568892 -0.31496063,
  58.547869 -38.19443 -0.31496063,58.487312 -38.206476 -0.31496063,
  58.430269 -38.230104 -0.31496063,58.378931 -38.264406 -0.31496063,
  58.335272 -38.308065 -0.31496063,58.30097 -38.359403 -0.31496063,
  58.277342 -38.416446 -0.31496063,58.265296 -38.477002 -0.31496063,
  58.265296 -38.538746 -0.31496063,58.277342 -38.599302 -0.31496063,
  58.30097 -38.656345 -0.31496063,58.335272 -38.707683 -0.31496063,
  58.378931 -38.751342 -0.31496063,58.430269 -38.785644 -0.31496063,
  58.487312 -38.809272 -0.31496063,58.547869 -38.821318 -0.31496063,
  58.57874 -38.822835 -0.31496063,58.893701 -38.822835 -0.31496063,
  58.924572 -38.821318 -0.31496063,58.985129 -38.809272 -0.31496063,
  59.042172 -38.785644 -0.31496063,59.09351 -38.751342 -0.31496063,
  59.137169 -38.707683 -0.31496063,59.171471 -38.656345 -0.31496063,
  59.195099 -38.599302 -0.31496063,59.207145 -38.538746 -0.31496063,
  59.207145 -38.477002 -0.31496063,59.195099 -38.416446 -0.31496063,
  59.171471 -38.359403 -0.31496063,59.137169 -38.308065 -0.31496063,
  59.09351 -38.264406 -0.31496063,59.042172 -38.230104 -0.31496063,
  58.985129 -38.206476 -0.31496063,58.924572 -38.19443 -0.31496063,
  58.893701 -38.192913 -0.31496063,58.57874 -38.192913 -0.31496063,
  58.576772 -38.507874 -0.31496063,58.588909 -38.446856 -0.31496063,
  58.623473 -38.395127 -0.31496063,58.675202 -38.360563 -0.31496063,
  58.73622 -38.348425 -0.31496063,58.797239 -38.360563 -0.31496063,
  58.848968 -38.395127 -0.31496063,58.883532 -38.446856 -0.31496063,
  58.895669 -38.507874 -0.31496063,58.883532 -38.568892 -0.31496063,
  58.848968 -38.620621 -0.31496063,58.797239 -38.655186 -0.31496063,
  58.73622 -38.667323 -0.31496063,58.675202 -38.655186 -0.31496063,
  58.623473 -38.620621 -0.31496063,58.588909 -38.568892 -0.31496063,
  61.547869 -38.19443 -0.31496063,61.487312 -38.206476 -0.31496063,
  61.430269 -38.230104 -0.31496063,61.378931 -38.264406 -0.31496063,
  61.335272 -38.308065 -0.31496063,61.30097 -38.359403 -0.31496063,
  61.277342 -38.416446 -0.31496063,61.265296 -38.477002 -0.31496063,
  61.265296 -38.538746 -0.31496063,61.277342 -38.599302 -0.31496063,
  61.30097 -38.656345 -0.31496063,61.335272 -38.707683 -0.31496063,
  61.378931 -38.751342 -0.31496063,61.430269 -38.785644 -0.31496063,
  61.487312 -38.809272 -0.31496063,61.547869 -38.821318 -0.31496063,
  61.57874 -38.822835 -0.31496063,61.893701 -38.822835 -0.31496063,
  61.924572 -38.821318 -0.31496063,61.985129 -38.809272 -0.31496063,
  62.042172 -38.785644 -0.31496063,62.09351 -38.751342 -0.31496063,
  62.137169 -38.707683 -0.31496063,62.171471 -38.656345 -0.31496063,
  62.195099 -38.599302 -0.31496063,62.207145 -38.538746 -0.31496063,
  62.207145 -38.477002 -0.31496063,62.195099 -38.416446 -0.31496063,
  62.171471 -38.359403 -0.31496063,62.137169 -38.308065 -0.31496063,
  62.09351 -38.264406 -0.31496063,62.042172 -38.230104 -0.31496063,
  61.985129 -38.206476 -0.31496063,61.924572 -38.19443 -0.31496063,
  61.893701 -38.192913 -0.31496063,61.57874 -38.192913 -0.31496063,
  61.576772 -38.507874 -0.31496063,61.588909 -38.446856 -0.31496063,
  61.623473 -38.395127 -0.31496063,61.675202 -38.360563 -0.31496063,
  61.73622 -38.348425 -0.31496063,61.797239 -38.360563 -0.31496063,
  61.848968 -38.395127 -0.31496063,61.883532 -38.446856 -0.31496063,
  61.895669 -38.507874 -0.31496063,61.883532 -38.568892 -0.31496063,
  61.848968 -38.620621 -0.31496063,61.797239 -38.655186 -0.31496063,
  61.73622 -38.667323 -0.31496063,61.675202 -38.655186 -0.31496063,
  61.623473 -38.620621 -0.31496063,61.588909 -38.568892 -0.31496063,
  61.547869 -37.19443 -0.31496063,61.487312 -37.206476 -0.31496063,
  61.430269 -37.230104 -0.31496063,61.378931 -37.264406 -0.31496063,
  61.335272 -37.308065 -0.31496063,61.30097 -37.359403 -0.31496063,
  61.277342 -37.416446 -0.31496063,61.265296 -37.477002 -0.31496063,
  61.265296 -37.538746 -0.31496063,61.277342 -37.599302 -0.31496063,
  61.30097 -37.656345 -0.31496063,61.335272 -37.707683 -0.31496063,
  61.378931 -37.751342 -0.31496063,61.430269 -37.785644 -0.31496063,
  61.487312 -37.809272 -0.31496063,61.547869 -37.821318 -0.31496063,
  61.57874 -37.822835 -0.31496063,61.893701 -37.822835 -0.31496063,
  61.924572 -37.821318 -0.31496063,61.985129 -37.809272 -0.31496063,
  62.042172 -37.785644 -0.31496063,62.09351 -37.751342 -0.31496063,
  62.137169 -37.707683 -0.31496063,62.171471 -37.656345 -0.31496063,
  62.195099 -37.599302 -0.31496063,62.205454 -37.547244 -0.31496063,
  62.491566 -37.547244 -0.31496063,62.755906 -37.811583 -0.31496063,
  62.755906 -45.57818 -0.31496063,60.400577 -47.933509 -0.31496063,
  60.366133 -47.910494 -0.31496063,60.31622 -47.88982 -0.31496063,
  60.263233 -47.87928 -0.31496063,60.209208 -47.87928 -0.31496063,
  60.156221 -47.88982 -0.31496063,60.106308 -47.910494 -0.31496063,
  60.061388 -47.940509 -0.31496063,60.023186 -47.978711 -0.31496063,
  59.993171 -48.023631 -0.31496063,59.972497 -48.073544 -0.31496063,
  59.961957 -48.126531 -0.31496063,59.961957 -48.180556 -0.31496063,
  59.972497 -48.233543 -0.31496063,59.993171 -48.283456 -0.31496063,
  60.023186 -48.328376 -0.31496063,60.061388 -48.366578 -0.31496063,
  60.106308 -48.396593 -0.31496063,60.156221 -48.417267 -0.31496063,
  60.209208 -48.427807 -0.31496063,60.263233 -48.427807 -0.31496063,
  60.31622 -48.417267 -0.31496063,60.366133 -48.396593 -0.31496063,
  60.411053 -48.366578 -0.31496063,60.449255 -48.328376 -0.31496063,
  60.47927 -48.283456 -0.31496063,60.499944 -48.233543 -0.31496063,
  60.510484 -48.180556 -0.31496063,60.510484 -48.126531 -0.31496063,
  60.499944 -48.073544 -0.31496063,60.47927 -48.023631 -0.31496063,
  60.456255 -47.989187 -0.31496063,62.823115 -45.622327 -0.31496063,
  62.828011 -45.616361 -0.31496063,62.833889 -45.602169 -0.31496063,
  62.834646 -45.594488 -0.31496063,62.834646 -37.795276 -0.31496063,
  62.833889 -37.787595 -0.31496063,62.828011 -37.773403 -0.31496063,
  62.823115 -37.767437 -0.31496063,62.535713 -37.480035 -0.31496063,
  62.529747 -37.475139 -0.31496063,62.515555 -37.46926 -0.31496063,
  62.507874 -37.468504 -0.31496063,62.205454 -37.468504 -0.31496063,
  62.195099 -37.416446 -0.31496063,62.171471 -37.359403 -0.31496063,
  62.137169 -37.308065 -0.31496063,62.09351 -37.264406 -0.31496063,
  62.042172 -37.230104 -0.31496063,61.985129 -37.206476 -0.31496063,
  61.924572 -37.19443 -0.31496063,61.893701 -37.192913 -0.31496063,
  61.57874 -37.192913 -0.31496063,61.576772 -37.507874 -0.31496063,
  61.588909 -37.446856 -0.31496063,61.623473 -37.395127 -0.31496063,
  61.675202 -37.360563 -0.31496063,61.73622 -37.348425 -0.31496063,
  61.797239 -37.360563 -0.31496063,61.848968 -37.395127 -0.31496063,
  61.883532 -37.446856 -0.31496063,61.895669 -37.507874 -0.31496063,
  61.883532 -37.568892 -0.31496063,61.848968 -37.620621 -0.31496063,
  61.797239 -37.655186 -0.31496063,61.73622 -37.667323 -0.31496063,
  61.675202 -37.655186 -0.31496063,61.623473 -37.620621 -0.31496063,
  61.588909 -37.568892 -0.31496063,61.547869 -36.19443 -0.31496063,
  61.487312 -36.206476 -0.31496063,61.430269 -36.230104 -0.31496063,
  61.378931 -36.264406 -0.31496063,61.335272 -36.308065 -0.31496063,
  61.30097 -36.359403 -0.31496063,61.277342 -36.416446 -0.31496063,
  61.265296 -36.477002 -0.31496063,61.265296 -36.538746 -0.31496063,
  61.277342 -36.599302 -0.31496063,61.30097 -36.656345 -0.31496063,
  61.335272 -36.707683 -0.31496063,61.378931 -36.751342 -0.31496063,
  61.430269 -36.785644 -0.31496063,61.487312 -36.809272 -0.31496063,
  61.547869 -36.821318 -0.31496063,61.57874 -36.822835 -0.31496063,
  61.893701 -36.822835 -0.31496063,61.924572 -36.821318 -0.31496063,
  61.985129 -36.809272 -0.31496063,62.042172 -36.785644 -0.31496063,
  62.09351 -36.751342 -0.31496063,62.137169 -36.707683 -0.31496063,
  62.171471 -36.656345 -0.31496063,62.195099 -36.599302 -0.31496063,
  62.207145 -36.538746 -0.31496063,62.207145 -36.477002 -0.31496063,
  62.195099 -36.416446 -0.31496063,62.171471 -36.359403 -0.31496063,
  62.137169 -36.308065 -0.31496063,62.09351 -36.264406 -0.31496063,
  62.042172 -36.230104 -0.31496063,61.985129 -36.206476 -0.31496063,
  61.924572 -36.19443 -0.31496063,61.893701 -36.192913 -0.31496063,
  61.57874 -36.192913 -0.31496063,61.576772 -36.507874 -0.31496063,
  61.588909 -36.446856 -0.31496063,61.623473 -36.395127 -0.31496063,
  61.675202 -36.360563 -0.31496063,61.73622 -36.348425 -0.31496063,
  61.797239 -36.360563 -0.31496063,61.848968 -36.395127 -0.31496063,
  61.883532 -36.446856 -0.31496063,61.895669 -36.507874 -0.31496063,
  61.883532 -36.568892 -0.31496063,61.848968 -36.620621 -0.31496063,
  61.797239 -36.655186 -0.31496063,61.73622 -36.667323 -0.31496063,
  61.675202 -36.655186 -0.31496063,61.623473 -36.620621 -0.31496063,
  61.588909 -36.568892 -0.31496063,61.547869 -35.19443 -0.31496063,
  61.487312 -35.206476 -0.31496063,61.430269 -35.230104 -0.31496063,
  61.378931 -35.264406 -0.31496063,61.335272 -35.308065 -0.31496063,
  61.30097 -35.359403 -0.31496063,61.277342 -35.416446 -0.31496063,
  61.265296 -35.477002 -0.31496063,61.265296 -35.538746 -0.31496063,
  61.277342 -35.599302 -0.31496063,61.30097 -35.656345 -0.31496063,
  61.335272 -35.707683 -0.31496063,61.378931 -35.751342 -0.31496063,
  61.430269 -35.785644 -0.31496063,61.487312 -35.809272 -0.31496063,
  61.547869 -35.821318 -0.31496063,61.57874 -35.822835 -0.31496063,
  61.893701 -35.822835 -0.31496063,61.924572 -35.821318 -0.31496063,
  61.985129 -35.809272 -0.31496063,62.042172 -35.785644 -0.31496063,
  62.09351 -35.751342 -0.31496063,62.137169 -35.707683 -0.31496063,
  62.171471 -35.656345 -0.31496063,62.195099 -35.599302 -0.31496063,
  62.207145 -35.538746 -0.31496063,62.207145 -35.477002 -0.31496063,
  62.195099 -35.416446 -0.31496063,62.171471 -35.359403 -0.31496063,
  62.137169 -35.308065 -0.31496063,62.09351 -35.264406 -0.31496063,
  62.042172 -35.230104 -0.31496063,61.985129 -35.206476 -0.31496063,
  61.924572 -35.19443 -0.31496063,61.893701 -35.192913 -0.31496063,
  61.57874 -35.192913 -0.31496063,61.576772 -35.507874 -0.31496063,
  61.588909 -35.446856 -0.31496063,61.623473 -35.395127 -0.31496063,
  61.675202 -35.360563 -0.31496063,61.73622 -35.348425 -0.31496063,
  61.797239 -35.360563 -0.31496063,61.848968 -35.395127 -0.31496063,
  61.883532 -35.446856 -0.31496063,61.895669 -35.507874 -0.31496063,
  61.883532 -35.568892 -0.31496063,61.848968 -35.620621 -0.31496063,
  61.797239 -35.655186 -0.31496063,61.73622 -35.667323 -0.31496063,
  61.675202 -35.655186 -0.31496063,61.623473 -35.620621 -0.31496063,
  61.588909 -35.568892 -0.31496063,56.470837 -44.6098 -0.31496063,
  56.432635 -44.648002 -0.31496063,56.40262 -44.692922 -0.31496063,
  56.381946 -44.742835 -0.31496063,56.371406 -44.795822 -0.31496063,
  56.371406 -44.849847 -0.31496063,56.381946 -44.902834 -0.31496063,
  56.40262 -44.952747 -0.31496063,56.432635 -44.997667 -0.31496063,
  56.470837 -45.035869 -0.31496063,56.515757 -45.065884 -0.31496063,
  56.56567 -45.086558 -0.31496063,56.618657 -45.097098 -0.31496063,
  56.672682 -45.097098 -0.31496063,56.725669 -45.086558 -0.31496063,
  56.775582 -45.065884 -0.31496063,56.820502 -45.035869 -0.31496063,
  56.858704 -44.997667 -0.31496063,56.888719 -44.952747 -0.31496063,
  56.909393 -44.902834 -0.31496063,56.919933 -44.849847 -0.31496063,
  56.919933 -44.795822 -0.31496063,56.909393 -44.742835 -0.31496063,
  56.888719 -44.692922 -0.31496063,56.858704 -44.648002 -0.31496063,
  56.820502 -44.6098 -0.31496063,56.775582 -44.579785 -0.31496063,
  56.725669 -44.559111 -0.31496063,56.672682 -44.548571 -0.31496063,
  56.618657 -44.548571 -0.31496063,56.56567 -44.559111 -0.31496063,
  56.515757 -44.579785 -0.31496063,56.505906 -44.822835 -0.31496063,
  56.516544 -44.769349 -0.31496063,56.546841 -44.724007 -0.31496063,
  56.592184 -44.69371 -0.31496063,56.645669 -44.683071 -0.31496063,
  56.699155 -44.69371 -0.31496063,56.744497 -44.724007 -0.31496063,
  56.774794 -44.769349 -0.31496063,56.785433 -44.822835 -0.31496063,
  56.774794 -44.87632 -0.31496063,56.744497 -44.921663 -0.31496063,
  56.699155 -44.95196 -0.31496063,56.645669 -44.962598 -0.31496063,
  56.592184 -44.95196 -0.31496063,56.546841 -44.921663 -0.31496063,
  56.516544 -44.87632 -0.31496063,56.470837 -47.6098 -0.31496063,
  56.432635 -47.648002 -0.31496063,56.40262 -47.692922 -0.31496063,
  56.381946 -47.742835 -0.31496063,56.371406 -47.795822 -0.31496063,
  56.371406 -47.849847 -0.31496063,56.381946 -47.902834 -0.31496063,
  56.40262 -47.952747 -0.31496063,56.432635 -47.997667 -0.31496063,
  56.470837 -48.035869 -0.31496063,56.515757 -48.065884 -0.31496063,
  56.56567 -48.086558 -0.31496063,56.618657 -48.097098 -0.31496063,
  56.672682 -48.097098 -0.31496063,56.725669 -48.086558 -0.31496063,
  56.775582 -48.065884 -0.31496063,56.820502 -48.035869 -0.31496063,
  56.858704 -47.997667 -0.31496063,56.888719 -47.952747 -0.31496063,
  56.909393 -47.902834 -0.31496063,56.917475 -47.862205 -0.31496063,
  57.566929 -47.862205 -0.31496063,57.57461 -47.861448 -0.31496063,
  57.588802 -47.85557 -0.31496063,57.594768 -47.850674 -0.31496063,
  60.071864 -45.373578 -0.31496063,60.106308 -45.396593 -0.31496063,
  60.156221 -45.417267 -0.31496063,60.209208 -45.427807 -0.31496063,
  60.263233 -45.427807 -0.31496063,60.31622 -45.417267 -0.31496063,
  60.366133 -45.396593 -0.31496063,60.411053 -45.366578 -0.31496063,
  60.449255 -45.328376 -0.31496063,60.47927 -45.283456 -0.31496063,
  60.499944 -45.233543 -0.31496063,60.510484 -45.180556 -0.31496063,
  60.510484 -45.126531 -0.31496063,60.499944 -45.073544 -0.31496063,
  60.47927 -45.023631 -0.31496063,60.449255 -44.978711 -0.31496063,
  60.411053 -44.940509 -0.31496063,60.366133 -44.910494 -0.31496063,
  60.31622 -44.88982 -0.31496063,60.263233 -44.87928 -0.31496063,
  60.209208 -44.87928 -0.31496063,60.156221 -44.88982 -0.31496063,
  60.106308 -44.910494 -0.31496063,60.071864 -44.933509 -0.31496063,
  57.519685 -42.38133 -0.31496063,57.519685 -36.827331 -0.31496063,
  57.799772 -36.547244 -0.31496063,58.266987 -36.547244 -0.31496063,
  58.277342 -36.599302 -0.31496063,58.30097 -36.656345 -0.31496063,
  58.335272 -36.707683 -0.31496063,58.378931 -36.751342 -0.31496063,
  58.430269 -36.785644 -0.31496063,58.487312 -36.809272 -0.31496063,
  58.547869 -36.821318 -0.31496063,58.57874 -36.822835 -0.31496063,
  58.893701 -36.822835 -0.31496063,58.924572 -36.821318 -0.31496063,
  58.985129 -36.809272 -0.31496063,59.042172 -36.785644 -0.31496063,
  59.09351 -36.751342 -0.31496063,59.137169 -36.707683 -0.31496063,
  59.171471 -36.656345 -0.31496063,59.195099 -36.599302 -0.31496063,
  59.207145 -36.538746 -0.31496063,59.207145 -36.477002 -0.31496063,
  59.195099 -36.416446 -0.31496063,59.171471 -36.359403 -0.31496063,
  59.137169 -36.308065 -0.31496063,59.09351 -36.264406 -0.31496063,
  59.042172 -36.230104 -0.31496063,58.985129 -36.206476 -0.31496063,
  58.924572 -36.19443 -0.31496063,58.893701 -36.192913 -0.31496063,
  58.57874 -36.192913 -0.31496063,58.547869 -36.19443 -0.31496063,
  58.487312 -36.206476 -0.31496063,58.430269 -36.230104 -0.31496063,
  58.378931 -36.264406 -0.31496063,58.335272 -36.308065 -0.31496063,
  58.30097 -36.359403 -0.31496063,58.277342 -36.416446 -0.31496063,
  58.266987 -36.468504 -0.31496063,57.783465 -36.468504 -0.31496063,
  57.775784 -36.46926 -0.31496063,57.765748 -36.473417 -0.31496063,
  57.761591 -36.475139 -0.31496063,57.755626 -36.480035 -0.31496063,
  57.452476 -36.783185 -0.31496063,57.44758 -36.789151 -0.31496063,
  57.441701 -36.803343 -0.31496063,57.440945 -36.811024 -0.31496063,
  57.440945 -42.397638 -0.31496063,57.441701 -42.405319 -0.31496063,
  57.44758 -42.419511 -0.31496063,57.452476 -42.425477 -0.31496063,
  60.016186 -44.989187 -0.31496063,59.993171 -45.023631 -0.31496063,
  59.972497 -45.073544 -0.31496063,59.961957 -45.126531 -0.31496063,
  59.961957 -45.180556 -0.31496063,59.972497 -45.233543 -0.31496063,
  59.993171 -45.283456 -0.31496063,60.016186 -45.3179 -0.31496063,
  57.550621 -47.783465 -0.31496063,56.917475 -47.783465 -0.31496063,
  56.909393 -47.742835 -0.31496063,56.888719 -47.692922 -0.31496063,
  56.858704 -47.648002 -0.31496063,56.820502 -47.6098 -0.31496063,
  56.775582 -47.579785 -0.31496063,56.725669 -47.559111 -0.31496063,
  56.672682 -47.548571 -0.31496063,56.618657 -47.548571 -0.31496063,
  56.56567 -47.559111 -0.31496063,56.515757 -47.579785 -0.31496063,
  56.505906 -47.822835 -0.31496063,56.516544 -47.769349 -0.31496063,
  56.546841 -47.724007 -0.31496063,56.592184 -47.69371 -0.31496063,
  56.645669 -47.683071 -0.31496063,56.699155 -47.69371 -0.31496063,
  56.744497 -47.724007 -0.31496063,56.774794 -47.769349 -0.31496063,
  56.785433 -47.822835 -0.31496063,56.774794 -47.87632 -0.31496063,
  56.744497 -47.921663 -0.31496063,56.699155 -47.95196 -0.31496063,
  56.645669 -47.962598 -0.31496063,56.592184 -47.95196 -0.31496063,
  56.546841 -47.921663 -0.31496063,56.516544 -47.87632 -0.31496063,
  53.838583 -42.024606 -0.31496063,53.800917 -42.032098 -0.31496063,
  53.768985 -42.053434 -0.31496063,53.74765 -42.085366 -0.31496063,
  53.740157 -42.123031 -0.31496063,53.740157 -42.713583 -0.31496063,
  53.74765 -42.751248 -0.31496063,53.768985 -42.78318 -0.31496063,
  53.800917 -42.804516 -0.31496063,53.838583 -42.812008 -0.31496063,
  54.429134 -42.812008 -0.31496063,54.4668 -42.804516 -0.31496063,
  54.498731 -42.78318 -0.31496063,54.520067 -42.751248 -0.31496063,
  54.527559 -42.713583 -0.31496063,54.527559 -42.123031 -0.31496063,
  54.520067 -42.085366 -0.31496063,54.498731 -42.053434 -0.31496063,
  54.4668 -42.032098 -0.31496063,54.429134 -42.024606 -0.31496063,
  53.935039 -42.418307 -0.31496063,53.950174 -42.342222 -0.31496063,
  53.993272 -42.277721 -0.31496063,54.057774 -42.234622 -0.31496063,
  54.133858 -42.219488 -0.31496063,54.209943 -42.234622 -0.31496063,
  54.274444 -42.277721 -0.31496063,54.317543 -42.342222 -0.31496063,
  54.332677 -42.418307 -0.31496063,54.317543 -42.494392 -0.31496063,
  54.274444 -42.558893 -0.31496063,54.209943 -42.601992 -0.31496063,
  54.133858 -42.617126 -0.31496063,54.057774 -42.601992 -0.31496063,
  53.993272 -42.558893 -0.31496063,53.950174 -42.494392 -0.31496063,
  59.789609 -42.113972 -0.31496063,59.735035 -42.168546 -0.31496063,
  59.692157 -42.232718 -0.31496063,59.662622 -42.304022 -0.31496063,
  59.647565 -42.379718 -0.31496063,59.647565 -42.456896 -0.31496063,
  59.662622 -42.532593 -0.31496063,59.692157 -42.603896 -0.31496063,
  59.735035 -42.668068 -0.31496063,59.789609 -42.722642 -0.31496063,
  59.853781 -42.76552 -0.31496063,59.925085 -42.795055 -0.31496063,
  60.000781 -42.810112 -0.31496063,60.077959 -42.810112 -0.31496063,
  60.153656 -42.795055 -0.31496063,60.224959 -42.76552 -0.31496063,
  60.289131 -42.722642 -0.31496063,60.343705 -42.668068 -0.31496063,
  60.386583 -42.603896 -0.31496063,60.416118 -42.532593 -0.31496063,
  60.431175 -42.456896 -0.31496063,60.431175 -42.379718 -0.31496063,
  60.416118 -42.304022 -0.31496063,60.386583 -42.232718 -0.31496063,
  60.343705 -42.168546 -0.31496063,60.289131 -42.113972 -0.31496063,
  60.224959 -42.071094 -0.31496063,60.153656 -42.041559 -0.31496063,
  60.077959 -42.026502 -0.31496063,60.000781 -42.026502 -0.31496063,
  59.925085 -42.041559 -0.31496063,59.853781 -42.071094 -0.31496063,
  59.840551 -42.418307 -0.31496063,59.855685 -42.342222 -0.31496063,
  59.898784 -42.277721 -0.31496063,59.963285 -42.234622 -0.31496063,
  60.03937 -42.219488 -0.31496063,60.115455 -42.234622 -0.31496063,
  60.179956 -42.277721 -0.31496063,60.223055 -42.342222 -0.31496063,
  60.238189 -42.418307 -0.31496063,60.223055 -42.494392 -0.31496063,
  60.179956 -42.558893 -0.31496063,60.115455 -42.601992 -0.31496063,
  60.03937 -42.617126 -0.31496063,59.963285 -42.601992 -0.31496063,
  59.898784 -42.558893 -0.31496063,59.855685 -42.494392 -0.31496063] }
 coordIndex [
  7,6,642,-1,7,642,8,-1,8,642,641,-1,8,641,664,-1,664,641,672,-1,664,672,665,-1,665,672,666,-1,2,1,646,-1,
  2,646,3,-1,3,646,645,-1,3,645,4,-1,4,645,644,-1,4,644,5,-1,5,644,643,-1,5,643,6,-1,6,643,642,-1,
  658,657,648,-1,658,648,0,-1,0,648,647,-1,0,647,1,-1,1,647,646,-1,666,672,671,-1,666,671,667,-1,667,671,670,-1,
  667,670,668,-1,668,670,669,-1,26,44,35,-1,26,35,27,-1,27,35,34,-1,27,34,28,-1,28,34,33,-1,28,33,29,-1,
  29,33,32,-1,29,32,30,-1,30,32,31,-1,16,35,39,-1,39,35,40,-1,40,35,41,-1,41,35,42,-1,42,35,43,-1,
  43,35,44,-1,22,20,19,-1,22,19,23,-1,23,19,18,-1,23,18,24,-1,24,18,17,-1,24,17,25,-1,25,17,16,-1,
  25,16,36,-1,36,16,37,-1,39,38,16,-1,16,38,37,-1,44,26,45,-1,45,26,46,-1,46,26,47,-1,47,26,48,-1,
  48,26,49,-1,49,26,25,-1,49,25,50,-1,50,25,51,-1,51,25,36,-1,67,93,92,-1,67,92,68,-1,68,92,77,-1,
  68,77,69,-1,69,77,76,-1,69,76,70,-1,70,76,75,-1,70,75,71,-1,71,75,74,-1,71,74,72,-1,72,74,73,-1,
  79,78,90,-1,90,78,91,-1,91,78,92,-1,92,78,77,-1,86,85,82,-1,86,82,87,-1,87,82,81,-1,87,81,88,-1,
  88,81,80,-1,88,80,89,-1,89,80,79,-1,89,79,90,-1,62,61,52,-1,62,52,84,-1,84,52,83,-1,84,83,85,-1,
  85,83,82,-1,63,98,97,-1,63,97,64,-1,64,97,96,-1,64,96,65,-1,65,96,95,-1,65,95,66,-1,66,95,94,-1,
  66,94,67,-1,67,94,93,-1,84,99,62,-1,62,99,63,-1,63,99,98,-1,58,56,55,-1,58,55,59,-1,59,55,54,-1,
  59,54,60,-1,60,54,53,-1,60,53,61,-1,61,53,52,-1,115,141,140,-1,115,140,116,-1,116,140,125,-1,116,125,117,-1,
  117,125,124,-1,117,124,118,-1,118,124,123,-1,118,123,119,-1,119,123,122,-1,119,122,120,-1,120,122,121,-1,127,126,138,-1,
  138,126,139,-1,139,126,140,-1,140,126,125,-1,134,133,130,-1,134,130,135,-1,135,130,129,-1,135,129,136,-1,136,129,128,-1,
  136,128,137,-1,137,128,127,-1,137,127,138,-1,110,109,100,-1,110,100,132,-1,132,100,131,-1,132,131,133,-1,133,131,130,-1,
  111,146,145,-1,111,145,112,-1,112,145,144,-1,112,144,113,-1,113,144,143,-1,113,143,114,-1,114,143,142,-1,114,142,115,-1,
  115,142,141,-1,132,147,110,-1,110,147,111,-1,111,147,146,-1,106,104,103,-1,106,103,107,-1,107,103,102,-1,107,102,108,-1,
  108,102,101,-1,108,101,109,-1,109,101,100,-1,163,189,188,-1,163,188,164,-1,164,188,173,-1,164,173,165,-1,165,173,172,-1,
  165,172,166,-1,166,172,171,-1,166,171,167,-1,167,171,170,-1,167,170,168,-1,168,170,169,-1,175,174,186,-1,186,174,187,-1,
  187,174,188,-1,188,174,173,-1,182,181,178,-1,182,178,183,-1,183,178,177,-1,183,177,184,-1,184,177,176,-1,184,176,185,-1,
  185,176,175,-1,185,175,186,-1,158,157,148,-1,158,148,180,-1,180,148,179,-1,180,179,181,-1,181,179,178,-1,159,194,193,-1,
  159,193,160,-1,160,193,192,-1,160,192,161,-1,161,192,191,-1,161,191,162,-1,162,191,190,-1,162,190,163,-1,163,190,189,-1,
  180,195,158,-1,158,195,159,-1,159,195,194,-1,154,152,151,-1,154,151,155,-1,155,151,150,-1,155,150,156,-1,156,150,149,-1,
  156,149,157,-1,157,149,148,-1,211,237,236,-1,211,236,212,-1,212,236,221,-1,212,221,213,-1,213,221,220,-1,213,220,214,-1,
  214,220,219,-1,214,219,215,-1,215,219,218,-1,215,218,216,-1,216,218,217,-1,223,222,234,-1,234,222,235,-1,235,222,236,-1,
  236,222,221,-1,230,229,226,-1,230,226,231,-1,231,226,225,-1,231,225,232,-1,232,225,224,-1,232,224,233,-1,233,224,223,-1,
  233,223,234,-1,206,205,196,-1,206,196,228,-1,228,196,227,-1,228,227,229,-1,229,227,226,-1,207,242,241,-1,207,241,208,-1,
  208,241,240,-1,208,240,209,-1,209,240,239,-1,209,239,210,-1,210,239,238,-1,210,238,211,-1,211,238,237,-1,228,243,206,-1,
  206,243,207,-1,207,243,242,-1,202,200,199,-1,202,199,203,-1,203,199,198,-1,203,198,204,-1,204,198,197,-1,204,197,205,-1,
  205,197,196,-1,259,285,284,-1,259,284,260,-1,260,284,269,-1,260,269,261,-1,261,269,268,-1,261,268,262,-1,262,268,267,-1,
  262,267,263,-1,263,267,266,-1,263,266,264,-1,264,266,265,-1,271,270,282,-1,282,270,283,-1,283,270,284,-1,284,270,269,-1,
  278,277,274,-1,278,274,279,-1,279,274,273,-1,279,273,280,-1,280,273,272,-1,280,272,281,-1,281,272,271,-1,281,271,282,-1,
  254,253,244,-1,254,244,276,-1,276,244,275,-1,276,275,277,-1,277,275,274,-1,255,290,289,-1,255,289,256,-1,256,289,288,-1,
  256,288,257,-1,257,288,287,-1,257,287,258,-1,258,287,286,-1,258,286,259,-1,259,286,285,-1,276,291,254,-1,254,291,255,-1,
  255,291,290,-1,250,248,247,-1,250,247,251,-1,251,247,246,-1,251,246,252,-1,252,246,245,-1,252,245,253,-1,253,245,244,-1,
  307,333,332,-1,307,332,308,-1,308,332,317,-1,308,317,309,-1,309,317,316,-1,309,316,310,-1,310,316,315,-1,310,315,311,-1,
  311,315,314,-1,311,314,312,-1,312,314,313,-1,319,318,330,-1,330,318,331,-1,331,318,332,-1,332,318,317,-1,326,325,322,-1,
  326,322,327,-1,327,322,321,-1,327,321,328,-1,328,321,320,-1,328,320,329,-1,329,320,319,-1,329,319,330,-1,302,301,292,-1,
  302,292,324,-1,324,292,323,-1,324,323,325,-1,325,323,322,-1,303,338,337,-1,303,337,304,-1,304,337,336,-1,304,336,305,-1,
  305,336,335,-1,305,335,306,-1,306,335,334,-1,306,334,307,-1,307,334,333,-1,324,339,302,-1,302,339,303,-1,303,339,338,-1,
  298,296,295,-1,298,295,299,-1,299,295,294,-1,299,294,300,-1,300,294,293,-1,300,293,301,-1,301,293,292,-1,355,381,380,-1,
  355,380,356,-1,356,380,365,-1,356,365,357,-1,357,365,364,-1,357,364,358,-1,358,364,363,-1,358,363,359,-1,359,363,362,-1,
  359,362,360,-1,360,362,361,-1,367,366,378,-1,378,366,379,-1,379,366,380,-1,380,366,365,-1,374,373,370,-1,374,370,375,-1,
  375,370,369,-1,375,369,376,-1,376,369,368,-1,376,368,377,-1,377,368,367,-1,377,367,378,-1,350,349,340,-1,350,340,372,-1,
  372,340,371,-1,372,371,373,-1,373,371,370,-1,351,386,385,-1,351,385,352,-1,352,385,384,-1,352,384,353,-1,353,384,383,-1,
  353,383,354,-1,354,383,382,-1,354,382,355,-1,355,382,381,-1,372,387,350,-1,350,387,351,-1,351,387,386,-1,346,344,343,-1,
  346,343,347,-1,347,343,342,-1,347,342,348,-1,348,342,341,-1,348,341,349,-1,349,341,340,-1,398,416,407,-1,398,407,399,-1,
  399,407,406,-1,399,406,400,-1,400,406,405,-1,400,405,401,-1,401,405,404,-1,401,404,402,-1,402,404,403,-1,388,407,411,-1,
  411,407,412,-1,412,407,413,-1,413,407,414,-1,414,407,415,-1,415,407,416,-1,389,388,397,-1,397,388,423,-1,423,388,408,-1,
  408,388,409,-1,409,388,410,-1,410,388,411,-1,416,398,417,-1,417,398,418,-1,418,398,419,-1,419,398,420,-1,420,398,421,-1,
  421,398,397,-1,423,422,397,-1,397,422,421,-1,389,397,396,-1,389,396,390,-1,390,396,395,-1,390,395,391,-1,391,395,394,-1,
  391,394,392,-1,392,394,393,-1,924,433,432,-1,924,432,925,-1,925,432,940,-1,925,940,926,-1,926,940,939,-1,926,939,927,-1,
  927,939,938,-1,927,938,928,-1,928,938,937,-1,928,937,929,-1,929,937,936,-1,929,936,930,-1,930,936,935,-1,930,935,931,-1,
  931,935,934,-1,931,934,932,-1,932,934,933,-1,942,941,426,-1,426,941,427,-1,427,941,428,-1,428,941,429,-1,429,941,430,-1,
  430,941,431,-1,431,941,432,-1,432,941,940,-1,923,922,943,-1,923,943,424,-1,424,943,942,-1,424,942,425,-1,425,942,426,-1,
  433,924,434,-1,434,924,435,-1,435,924,436,-1,436,924,437,-1,437,924,438,-1,438,924,923,-1,424,439,923,-1,923,439,438,-1,
  915,914,950,-1,915,950,916,-1,916,950,949,-1,916,949,917,-1,917,949,948,-1,917,948,918,-1,918,948,947,-1,918,947,919,-1,
  919,947,946,-1,919,946,920,-1,920,946,945,-1,920,945,921,-1,921,945,944,-1,921,944,922,-1,922,944,943,-1,950,914,951,-1,
  951,914,952,-1,952,914,953,-1,953,914,954,-1,954,914,955,-1,955,914,913,-1,961,959,958,-1,961,958,962,-1,962,958,957,-1,
  962,957,963,-1,963,957,956,-1,963,956,912,-1,912,956,913,-1,894,449,448,-1,894,448,895,-1,895,448,904,-1,895,904,896,-1,
  896,904,903,-1,896,903,897,-1,897,903,902,-1,897,902,898,-1,898,902,901,-1,898,901,899,-1,899,901,900,-1,906,905,446,-1,
  446,905,447,-1,447,905,448,-1,448,905,904,-1,442,441,909,-1,442,909,443,-1,443,909,908,-1,443,908,444,-1,444,908,907,-1,
  444,907,445,-1,445,907,906,-1,445,906,446,-1,889,888,911,-1,889,911,440,-1,440,911,910,-1,440,910,441,-1,441,910,909,-1,
  890,454,453,-1,890,453,891,-1,891,453,452,-1,891,452,892,-1,892,452,451,-1,892,451,893,-1,893,451,450,-1,893,450,894,-1,
  894,450,449,-1,440,455,889,-1,889,455,890,-1,890,455,454,-1,969,967,966,-1,969,966,970,-1,970,966,965,-1,970,965,971,-1,
  971,965,964,-1,971,964,888,-1,888,964,911,-1,963,912,964,-1,964,912,911,-1,473,501,500,-1,473,500,474,-1,474,500,489,-1,
  474,489,475,-1,475,489,488,-1,475,488,476,-1,476,488,487,-1,476,487,477,-1,477,487,486,-1,477,486,478,-1,478,486,485,-1,
  478,485,479,-1,479,485,484,-1,479,484,480,-1,480,484,483,-1,480,483,481,-1,481,483,482,-1,491,490,494,-1,494,490,495,-1,
  495,490,496,-1,496,490,497,-1,497,490,498,-1,498,490,499,-1,499,490,500,-1,500,490,489,-1,472,471,456,-1,472,456,492,-1,
  492,456,491,-1,492,491,493,-1,493,491,494,-1,501,473,502,-1,502,473,503,-1,503,473,504,-1,504,473,505,-1,505,473,506,-1,
  506,473,472,-1,492,507,472,-1,472,507,506,-1,465,463,462,-1,465,462,466,-1,466,462,461,-1,466,461,467,-1,467,461,460,-1,
  467,460,468,-1,468,460,459,-1,468,459,469,-1,469,459,458,-1,469,458,470,-1,470,458,457,-1,470,457,471,-1,471,457,456,-1,
  525,553,552,-1,525,552,526,-1,526,552,541,-1,526,541,527,-1,527,541,540,-1,527,540,528,-1,528,540,539,-1,528,539,529,-1,
  529,539,538,-1,529,538,530,-1,530,538,537,-1,530,537,531,-1,531,537,536,-1,531,536,532,-1,532,536,535,-1,532,535,533,-1,
  533,535,534,-1,543,542,546,-1,546,542,547,-1,547,542,548,-1,548,542,549,-1,549,542,550,-1,550,542,551,-1,551,542,552,-1,
  552,542,541,-1,524,523,508,-1,524,508,544,-1,544,508,543,-1,544,543,545,-1,545,543,546,-1,553,525,554,-1,554,525,555,-1,
  555,525,556,-1,556,525,557,-1,557,525,558,-1,558,525,524,-1,544,559,524,-1,524,559,558,-1,517,515,514,-1,517,514,518,-1,
  518,514,513,-1,518,513,519,-1,519,513,512,-1,519,512,520,-1,520,512,511,-1,520,511,521,-1,521,511,510,-1,521,510,522,-1,
  522,510,509,-1,522,509,523,-1,523,509,508,-1,577,605,604,-1,577,604,578,-1,578,604,593,-1,578,593,579,-1,579,593,592,-1,
  579,592,580,-1,580,592,591,-1,580,591,581,-1,581,591,590,-1,581,590,582,-1,582,590,589,-1,582,589,583,-1,583,589,588,-1,
  583,588,584,-1,584,588,587,-1,584,587,585,-1,585,587,586,-1,595,594,598,-1,598,594,599,-1,599,594,600,-1,600,594,601,-1,
  601,594,602,-1,602,594,603,-1,603,594,604,-1,604,594,593,-1,576,575,560,-1,576,560,596,-1,596,560,595,-1,596,595,597,-1,
  597,595,598,-1,605,577,606,-1,606,577,607,-1,607,577,608,-1,608,577,609,-1,609,577,610,-1,610,577,576,-1,596,611,576,-1,
  576,611,610,-1,569,567,566,-1,569,566,570,-1,570,566,565,-1,570,565,571,-1,571,565,564,-1,571,564,572,-1,572,564,563,-1,
  572,563,573,-1,573,563,562,-1,573,562,574,-1,574,562,561,-1,574,561,575,-1,575,561,560,-1,673,639,680,-1,673,680,674,-1,
  674,680,679,-1,674,679,675,-1,675,679,678,-1,675,678,676,-1,676,678,677,-1,680,639,681,-1,681,639,682,-1,682,639,683,-1,
  683,639,684,-1,684,639,638,-1,629,704,703,-1,629,703,630,-1,630,703,692,-1,630,692,631,-1,631,692,691,-1,631,691,632,-1,
  632,691,690,-1,632,690,633,-1,633,690,689,-1,633,689,634,-1,634,689,688,-1,634,688,635,-1,635,688,687,-1,635,687,636,-1,
  636,687,686,-1,636,686,637,-1,637,686,685,-1,637,685,638,-1,638,685,684,-1,694,693,697,-1,697,693,698,-1,698,693,699,-1,
  699,693,700,-1,700,693,701,-1,701,693,702,-1,702,693,703,-1,703,693,692,-1,628,627,612,-1,628,612,695,-1,695,612,694,-1,
  695,694,696,-1,696,694,697,-1,641,640,672,-1,672,640,673,-1,673,640,639,-1,664,663,8,-1,8,663,9,-1,9,663,10,-1,
  10,663,662,-1,659,14,13,-1,659,13,660,-1,660,13,12,-1,660,12,661,-1,661,12,11,-1,661,11,662,-1,662,11,10,-1,
  0,15,658,-1,658,15,659,-1,659,15,14,-1,654,652,651,-1,654,651,655,-1,655,651,650,-1,655,650,656,-1,656,650,649,-1,
  656,649,657,-1,657,649,648,-1,704,629,705,-1,705,629,706,-1,706,629,707,-1,707,629,708,-1,708,629,709,-1,709,629,628,-1,
  695,710,628,-1,628,710,709,-1,621,619,618,-1,621,618,622,-1,622,618,617,-1,622,617,623,-1,623,617,616,-1,623,616,624,-1,
  624,616,615,-1,624,615,625,-1,625,615,614,-1,625,614,626,-1,626,614,613,-1,626,613,627,-1,627,613,612,-1,728,756,755,-1,
  728,755,729,-1,729,755,744,-1,729,744,730,-1,730,744,743,-1,730,743,731,-1,731,743,742,-1,731,742,732,-1,732,742,741,-1,
  732,741,733,-1,733,741,740,-1,733,740,734,-1,734,740,739,-1,734,739,735,-1,735,739,738,-1,735,738,736,-1,736,738,737,-1,
  746,745,749,-1,749,745,750,-1,750,745,751,-1,751,745,752,-1,752,745,753,-1,753,745,754,-1,754,745,755,-1,755,745,744,-1,
  727,726,711,-1,727,711,747,-1,747,711,746,-1,747,746,748,-1,748,746,749,-1,756,728,757,-1,757,728,758,-1,758,728,759,-1,
  759,728,760,-1,760,728,761,-1,761,728,727,-1,747,762,727,-1,727,762,761,-1,720,718,717,-1,720,717,721,-1,721,717,716,-1,
  721,716,722,-1,722,716,715,-1,722,715,723,-1,723,715,714,-1,723,714,724,-1,724,714,713,-1,724,713,725,-1,725,713,712,-1,
  725,712,726,-1,726,712,711,-1,780,808,807,-1,780,807,781,-1,781,807,796,-1,781,796,782,-1,782,796,795,-1,782,795,783,-1,
  783,795,794,-1,783,794,784,-1,784,794,793,-1,784,793,785,-1,785,793,792,-1,785,792,786,-1,786,792,791,-1,786,791,787,-1,
  787,791,790,-1,787,790,788,-1,788,790,789,-1,798,797,801,-1,801,797,802,-1,802,797,803,-1,803,797,804,-1,804,797,805,-1,
  805,797,806,-1,806,797,807,-1,807,797,796,-1,779,778,763,-1,779,763,799,-1,799,763,798,-1,799,798,800,-1,800,798,801,-1,
  808,780,809,-1,809,780,810,-1,810,780,811,-1,811,780,812,-1,812,780,813,-1,813,780,779,-1,799,814,779,-1,779,814,813,-1,
  772,770,769,-1,772,769,773,-1,773,769,768,-1,773,768,774,-1,774,768,767,-1,774,767,775,-1,775,767,766,-1,775,766,776,-1,
  776,766,765,-1,776,765,777,-1,777,765,764,-1,777,764,778,-1,778,764,763,-1,972,971,884,-1,884,971,885,-1,885,971,886,-1,
  886,971,887,-1,887,971,888,-1,878,993,992,-1,878,992,879,-1,879,992,977,-1,879,977,880,-1,880,977,976,-1,880,976,881,-1,
  881,976,975,-1,881,975,882,-1,882,975,974,-1,882,974,883,-1,883,974,973,-1,883,973,884,-1,884,973,972,-1,979,978,990,-1,
  990,978,991,-1,991,978,992,-1,992,978,977,-1,986,985,982,-1,986,982,987,-1,987,982,981,-1,987,981,988,-1,988,981,980,-1,
  988,980,989,-1,989,980,979,-1,989,979,990,-1,873,872,863,-1,873,863,984,-1,984,863,983,-1,984,983,985,-1,985,983,982,-1,
  830,856,855,-1,830,855,831,-1,831,855,840,-1,831,840,832,-1,832,840,839,-1,832,839,833,-1,833,839,838,-1,833,838,834,-1,
  834,838,837,-1,834,837,835,-1,835,837,836,-1,842,841,853,-1,853,841,854,-1,854,841,855,-1,855,841,840,-1,849,848,845,-1,
  849,845,850,-1,850,845,844,-1,850,844,851,-1,851,844,843,-1,851,843,852,-1,852,843,842,-1,852,842,853,-1,825,824,815,-1,
  825,815,847,-1,847,815,846,-1,847,846,848,-1,848,846,845,-1,826,861,860,-1,826,860,827,-1,827,860,859,-1,827,859,828,-1,
  828,859,858,-1,828,858,829,-1,829,858,857,-1,829,857,830,-1,830,857,856,-1,847,862,825,-1,825,862,826,-1,826,862,861,-1,
  821,819,818,-1,821,818,822,-1,822,818,817,-1,822,817,823,-1,823,817,816,-1,823,816,824,-1,824,816,815,-1,874,998,997,-1,
  874,997,875,-1,875,997,996,-1,875,996,876,-1,876,996,995,-1,876,995,877,-1,877,995,994,-1,877,994,878,-1,878,994,993,-1,
  984,999,873,-1,873,999,874,-1,874,999,998,-1,869,867,866,-1,869,866,870,-1,870,866,865,-1,870,865,871,-1,871,865,864,-1,
  871,864,872,-1,872,864,863,-1,1010,1028,1019,-1,1010,1019,1011,-1,1011,1019,1018,-1,1011,1018,1012,-1,1012,1018,1017,-1,1012,1017,1013,-1,
  1013,1017,1016,-1,1013,1016,1014,-1,1014,1016,1015,-1,1000,1019,1023,-1,1023,1019,1024,-1,1024,1019,1025,-1,1025,1019,1026,-1,1026,1019,1027,-1,
  1027,1019,1028,-1,1001,1000,1009,-1,1009,1000,1035,-1,1035,1000,1020,-1,1020,1000,1021,-1,1021,1000,1022,-1,1022,1000,1023,-1,1028,1010,1029,-1,
  1029,1010,1030,-1,1030,1010,1031,-1,1031,1010,1032,-1,1032,1010,1033,-1,1033,1010,1009,-1,1035,1034,1009,-1,1009,1034,1033,-1,1001,1009,1008,-1,
  1001,1008,1002,-1,1002,1008,1007,-1,1002,1007,1003,-1,1003,1007,1006,-1,1003,1006,1004,-1,1004,1006,1005,-1,1051,1077,1076,-1,1051,1076,1052,-1,
  1052,1076,1061,-1,1052,1061,1053,-1,1053,1061,1060,-1,1053,1060,1054,-1,1054,1060,1059,-1,1054,1059,1055,-1,1055,1059,1058,-1,1055,1058,1056,-1,
  1056,1058,1057,-1,1063,1062,1074,-1,1074,1062,1075,-1,1075,1062,1076,-1,1076,1062,1061,-1,1070,1069,1066,-1,1070,1066,1071,-1,1071,1066,1065,-1,
  1071,1065,1072,-1,1072,1065,1064,-1,1072,1064,1073,-1,1073,1064,1063,-1,1073,1063,1074,-1,1046,1045,1036,-1,1046,1036,1068,-1,1068,1036,1067,-1,
  1068,1067,1069,-1,1069,1067,1066,-1,1047,1082,1081,-1,1047,1081,1048,-1,1048,1081,1080,-1,1048,1080,1049,-1,1049,1080,1079,-1,1049,1079,1050,-1,
  1050,1079,1078,-1,1050,1078,1051,-1,1051,1078,1077,-1,1068,1083,1046,-1,1046,1083,1047,-1,1047,1083,1082,-1,1042,1040,1039,-1,1042,1039,1043,-1,
  1043,1039,1038,-1,1043,1038,1044,-1,1044,1038,1037,-1,1044,1037,1045,-1,1045,1037,1036,-1,1040,1042,1041,-1,867,869,868,-1,819,821,820,-1,
  967,969,968,-1,770,772,771,-1,718,720,719,-1,619,621,620,-1,652,654,653,-1,567,569,568,-1,515,517,516,-1,463,465,464,-1,
  959,961,960,-1,913,956,955,-1,344,346,345,-1,296,298,297,-1,248,250,249,-1,200,202,201,-1,152,154,153,-1,104,106,105,-1,
  56,58,57,-1,20,22,21,-1]
  normalPerVertex TRUE
  normal DEF NORM_87 Normal { vector [
  0 0 -1,0 0 -1,
  0 0 -1,0 0 -1,
  0 0 -1,0 0 -1,
  0 0 -1,0 0 -1,
  0 0 -1,0 0 -1,
  0 0 -1,0 0 -1,
  0 0 -1,0 0 -1,
  0 0 -1,0 0 -1,
  0 0 -1,0 0 -1,
  0 0 -1,0 0 -1,
  0 0 -1,0 0 -1,
  0 0 -1,0 0 -1,
  0 0 -1,0 0 -1,
  0 0 -1,0 0 -1,
  0 0 -1,0 0 -1,
  0 0 -1,0 0 -1,
  0 0 -1,0 0 -1,
  0 0 -1,0 0 -1,
  0 0 -1,0 0 -1,
  0 0 -1,0 0 -1,
  0 0 -1,0 0 -1,
  0 0 -1,0 0 -1,
  0 0 -1,0 0 -1,
  0 0 -1,0 0 -1,
  0 0 -1,0 0 -1,
  0 0 -1,0 0 -1,
  0 0 -1,0 0 -1,
  0 0 -1,0 0 -1,
  0 0 -1,0 0 -1,
  0 0 -1,0 0 -1,
  0 0 -1,0 0 -1,
  0 0 -1,0 0 -1,
  0 0 -1,0 0 -1,
  0 0 -1,0 0 -1,
  0 0 -1,0 0 -1,
  0 0 -1,0 0 -1,
  0 0 -1,0 0 -1,
  0 0 -1,0 0 -1,
  0 0 -1,0 0 -1,
  0 0 -1,0 0 -1,
  0 0 -1,0 0 -1,
  0 0 -1,0 0 -1,
  0 0 -1,0 0 -1,
  0 0 -1,0 0 -1,
  0 0 -1,0 0 -1,
  0 0 -1,0 0 -1,
  0 0 -1,0 0 -1,
  0 0 -1,0 0 -1,
  0 0 -1,0 0 -1,
  0 0 -1,0 0 -1,
  0 0 -1,0 0 -1,
  0 0 -1,0 0 -1,
  0 0 -1,0 0 -1,
  0 0 -1,0 0 -1,
  0 0 -1,0 0 -1,
  0 0 -1,0 0 -1,
  0 0 -1,0 0 -1,
  0 0 -1,0 0 -1,
  0 0 -1,0 0 -1,
  0 0 -1,0 0 -1,
  0 0 -1,0 0 -1,
  0 0 -1,0 0 -1,
  0 0 -1,0 0 -1,
  0 0 -1,0 0 -1,
  0 0 -1,0 0 -1,
  0 0 -1,0 0 -1,
  0 0 -1,0 0 -1,
  0 0 -1,0 0 -1,
  0 0 -1,0 0 -1,
  0 0 -1,0 0 -1,
  0 0 -1,0 0 -1,
  0 0 -1,0 0 -1,
  0 0 -1,0 0 -1,
  0 0 -1,0 0 -1,
  0 0 -1,0 0 -1,
  0 0 -1,0 0 -1,
  0 0 -1,0 0 -1,
  0 0 -1,0 0 -1,
  0 0 -1,0 0 -1,
  0 0 -1,0 0 -1,
  0 0 -1,0 0 -1,
  0 0 -1,0 0 -1,
  0 0 -1,0 0 -1,
  0 0 -1,0 0 -1,
  0 0 -1,0 0 -1,
  0 0 -1,0 0 -1,
  0 0 -1,0 0 -1,
  0 0 -1,0 0 -1,
  0 0 -1,0 0 -1,
  0 0 -1,0 0 -1,
  0 0 -1,0 0 -1,
  0 0 -1,0 0 -1,
  0 0 -1,0 0 -1,
  0 0 -1,0 0 -1,
  0 0 -1,0 0 -1,
  0 0 -1,0 0 -1,
  0 0 -1,0 0 -1,
  0 0 -1,0 0 -1,
  0 0 -1,0 0 -1,
  0 0 -1,0 0 -1,
  0 0 -1,0 0 -1,
  0 0 -1,0 0 -1,
  0 0 -1,0 0 -1,
  0 0 -1,0 0 -1,
  0 0 -1,0 0 -1,
  0 0 -1,0 0 -1,
  0 0 -1,0 0 -1,
  0 0 -1,0 0 -1,
  0 0 -1,0 0 -1,
  0 0 -1,0 0 -1,
  0 0 -1,0 0 -1,
  0 0 -1,0 0 -1,
  0 0 -1,0 0 -1,
  0 0 -1,0 0 -1,
  0 0 -1,0 0 -1,
  0 0 -1,0 0 -1,
  0 0 -1,0 0 -1,
  0 0 -1,0 0 -1,
  0 0 -1,0 0 -1,
  0 0 -1,0 0 -1,
  0 0 -1,0 0 -1,
  0 0 -1,0 0 -1,
  0 0 -1,0 0 -1,
  0 0 -1,0 0 -1,
  0 0 -1,0 0 -1,
  0 0 -1,0 0 -1,
  0 0 -1,0 0 -1,
  0 0 -1,0 0 -1,
  0 0 -1,0 0 -1,
  0 0 -1,0 0 -1,
  0 0 -1,0 0 -1,
  0 0 -1,0 0 -1,
  0 0 -1,0 0 -1,
  0 0 -1,0 0 -1,
  0 0 -1,0 0 -1,
  0 0 -1,0 0 -1,
  0 0 -1,0 0 -1,
  0 0 -1,0 0 -1,
  0 0 -1,0 0 -1,
  0 0 -1,0 0 -1,
  0 0 -1,0 0 -1,
  0 0 -1,0 0 -1,
  0 0 -1,0 0 -1,
  0 0 -1,0 0 -1,
  0 0 -1,0 0 -1,
  0 0 -1,0 0 -1,
  0 0 -1,0 0 -1,
  0 0 -1,0 0 -1,
  0 0 -1,0 0 -1,
  0 0 -1,0 0 -1,
  0 0 -1,0 0 -1,
  0 0 -1,0 0 -1,
  0 0 -1,0 0 -1,
  0 0 -1,0 0 -1,
  0 0 -1,0 0 -1,
  0 0 -1,0 0 -1,
  0 0 -1,0 0 -1,
  0 0 -1,0 0 -1,
  0 0 -1,0 0 -1,
  0 0 -1,0 0 -1,
  0 0 -1,0 0 -1,
  0 0 -1,0 0 -1,
  0 0 -1,0 0 -1,
  0 0 -1,0 0 -1,
  0 0 -1,0 0 -1,
  0 0 -1,0 0 -1,
  0 0 -1,0 0 -1,
  0 0 -1,0 0 -1,
  0 0 -1,0 0 -1,
  0 0 -1,0 0 -1,
  0 0 -1,0 0 -1,
  0 0 -1,0 0 -1,
  0 0 -1,0 0 -1,
  0 0 -1,0 0 -1,
  0 0 -1,0 0 -1,
  0 0 -1,0 0 -1,
  0 0 -1,0 0 -1,
  0 0 -1,0 0 -1,
  0 0 -1,0 0 -1,
  0 0 -1,0 0 -1,
  0 0 -1,0 0 -1,
  0 0 -1,0 0 -1,
  0 0 -1,0 0 -1,
  0 0 -1,0 0 -1,
  0 0 -1,0 0 -1,
  0 0 -1,0 0 -1,
  0 0 -1,0 0 -1,
  0 0 -1,0 0 -1,
  0 0 -1,0 0 -1,
  0 0 -1,0 0 -1,
  0 0 -1,0 0 -1,
  0 0 -1,0 0 -1,
  0 0 -1,0 0 -1,
  0 0 -1,0 0 -1,
  0 0 -1,0 0 -1,
  0 0 -1,0 0 -1,
  0 0 -1,0 0 -1,
  0 0 -1,0 0 -1,
  0 0 -1,0 0 -1,
  0 0 -1,0 0 -1,
  0 0 -1,0 0 -1,
  0 0 -1,0 0 -1,
  0 0 -1,0 0 -1,
  0 0 -1,0 0 -1,
  0 0 -1,0 0 -1,
  0 0 -1,0 0 -1,
  0 0 -1,0 0 -1,
  0 0 -1,0 0 -1,
  0 0 -1,0 0 -1,
  0 0 -1,0 0 -1,
  0 0 -1,0 0 -1,
  0 0 -1,0 0 -1,
  0 0 -1,0 0 -1,
  0 0 -1,0 0 -1,
  0 0 -1,0 0 -1,
  0 0 -1,0 0 -1,
  0 0 -1,0 0 -1,
  0 0 -1,0 0 -1,
  0 0 -1,0 0 -1,
  0 0 -1,0 0 -1,
  0 0 -1,0 0 -1,
  0 0 -1,0 0 -1,
  0 0 -1,0 0 -1,
  0 0 -1,0 0 -1,
  0 0 -1,0 0 -1,
  0 0 -1,0 0 -1,
  0 0 -1,0 0 -1,
  0 0 -1,0 0 -1,
  0 0 -1,0 0 -1,
  0 0 -1,0 0 -1,
  0 0 -1,0 0 -1,
  0 0 -1,0 0 -1,
  0 0 -1,0 0 -1,
  0 0 -1,0 0 -1,
  0 0 -1,0 0 -1,
  0 0 -1,0 0 -1,
  0 0 -1,0 0 -1,
  0 0 -1,0 0 -1,
  0 0 -1,0 0 -1,
  0 0 -1,0 0 -1,
  0 0 -1,0 0 -1,
  0 0 -1,0 0 -1,
  0 0 -1,0 0 -1,
  0 0 -1,0 0 -1,
  0 0 -1,0 0 -1,
  0 0 -1,0 0 -1,
  0 0 -1,0 0 -1,
  0 0 -1,0 0 -1,
  0 0 -1,0 0 -1,
  0 0 -1,0 0 -1,
  0 0 -1,0 0 -1,
  0 0 -1,0 0 -1,
  0 0 -1,0 0 -1,
  0 0 -1,0 0 -1,
  0 0 -1,0 0 -1,
  0 0 -1,0 0 -1,
  0 0 -1,0 0 -1,
  0 0 -1,0 0 -1,
  0 0 -1,0 0 -1,
  0 0 -1,0 0 -1,
  0 0 -1,0 0 -1,
  0 0 -1,0 0 -1,
  0 0 -1,0 0 -1,
  0 0 -1,0 0 -1,
  0 0 -1,0 0 -1,
  0 0 -1,0 0 -1,
  0 0 -1,0 0 -1,
  0 0 -1,0 0 -1,
  0 0 -1,0 0 -1,
  0 0 -1,0 0 -1,
  0 0 -1,0 0 -1,
  0 0 -1,0 0 -1,
  0 0 -1,0 0 -1,
  0 0 -1,0 0 -1,
  0 0 -1,0 0 -1,
  0 0 -1,0 0 -1,
  0 0 -1,0 0 -1,
  0 0 -1,0 0 -1,
  0 0 -1,0 0 -1,
  0 0 -1,0 0 -1,
  0 0 -1,0 0 -1,
  0 0 -1,0 0 -1,
  0 0 -1,0 0 -1,
  0 0 -1,0 0 -1,
  0 0 -1,0 0 -1,
  0 0 -1,0 0 -1,
  0 0 -1,0 0 -1,
  0 0 -1,0 0 -1,
  0 0 -1,0 0 -1,
  0 0 -1,0 0 -1,
  0 0 -1,0 0 -1,
  0 0 -1,0 0 -1,
  0 0 -1,0 0 -1,
  0 0 -1,0 0 -1,
  0 0 -1,0 0 -1,
  0 0 -1,0 0 -1,
  0 0 -1,0 0 -1,
  0 0 -1,0 0 -1,
  0 0 -1,0 0 -1,
  0 0 -1,0 0 -1,
  0 0 -1,0 0 -1,
  0 0 -1,0 0 -1,
  0 0 -1,0 0 -1,
  0 0 -1,0 0 -1,
  0 0 -1,0 0 -1,
  0 0 -1,0 0 -1,
  0 0 -1,0 0 -1,
  0 0 -1,0 0 -1,
  0 0 -1,0 0 -1,
  0 0 -1,0 0 -1,
  0 0 -1,0 0 -1,
  0 0 -1,0 0 -1,
  0 0 -1,0 0 -1,
  0 0 -1,0 0 -1,
  0 0 -1,0 0 -1,
  0 0 -1,0 0 -1,
  0 0 -1,0 0 -1,
  0 0 -1,0 0 -1,
  0 0 -1,0 0 -1,
  0 0 -1,0 0 -1,
  0 0 -1,0 0 -1,
  0 0 -1,0 0 -1,
  0 0 -1,0 0 -1,
  0 0 -1,0 0 -1,
  0 0 -1,0 0 -1,
  0 0 -1,0 0 -1,
  0 0 -1,0 0 -1,
  0 0 -1,0 0 -1,
  0 0 -1,0 0 -1,
  0 0 -1,0 0 -1,
  0 0 -1,0 0 -1,
  0 0 -1,0 0 -1,
  0 0 -1,0 0 -1,
  0 0 -1,0 0 -1,
  0 0 -1,0 0 -1,
  0 0 -1,0 0 -1,
  0 0 -1,0 0 -1,
  0 0 -1,0 0 -1,
  0 0 -1,0 0 -1,
  0 0 -1,0 0 -1,
  0 0 -1,0 0 -1,
  0 0 -1,0 0 -1,
  0 0 -1,0 0 -1,
  0 0 -1,0 0 -1,
  0 0 -1,0 0 -1,
  0 0 -1,0 0 -1,
  0 0 -1,0 0 -1,
  0 0 -1,0 0 -1,
  0 0 -1,0 0 -1,
  0 0 -1,0 0 -1,
  0 0 -1,0 0 -1,
  0 0 -1,0 0 -1,
  0 0 -1,0 0 -1,
  0 0 -1,0 0 -1,
  0 0 -1,0 0 -1,
  0 0 -1,0 0 -1,
  0 0 -1,0 0 -1,
  0 0 -1,0 0 -1,
  0 0 -1,0 0 -1,
  0 0 -1,0 0 -1,
  0 0 -1,0 0 -1,
  0 0 -1,0 0 -1,
  0 0 -1,0 0 -1,
  0 0 -1,0 0 -1,
  0 0 -1,0 0 -1,
  0 0 -1,0 0 -1,
  0 0 -1,0 0 -1,
  0 0 -1,0 0 -1,
  0 0 -1,0 0 -1,
  0 0 -1,0 0 -1,
  0 0 -1,0 0 -1,
  0 0 -1,0 0 -1,
  0 0 -1,0 0 -1,
  0 0 -1,0 0 -1,
  0 0 -1,0 0 -1,
  0 0 -1,0 0 -1,
  0 0 -1,0 0 -1,
  0 0 -1,0 0 -1,
  0 0 -1,0 0 -1,
  0 0 -1,0 0 -1,
  0 0 -1,0 0 -1,
  0 0 -1,0 0 -1,
  0 0 -1,0 0 -1,
  0 0 -1,0 0 -1,
  0 0 -1,0 0 -1,
  0 0 -1,0 0 -1,
  0 0 -1,0 0 -1,
  0 0 -1,0 0 -1,
  0 0 -1,0 0 -1,
  0 0 -1,0 0 -1,
  0 0 -1,0 0 -1,
  0 0 -1,0 0 -1,
  0 0 -1,0 0 -1,
  0 0 -1,0 0 -1,
  0 0 -1,0 0 -1,
  0 0 -1,0 0 -1,
  0 0 -1,0 0 -1,
  0 0 -1,0 0 -1,
  0 0 -1,0 0 -1,
  0 0 -1,0 0 -1,
  0 0 -1,0 0 -1,
  0 0 -1,0 0 -1,
  0 0 -1,0 0 -1,
  0 0 -1,0 0 -1,
  0 0 -1,0 0 -1,
  0 0 -1,0 0 -1,
  0 0 -1,0 0 -1,
  0 0 -1,0 0 -1,
  0 0 -1,0 0 -1,
  0 0 -1,0 0 -1,
  0 0 -1,0 0 -1,
  0 0 -1,0 0 -1,
  0 0 -1,0 0 -1,
  0 0 -1,0 0 -1,
  0 0 -1,0 0 -1,
  0 0 -1,0 0 -1,
  0 0 -1,0 0 -1,
  0 0 -1,0 0 -1,
  0 0 -1,0 0 -1,
  0 0 -1,0 0 -1,
  0 0 -1,0 0 -1,
  0 0 -1,0 0 -1,
  0 0 -1,0 0 -1,
  0 0 -1,0 0 -1,
  0 0 -1,0 0 -1,
  0 0 -1,0 0 -1,
  0 0 -1,0 0 -1,
  0 0 -1,0 0 -1,
  0 0 -1,0 0 -1,
  0 0 -1,0 0 -1,
  0 0 -1,0 0 -1,
  0 0 -1,0 0 -1,
  0 0 -1,0 0 -1,
  0 0 -1,0 0 -1,
  0 0 -1,0 0 -1,
  0 0 -1,0 0 -1,
  0 0 -1,0 0 -1,
  0 0 -1,0 0 -1,
  0 0 -1,0 0 -1,
  0 0 -1,0 0 -1,
  0 0 -1,0 0 -1,
  0 0 -1,0 0 -1,
  0 0 -1,0 0 -1,
  0 0 -1,0 0 -1,
  0 0 -1,0 0 -1,
  0 0 -1,0 0 -1,
  0 0 -1,0 0 -1,
  0 0 -1,0 0 -1,
  0 0 -1,0 0 -1,
  0 0 -1,0 0 -1,
  0 0 -1,0 0 -1,
  0 0 -1,0 0 -1,
  0 0 -1,0 0 -1,
  0 0 -1,0 0 -1,
  0 0 -1,0 0 -1,
  0 0 -1,0 0 -1,
  0 0 -1,0 0 -1,
  0 0 -1,0 0 -1,
  0 0 -1,0 0 -1,
  0 0 -1,0 0 -1,
  0 0 -1,0 0 -1,
  0 0 -1,0 0 -1,
  0 0 -1,0 0 -1,
  0 0 -1,0 0 -1,
  0 0 -1,0 0 -1,
  0 0 -1,0 0 -1,
  0 0 -1,0 0 -1,
  0 0 -1,0 0 -1,
  0 0 -1,0 0 -1,
  0 0 -1,0 0 -1,
  0 0 -1,0 0 -1,
  0 0 -1,0 0 -1,
  0 0 -1,0 0 -1,
  0 0 -1,0 0 -1,
  0 0 -1,0 0 -1,
  0 0 -1,0 0 -1,
  0 0 -1,0 0 -1,
  0 0 -1,0 0 -1,
  0 0 -1,0 0 -1,
  0 0 -1,0 0 -1,
  0 0 -1,0 0 -1,
  0 0 -1,0 0 -1,
  0 0 -1,0 0 -1,
  0 0 -1,0 0 -1,
  0 0 -1,0 0 -1,
  0 0 -1,0 0 -1,
  0 0 -1,0 0 -1,
  0 0 -1,0 0 -1,
  0 0 -1,0 0 -1,
  0 0 -1,0 0 -1,
  0 0 -1,0 0 -1,
  0 0 -1,0 0 -1,
  0 0 -1,0 0 -1,
  0 0 -1,0 0 -1,
  0 0 -1,0 0 -1,
  0 0 -1,0 0 -1,
  0 0 -1,0 0 -1,
  0 0 -1,0 0 -1,
  0 0 -1,0 0 -1,
  0 0 -1,0 0 -1,
  0 0 -1,0 0 -1,
  0 0 -1,0 0 -1,
  0 0 -1,0 0 -1,
  0 0 -1,0 0 -1,
  0 0 -1,0 0 -1,
  0 0 -1,0 0 -1,
  0 0 -1,0 0 -1,
  0 0 -1,0 0 -1,
  0 0 -1,0 0 -1,
  0 0 -1,0 0 -1,
  0 0 -1,0 0 -1,
  0 0 -1,0 0 -1,
  0 0 -1,0 0 -1,
  0 0 -1,0 0 -1,
  0 0 -1,0 0 -1,
  0 0 -1,0 0 -1,
  0 0 -1,0 0 -1,
  0 0 -1,0 0 -1,
  0 0 -1,0 0 -1,
  0 0 -1,0 0 -1,
  0 0 -1,0 0 -1,
  0 0 -1,0 0 -1,
  0 0 -1,0 0 -1,
  0 0 -1,0 0 -1,
  0 0 -1,0 0 -1,
  0 0 -1,0 0 -1,
  0 0 -1,0 0 -1,
  0 0 -1,0 0 -1,
  0 0 -1,0 0 -1,
  0 0 -1,0 0 -1,
  0 0 -1,0 0 -1,
  0 0 -1,0 0 -1,
  0 0 -1,0 0 -1,
  0 0 -1,0 0 -1,
  0 0 -1,0 0 -1,
  0 0 -1,0 0 -1,
  0 0 -1,0 0 -1,
  0 0 -1,0 0 -1,
  0 0 -1,0 0 -1,
  0 0 -1,0 0 -1,
  0 0 -1,0 0 -1,
  0 0 -1,0 0 -1] }
}
}
] }
DEF TXFM_16 Transform {
  center 0 0 0
  rotation 0 0 1 0
  scale 1 1 1
  scaleOrientation 0 0 1 0
  translation 0 0 0
 children [
DEF SHAPE_88 Shape {
 appearance DEF APP_10 Appearance {
  material Material {
   ambientIntensity 1
   diffuseColor 0.078431375 0.2 0.14117648
   emissiveColor 0 0 0
   shininess 0.30000001
   specularColor 0.35490197 0.44 0.39882353
   transparency 0.17
} }
 geometry DEF FACE_88 IndexedFaceSet {
  coord DEF COORD_88 Coordinate { point [
  59.208661 -35.291339 -0.31988189,59.208661 -35.477002 -0.31988189,
  59.208661 -35.724409 -0.31988189,59.201169 -35.762075 -0.31988189,
  59.179833 -35.794007 -0.31988189,59.147902 -35.815343 -0.31988189,
  59.110236 -35.822835 -0.31988189,58.362205 -35.822835 -0.31988189,
  58.324539 -35.815343 -0.31988189,58.292607 -35.794007 -0.31988189,
  58.271272 -35.762075 -0.31988189,58.26378 -35.724409 -0.31988189,
  58.26378 -35.291339 -0.31988189,58.271272 -35.253673 -0.31988189,
  58.292607 -35.221741 -0.31988189,58.324539 -35.200406 -0.31988189,
  58.362205 -35.192913 -0.31988189,59.110236 -35.192913 -0.31988189,
  59.147902 -35.200406 -0.31988189,59.179833 -35.221741 -0.31988189,
  59.201169 -35.253673 -0.31988189,56.919933 -44.795822 -0.31988189,
  56.919933 -44.849847 -0.31988189,56.909393 -44.902834 -0.31988189,
  56.888719 -44.952747 -0.31988189,56.858704 -44.997667 -0.31988189,
  56.820502 -45.035869 -0.31988189,56.775582 -45.065884 -0.31988189,
  56.725669 -45.086558 -0.31988189,56.672682 -45.097098 -0.31988189,
  56.618657 -45.097098 -0.31988189,56.56567 -45.086558 -0.31988189,
  56.515757 -45.065884 -0.31988189,56.470837 -45.035869 -0.31988189,
  56.432635 -44.997667 -0.31988189,56.40262 -44.952747 -0.31988189,
  56.381946 -44.902834 -0.31988189,56.371406 -44.849847 -0.31988189,
  56.371406 -44.795822 -0.31988189,56.381946 -44.742835 -0.31988189,
  56.40262 -44.692922 -0.31988189,56.432635 -44.648002 -0.31988189,
  56.470837 -44.6098 -0.31988189,56.515757 -44.579785 -0.31988189,
  56.56567 -44.559111 -0.31988189,56.618657 -44.548571 -0.31988189,
  56.672682 -44.548571 -0.31988189,56.725669 -44.559111 -0.31988189,
  56.775582 -44.579785 -0.31988189,56.820502 -44.6098 -0.31988189,
  56.858704 -44.648002 -0.31988189,56.888719 -44.692922 -0.31988189,
  56.909393 -44.742835 -0.31988189,59.207145 -38.477002 -0.31988189,
  59.207145 -38.538746 -0.31988189,59.195099 -38.599302 -0.31988189,
  59.171471 -38.656345 -0.31988189,59.137169 -38.707683 -0.31988189,
  59.09351 -38.751342 -0.31988189,59.042172 -38.785644 -0.31988189,
  58.985129 -38.809272 -0.31988189,58.924572 -38.821318 -0.31988189,
  58.893701 -38.822835 -0.31988189,58.57874 -38.822835 -0.31988189,
  58.547869 -38.821318 -0.31988189,58.487312 -38.809272 -0.31988189,
  58.430269 -38.785644 -0.31988189,58.378931 -38.751342 -0.31988189,
  58.335272 -38.707683 -0.31988189,58.30097 -38.656345 -0.31988189,
  58.277342 -38.599302 -0.31988189,58.265296 -38.538746 -0.31988189,
  58.265296 -38.477002 -0.31988189,58.277342 -38.416446 -0.31988189,
  58.30097 -38.359403 -0.31988189,58.335272 -38.308065 -0.31988189,
  58.378931 -38.264406 -0.31988189,58.430269 -38.230104 -0.31988189,
  58.487312 -38.206476 -0.31988189,58.547869 -38.19443 -0.31988189,
  58.57874 -38.192913 -0.31988189,58.893701 -38.192913 -0.31988189,
  58.924572 -38.19443 -0.31988189,58.985129 -38.206476 -0.31988189,
  59.042172 -38.230104 -0.31988189,59.09351 -38.264406 -0.31988189,
  59.137169 -38.308065 -0.31988189,59.171471 -38.359403 -0.31988189,
  59.195099 -38.416446 -0.31988189,59.207145 -36.538746 -0.31988189,
  59.195099 -36.599302 -0.31988189,59.171471 -36.656345 -0.31988189,
  59.137169 -36.707683 -0.31988189,59.09351 -36.751342 -0.31988189,
  59.042172 -36.785644 -0.31988189,58.985129 -36.809272 -0.31988189,
  58.924572 -36.821318 -0.31988189,58.893701 -36.822835 -0.31988189,
  58.57874 -36.822835 -0.31988189,58.547869 -36.821318 -0.31988189,
  58.487312 -36.809272 -0.31988189,58.430269 -36.785644 -0.31988189,
  58.378931 -36.751342 -0.31988189,58.335272 -36.707683 -0.31988189,
  58.30097 -36.656345 -0.31988189,58.277342 -36.599302 -0.31988189,
  58.265296 -36.538746 -0.31988189,58.265296 -36.477002 -0.31988189,
  58.277342 -36.416446 -0.31988189,58.30097 -36.359403 -0.31988189,
  58.335272 -36.308065 -0.31988189,58.378931 -36.264406 -0.31988189,
  58.430269 -36.230104 -0.31988189,58.487312 -36.206476 -0.31988189,
  58.547869 -36.19443 -0.31988189,58.57874 -36.192913 -0.31988189,
  58.893701 -36.192913 -0.31988189,58.924572 -36.19443 -0.31988189,
  58.985129 -36.206476 -0.31988189,59.042172 -36.230104 -0.31988189,
  59.09351 -36.264406 -0.31988189,59.137169 -36.308065 -0.31988189,
  59.171471 -36.359403 -0.31988189,59.195099 -36.416446 -0.31988189,
  59.207145 -36.477002 -0.31988189,59.207145 -37.477002 -0.31988189,
  59.207145 -37.538746 -0.31988189,59.195099 -37.599302 -0.31988189,
  59.171471 -37.656345 -0.31988189,59.137169 -37.707683 -0.31988189,
  59.09351 -37.751342 -0.31988189,59.042172 -37.785644 -0.31988189,
  58.985129 -37.809272 -0.31988189,58.924572 -37.821318 -0.31988189,
  58.893701 -37.822835 -0.31988189,58.57874 -37.822835 -0.31988189,
  58.547869 -37.821318 -0.31988189,58.487312 -37.809272 -0.31988189,
  58.430269 -37.785644 -0.31988189,58.378931 -37.751342 -0.31988189,
  58.335272 -37.707683 -0.31988189,58.30097 -37.656345 -0.31988189,
  58.277342 -37.599302 -0.31988189,58.265296 -37.538746 -0.31988189,
  58.265296 -37.477002 -0.31988189,58.277342 -37.416446 -0.31988189,
  58.30097 -37.359403 -0.31988189,58.335272 -37.308065 -0.31988189,
  58.378931 -37.264406 -0.31988189,58.430269 -37.230104 -0.31988189,
  58.487312 -37.206476 -0.31988189,58.547869 -37.19443 -0.31988189,
  58.57874 -37.192913 -0.31988189,58.893701 -37.192913 -0.31988189,
  58.924572 -37.19443 -0.31988189,58.985129 -37.206476 -0.31988189,
  59.042172 -37.230104 -0.31988189,59.09351 -37.264406 -0.31988189,
  59.137169 -37.308065 -0.31988189,59.171471 -37.359403 -0.31988189,
  59.195099 -37.416446 -0.31988189,60.510484 -45.180556 -0.31988189,
  60.499944 -45.233543 -0.31988189,60.47927 -45.283456 -0.31988189,
  60.449255 -45.328376 -0.31988189,60.411053 -45.366578 -0.31988189,
  60.366133 -45.396593 -0.31988189,60.31622 -45.417267 -0.31988189,
  60.263233 -45.427807 -0.31988189,60.209208 -45.427807 -0.31988189,
  60.156221 -45.417267 -0.31988189,60.106308 -45.396593 -0.31988189,
  60.061388 -45.366578 -0.31988189,60.023186 -45.328376 -0.31988189,
  59.993171 -45.283456 -0.31988189,59.972497 -45.233543 -0.31988189,
  59.961957 -45.180556 -0.31988189,59.961957 -45.126531 -0.31988189,
  59.972497 -45.073544 -0.31988189,59.993171 -45.023631 -0.31988189,
  60.023186 -44.978711 -0.31988189,60.061388 -44.940509 -0.31988189,
  60.106308 -44.910494 -0.31988189,60.156221 -44.88982 -0.31988189,
  60.209208 -44.87928 -0.31988189,60.263233 -44.87928 -0.31988189,
  60.31622 -44.88982 -0.31988189,60.366133 -44.910494 -0.31988189,
  60.411053 -44.940509 -0.31988189,60.449255 -44.978711 -0.31988189,
  60.47927 -45.023631 -0.31988189,60.499944 -45.073544 -0.31988189,
  60.510484 -45.126531 -0.31988189,60.510484 -48.126531 -0.31988189,
  60.510484 -48.180556 -0.31988189,60.499944 -48.233543 -0.31988189,
  60.47927 -48.283456 -0.31988189,60.449255 -48.328376 -0.31988189,
  60.411053 -48.366578 -0.31988189,60.366133 -48.396593 -0.31988189,
  60.31622 -48.417267 -0.31988189,60.263233 -48.427807 -0.31988189,
  60.209208 -48.427807 -0.31988189,60.156221 -48.417267 -0.31988189,
  60.106308 -48.396593 -0.31988189,60.061388 -48.366578 -0.31988189,
  60.023186 -48.328376 -0.31988189,59.993171 -48.283456 -0.31988189,
  59.972497 -48.233543 -0.31988189,59.961957 -48.180556 -0.31988189,
  59.961957 -48.126531 -0.31988189,59.972497 -48.073544 -0.31988189,
  59.993171 -48.023631 -0.31988189,60.023186 -47.978711 -0.31988189,
  60.061388 -47.940509 -0.31988189,60.106308 -47.910494 -0.31988189,
  60.156221 -47.88982 -0.31988189,60.209208 -47.87928 -0.31988189,
  60.263233 -47.87928 -0.31988189,60.31622 -47.88982 -0.31988189,
  60.366133 -47.910494 -0.31988189,60.411053 -47.940509 -0.31988189,
  60.449255 -47.978711 -0.31988189,60.47927 -48.023631 -0.31988189,
  60.499944 -48.073544 -0.31988189,53.740157 -42.713583 -0.31988189,
  53.740157 -42.123031 -0.31988189,53.74765 -42.085366 -0.31988189,
  53.768985 -42.053434 -0.31988189,53.800917 -42.032098 -0.31988189,
  53.838583 -42.024606 -0.31988189,54.429134 -42.024606 -0.31988189,
  54.4668 -42.032098 -0.31988189,54.498731 -42.053434 -0.31988189,
  54.520067 -42.085366 -0.31988189,54.527559 -42.123031 -0.31988189,
  54.527559 -42.379718 -0.31988189,54.527559 -42.713583 -0.31988189,
  54.520067 -42.751248 -0.31988189,54.498731 -42.78318 -0.31988189,
  54.4668 -42.804516 -0.31988189,54.429134 -42.812008 -0.31988189,
  53.838583 -42.812008 -0.31988189,53.800917 -42.804516 -0.31988189,
  53.768985 -42.78318 -0.31988189,53.74765 -42.751248 -0.31988189,
  51.975926 -43.806462 -0.31988189,51.975926 -43.744719 -0.31988189,
  51.987972 -43.684162 -0.31988189,52.0116 -43.627119 -0.31988189,
  52.045902 -43.575781 -0.31988189,52.089561 -43.532123 -0.31988189,
  52.140899 -43.49782 -0.31988189,52.197942 -43.474192 -0.31988189,
  52.258498 -43.462146 -0.31988189,52.320242 -43.462146 -0.31988189,
  52.380798 -43.474192 -0.31988189,52.437841 -43.49782 -0.31988189,
  52.489179 -43.532123 -0.31988189,52.532838 -43.575781 -0.31988189,
  52.567141 -43.627119 -0.31988189,52.590769 -43.684162 -0.31988189,
  52.602814 -43.744719 -0.31988189,52.602814 -43.806462 -0.31988189,
  52.590769 -43.867019 -0.31988189,52.567141 -43.924062 -0.31988189,
  52.532838 -43.9754 -0.31988189,52.489179 -44.019058 -0.31988189,
  52.437841 -44.053361 -0.31988189,52.380798 -44.076989 -0.31988189,
  52.320242 -44.089035 -0.31988189,52.258498 -44.089035 -0.31988189,
  52.197942 -44.076989 -0.31988189,52.140899 -44.053361 -0.31988189,
  52.089561 -44.019058 -0.31988189,52.045902 -43.9754 -0.31988189,
  52.0116 -43.924062 -0.31988189,51.987972 -43.867019 -0.31988189,
  51.975926 -44.744719 -0.31988189,51.987972 -44.684162 -0.31988189,
  52.0116 -44.627119 -0.31988189,52.045902 -44.575781 -0.31988189,
  52.089561 -44.532123 -0.31988189,52.140899 -44.49782 -0.31988189,
  52.197942 -44.474192 -0.31988189,52.258498 -44.462146 -0.31988189,
  52.320242 -44.462146 -0.31988189,52.380798 -44.474192 -0.31988189,
  52.437841 -44.49782 -0.31988189,52.489179 -44.532123 -0.31988189,
  52.532838 -44.575781 -0.31988189,52.567141 -44.627119 -0.31988189,
  52.590769 -44.684162 -0.31988189,52.602814 -44.744719 -0.31988189,
  52.602814 -44.795822 -0.31988189,52.602814 -44.806462 -0.31988189,
  52.590769 -44.867019 -0.31988189,52.567141 -44.924062 -0.31988189,
  52.532838 -44.9754 -0.31988189,52.489179 -45.019058 -0.31988189,
  52.437841 -45.053361 -0.31988189,52.380798 -45.076989 -0.31988189,
  52.320242 -45.089035 -0.31988189,52.258498 -45.089035 -0.31988189,
  52.197942 -45.076989 -0.31988189,52.140899 -45.053361 -0.31988189,
  52.089561 -45.019058 -0.31988189,52.045902 -44.9754 -0.31988189,
  52.0116 -44.924062 -0.31988189,51.987972 -44.867019 -0.31988189,
  51.975926 -44.806462 -0.31988189,51.975926 -45.806462 -0.31988189,
  51.975926 -45.744719 -0.31988189,51.987972 -45.684162 -0.31988189,
  52.0116 -45.627119 -0.31988189,52.045902 -45.575781 -0.31988189,
  52.089561 -45.532123 -0.31988189,52.140899 -45.49782 -0.31988189,
  52.197942 -45.474192 -0.31988189,52.258498 -45.462146 -0.31988189,
  52.320242 -45.462146 -0.31988189,52.380798 -45.474192 -0.31988189,
  52.437841 -45.49782 -0.31988189,52.489179 -45.532123 -0.31988189,
  52.532838 -45.575781 -0.31988189,52.567141 -45.627119 -0.31988189,
  52.590769 -45.684162 -0.31988189,52.602814 -45.744719 -0.31988189,
  52.602814 -45.806462 -0.31988189,52.590769 -45.867019 -0.31988189,
  52.567141 -45.924062 -0.31988189,52.532838 -45.9754 -0.31988189,
  52.489179 -46.019058 -0.31988189,52.437841 -46.053361 -0.31988189,
  52.380798 -46.076989 -0.31988189,52.320242 -46.089035 -0.31988189,
  52.258498 -46.089035 -0.31988189,52.197942 -46.076989 -0.31988189,
  52.140899 -46.053361 -0.31988189,52.089561 -46.019058 -0.31988189,
  52.045902 -45.9754 -0.31988189,52.0116 -45.924062 -0.31988189,
  51.987972 -45.867019 -0.31988189,51.975926 -46.744719 -0.31988189,
  51.987972 -46.684162 -0.31988189,52.0116 -46.627119 -0.31988189,
  52.045902 -46.575781 -0.31988189,52.089561 -46.532123 -0.31988189,
  52.140899 -46.49782 -0.31988189,52.197942 -46.474192 -0.31988189,
  52.258498 -46.462146 -0.31988189,52.320242 -46.462146 -0.31988189,
  52.380798 -46.474192 -0.31988189,52.437841 -46.49782 -0.31988189,
  52.489179 -46.532123 -0.31988189,52.532838 -46.575781 -0.31988189,
  52.567141 -46.627119 -0.31988189,52.590769 -46.684162 -0.31988189,
  52.602814 -46.744719 -0.31988189,52.602814 -46.806462 -0.31988189,
  52.590769 -46.867019 -0.31988189,52.567141 -46.924062 -0.31988189,
  52.532838 -46.9754 -0.31988189,52.489179 -47.019058 -0.31988189,
  52.437841 -47.053361 -0.31988189,52.380798 -47.076989 -0.31988189,
  52.320242 -47.089035 -0.31988189,52.258498 -47.089035 -0.31988189,
  52.197942 -47.076989 -0.31988189,52.140899 -47.053361 -0.31988189,
  52.089561 -47.019058 -0.31988189,52.045902 -46.9754 -0.31988189,
  52.0116 -46.924062 -0.31988189,51.987972 -46.867019 -0.31988189,
  51.975926 -46.806462 -0.31988189,61.265296 -38.477002 -0.31988189,
  61.277342 -38.416446 -0.31988189,61.30097 -38.359403 -0.31988189,
  61.335272 -38.308065 -0.31988189,61.378931 -38.264406 -0.31988189,
  61.430269 -38.230104 -0.31988189,61.487312 -38.206476 -0.31988189,
  61.547869 -38.19443 -0.31988189,61.57874 -38.192913 -0.31988189,
  61.893701 -38.192913 -0.31988189,61.924572 -38.19443 -0.31988189,
  61.985129 -38.206476 -0.31988189,62.042172 -38.230104 -0.31988189,
  62.09351 -38.264406 -0.31988189,62.137169 -38.308065 -0.31988189,
  62.171471 -38.359403 -0.31988189,62.195099 -38.416446 -0.31988189,
  62.207145 -38.477002 -0.31988189,62.207145 -38.538746 -0.31988189,
  62.195099 -38.599302 -0.31988189,62.171471 -38.656345 -0.31988189,
  62.137169 -38.707683 -0.31988189,62.09351 -38.751342 -0.31988189,
  62.042172 -38.785644 -0.31988189,61.985129 -38.809272 -0.31988189,
  61.924572 -38.821318 -0.31988189,61.893701 -38.822835 -0.31988189,
  61.57874 -38.822835 -0.31988189,61.547869 -38.821318 -0.31988189,
  61.487312 -38.809272 -0.31988189,61.430269 -38.785644 -0.31988189,
  61.378931 -38.751342 -0.31988189,61.335272 -38.707683 -0.31988189,
  61.30097 -38.656345 -0.31988189,61.277342 -38.599302 -0.31988189,
  61.265296 -38.538746 -0.31988189,59.925085 -42.795055 -0.31988189,
  59.853781 -42.76552 -0.31988189,59.789609 -42.722642 -0.31988189,
  59.735035 -42.668068 -0.31988189,59.692157 -42.603896 -0.31988189,
  59.662622 -42.532593 -0.31988189,59.647565 -42.456896 -0.31988189,
  59.647565 -42.379718 -0.31988189,59.662622 -42.304022 -0.31988189,
  59.692157 -42.232718 -0.31988189,59.735035 -42.168546 -0.31988189,
  59.789609 -42.113972 -0.31988189,59.853781 -42.071094 -0.31988189,
  59.925085 -42.041559 -0.31988189,60.000781 -42.026502 -0.31988189,
  60.077959 -42.026502 -0.31988189,60.153656 -42.041559 -0.31988189,
  60.224959 -42.071094 -0.31988189,60.289131 -42.113972 -0.31988189,
  60.343705 -42.168546 -0.31988189,60.386583 -42.232718 -0.31988189,
  60.416118 -42.304022 -0.31988189,60.431175 -42.379718 -0.31988189,
  60.431175 -42.456896 -0.31988189,60.416118 -42.532593 -0.31988189,
  60.386583 -42.603896 -0.31988189,60.343705 -42.668068 -0.31988189,
  60.289131 -42.722642 -0.31988189,60.224959 -42.76552 -0.31988189,
  60.153656 -42.795055 -0.31988189,60.077959 -42.810112 -0.31988189,
  60.000781 -42.810112 -0.31988189,56.919933 -47.795822 -0.31988189,
  56.919933 -47.849847 -0.31988189,56.909393 -47.902834 -0.31988189,
  56.888719 -47.952747 -0.31988189,56.858704 -47.997667 -0.31988189,
  56.820502 -48.035869 -0.31988189,56.775582 -48.065884 -0.31988189,
  56.725669 -48.086558 -0.31988189,56.672682 -48.097098 -0.31988189,
  56.618657 -48.097098 -0.31988189,56.56567 -48.086558 -0.31988189,
  56.515757 -48.065884 -0.31988189,56.470837 -48.035869 -0.31988189,
  56.432635 -47.997667 -0.31988189,56.40262 -47.952747 -0.31988189,
  56.381946 -47.902834 -0.31988189,56.371406 -47.849847 -0.31988189,
  56.371406 -47.795822 -0.31988189,56.381946 -47.742835 -0.31988189,
  56.40262 -47.692922 -0.31988189,56.432635 -47.648002 -0.31988189,
  56.470837 -47.6098 -0.31988189,56.515757 -47.579785 -0.31988189,
  56.56567 -47.559111 -0.31988189,56.618657 -47.548571 -0.31988189,
  56.672682 -47.548571 -0.31988189,56.725669 -47.559111 -0.31988189,
  56.775582 -47.579785 -0.31988189,56.820502 -47.6098 -0.31988189,
  56.858704 -47.648002 -0.31988189,56.888719 -47.692922 -0.31988189,
  56.909393 -47.742835 -0.31988189,61.265296 -36.538746 -0.31988189,
  61.265296 -36.477002 -0.31988189,61.277342 -36.416446 -0.31988189,
  61.30097 -36.359403 -0.31988189,61.335272 -36.308065 -0.31988189,
  61.378931 -36.264406 -0.31988189,61.430269 -36.230104 -0.31988189,
  61.487312 -36.206476 -0.31988189,61.547869 -36.19443 -0.31988189,
  61.57874 -36.192913 -0.31988189,61.893701 -36.192913 -0.31988189,
  61.924572 -36.19443 -0.31988189,61.985129 -36.206476 -0.31988189,
  62.042172 -36.230104 -0.31988189,62.09351 -36.264406 -0.31988189,
  62.137169 -36.308065 -0.31988189,62.171471 -36.359403 -0.31988189,
  62.195099 -36.416446 -0.31988189,62.207145 -36.477002 -0.31988189,
  62.207145 -36.538746 -0.31988189,62.195099 -36.599302 -0.31988189,
  62.171471 -36.656345 -0.31988189,62.137169 -36.707683 -0.31988189,
  62.09351 -36.751342 -0.31988189,62.042172 -36.785644 -0.31988189,
  61.985129 -36.809272 -0.31988189,61.924572 -36.821318 -0.31988189,
  61.893701 -36.822835 -0.31988189,61.57874 -36.822835 -0.31988189,
  61.547869 -36.821318 -0.31988189,61.487312 -36.809272 -0.31988189,
  61.430269 -36.785644 -0.31988189,61.378931 -36.751342 -0.31988189,
  61.335272 -36.707683 -0.31988189,61.30097 -36.656345 -0.31988189,
  61.277342 -36.599302 -0.31988189,61.265296 -37.477002 -0.31988189,
  61.277342 -37.416446 -0.31988189,61.30097 -37.359403 -0.31988189,
  61.335272 -37.308065 -0.31988189,61.378931 -37.264406 -0.31988189,
  61.430269 -37.230104 -0.31988189,61.487312 -37.206476 -0.31988189,
  61.547869 -37.19443 -0.31988189,61.57874 -37.192913 -0.31988189,
  61.893701 -37.192913 -0.31988189,61.924572 -37.19443 -0.31988189,
  61.985129 -37.206476 -0.31988189,62.042172 -37.230104 -0.31988189,
  62.09351 -37.264406 -0.31988189,62.137169 -37.308065 -0.31988189,
  62.171471 -37.359403 -0.31988189,62.195099 -37.416446 -0.31988189,
  62.207145 -37.477002 -0.31988189,62.207145 -37.538746 -0.31988189,
  62.195099 -37.599302 -0.31988189,62.171471 -37.656345 -0.31988189,
  62.137169 -37.707683 -0.31988189,62.09351 -37.751342 -0.31988189,
  62.042172 -37.785644 -0.31988189,61.985129 -37.809272 -0.31988189,
  61.924572 -37.821318 -0.31988189,61.893701 -37.822835 -0.31988189,
  61.57874 -37.822835 -0.31988189,61.547869 -37.821318 -0.31988189,
  61.487312 -37.809272 -0.31988189,61.430269 -37.785644 -0.31988189,
  61.378931 -37.751342 -0.31988189,61.335272 -37.707683 -0.31988189,
  61.30097 -37.656345 -0.31988189,61.277342 -37.599302 -0.31988189,
  61.265296 -37.538746 -0.31988189,49.602814 -45.806462 -0.31988189,
  49.590769 -45.867019 -0.31988189,49.567141 -45.924062 -0.31988189,
  49.532838 -45.9754 -0.31988189,49.489179 -46.019058 -0.31988189,
  49.437841 -46.053361 -0.31988189,49.380798 -46.076989 -0.31988189,
  49.320242 -46.089035 -0.31988189,49.258498 -46.089035 -0.31988189,
  49.197942 -46.076989 -0.31988189,49.140899 -46.053361 -0.31988189,
  49.089561 -46.019058 -0.31988189,49.045902 -45.9754 -0.31988189,
  49.0116 -45.924062 -0.31988189,48.987972 -45.867019 -0.31988189,
  48.975926 -45.806462 -0.31988189,48.975926 -45.744719 -0.31988189,
  48.987972 -45.684162 -0.31988189,49.0116 -45.627119 -0.31988189,
  49.045902 -45.575781 -0.31988189,49.089561 -45.532123 -0.31988189,
  49.140899 -45.49782 -0.31988189,49.197942 -45.474192 -0.31988189,
  49.258498 -45.462146 -0.31988189,49.320242 -45.462146 -0.31988189,
  49.380798 -45.474192 -0.31988189,49.437841 -45.49782 -0.31988189,
  49.489179 -45.532123 -0.31988189,49.532838 -45.575781 -0.31988189,
  49.567141 -45.627119 -0.31988189,49.590769 -45.684162 -0.31988189,
  49.602814 -45.744719 -0.31988189,49.602814 -46.744719 -0.31988189,
  49.602814 -46.806462 -0.31988189,49.590769 -46.867019 -0.31988189,
  49.567141 -46.924062 -0.31988189,49.532838 -46.9754 -0.31988189,
  49.489179 -47.019058 -0.31988189,49.437841 -47.053361 -0.31988189,
  49.380798 -47.076989 -0.31988189,49.320242 -47.089035 -0.31988189,
  49.258498 -47.089035 -0.31988189,49.197942 -47.076989 -0.31988189,
  49.140899 -47.053361 -0.31988189,49.089561 -47.019058 -0.31988189,
  49.045902 -46.9754 -0.31988189,49.0116 -46.924062 -0.31988189,
  48.987972 -46.867019 -0.31988189,48.975926 -46.806462 -0.31988189,
  48.975926 -46.744719 -0.31988189,48.987972 -46.684162 -0.31988189,
  49.0116 -46.627119 -0.31988189,49.045902 -46.575781 -0.31988189,
  49.089561 -46.532123 -0.31988189,49.140899 -46.49782 -0.31988189,
  49.197942 -46.474192 -0.31988189,49.258498 -46.462146 -0.31988189,
  49.320242 -46.462146 -0.31988189,49.380798 -46.474192 -0.31988189,
  49.437841 -46.49782 -0.31988189,49.489179 -46.532123 -0.31988189,
  49.532838 -46.575781 -0.31988189,49.567141 -46.627119 -0.31988189,
  49.590769 -46.684162 -0.31988189,45.472441 -31.889764 -0.31988189,
  45.472441 -35.291339 -0.31988189,45.472441 -37.727663 -0.31988189,
  45.472441 -42.123031 -0.31988189,45.472441 -43.559055 -0.31988189,
  45.472441 -44.744719 -0.31988189,45.472441 -45.126531 -0.31988189,
  45.472441 -45.744719 -0.31988189,45.472441 -46.744719 -0.31988189,
  45.472441 -47.795822 -0.31988189,45.472441 -48.126531 -0.31988189,
  45.472441 -51.771654 -0.31988189,65.354331 -51.771654 -0.31988189,
  65.354331 -31.889764 -0.31988189,48.937008 -37.795276 -0.31988189,
  48.938667 -37.786931 -0.31988189,48.938668 -37.727663 -0.31988189,
  48.951922 -37.593088 -0.31988189,48.978304 -37.46046 -0.31988189,
  49.017557 -37.331057 -0.31988189,49.040238 -37.2763 -0.31988189,
  49.041898 -37.267956 -0.31988189,49.046624 -37.260881 -0.31988189,
  49.069306 -37.206125 -0.31988189,49.133051 -37.086866 -0.31988189,
  49.208179 -36.97443 -0.31988189,49.293965 -36.869899 -0.31988189,
  49.335874 -36.82799 -0.31988189,49.340601 -36.820916 -0.31988189,
  49.347676 -36.81619 -0.31988189,49.389584 -36.77428 -0.31988189,
  49.494115 -36.688494 -0.31988189,49.606551 -36.613366 -0.31988189,
  49.72581 -36.549621 -0.31988189,49.780566 -36.526939 -0.31988189,
  49.787641 -36.522213 -0.31988189,49.795985 -36.520553 -0.31988189,
  49.850743 -36.497872 -0.31988189,49.980145 -36.458619 -0.31988189,
  50.112773 -36.432237 -0.31988189,50.247348 -36.418983 -0.31988189,
  50.306617 -36.418984 -0.31988189,50.314961 -36.417323 -0.31988189,
  50.323305 -36.418983 -0.31988189,50.382574 -36.418983 -0.31988189,
  50.517148 -36.432237 -0.31988189,50.649776 -36.458619 -0.31988189,
  50.71038 -36.477002 -0.31988189,50.779179 -36.497872 -0.31988189,
  50.833935 -36.520553 -0.31988189,50.84228 -36.522213 -0.31988189,
  50.849353 -36.526939 -0.31988189,50.904111 -36.549621 -0.31988189,
  51.02337 -36.613366 -0.31988189,51.135806 -36.688494 -0.31988189,
  51.240337 -36.77428 -0.31988189,51.282246 -36.816189 -0.31988189,
  51.28932 -36.820916 -0.31988189,51.294048 -36.827991 -0.31988189,
  51.335956 -36.869899 -0.31988189,51.421743 -36.97443 -0.31988189,
  51.49687 -37.086866 -0.31988189,51.560615 -37.206125 -0.31988189,
  51.583295 -37.260881 -0.31988189,51.588023 -37.267956 -0.31988189,
  51.589682 -37.2763 -0.31988189,51.612364 -37.331057 -0.31988189,
  51.651618 -37.46046 -0.31988189,51.654908 -37.477002 -0.31988189,
  51.677999 -37.593088 -0.31988189,51.691254 -37.727663 -0.31988189,
  51.691255 -37.786932 -0.31988189,51.692913 -37.795276 -0.31988189,
  51.691255 -37.803621 -0.31988189,51.691254 -37.862889 -0.31988189,
  51.677999 -37.997463 -0.31988189,51.651618 -38.130091 -0.31988189,
  51.612364 -38.259494 -0.31988189,51.589682 -38.31425 -0.31988189,
  51.588023 -38.322595 -0.31988189,51.583295 -38.329668 -0.31988189,
  51.560615 -38.384426 -0.31988189,51.511132 -38.477002 -0.31988189,
  51.49687 -38.503685 -0.31988189,51.421743 -38.616121 -0.31988189,
  51.335956 -38.720652 -0.31988189,51.294048 -38.762562 -0.31988189,
  51.28932 -38.769635 -0.31988189,51.282246 -38.774362 -0.31988189,
  51.240337 -38.816271 -0.31988189,51.135806 -38.902057 -0.31988189,
  51.02337 -38.977185 -0.31988189,50.904111 -39.04093 -0.31988189,
  50.849353 -39.063611 -0.31988189,50.84228 -39.068338 -0.31988189,
  50.833935 -39.069997 -0.31988189,50.779179 -39.092679 -0.31988189,
  50.649776 -39.131933 -0.31988189,50.517148 -39.158314 -0.31988189,
  50.382574 -39.171569 -0.31988189,50.323305 -39.171569 -0.31988189,
  50.314961 -39.173228 -0.31988189,50.306617 -39.17157 -0.31988189,
  50.247348 -39.171569 -0.31988189,50.112773 -39.158314 -0.31988189,
  49.980145 -39.131933 -0.31988189,49.850743 -39.092679 -0.31988189,
  49.795985 -39.069997 -0.31988189,49.787641 -39.068338 -0.31988189,
  49.780566 -39.06361 -0.31988189,49.72581 -39.04093 -0.31988189,
  49.606551 -38.977185 -0.31988189,49.494115 -38.902057 -0.31988189,
  49.389584 -38.816271 -0.31988189,49.347676 -38.774363 -0.31988189,
  49.340601 -38.769635 -0.31988189,49.335874 -38.762561 -0.31988189,
  49.293965 -38.720652 -0.31988189,49.208179 -38.616121 -0.31988189,
  49.133051 -38.503685 -0.31988189,49.069306 -38.384426 -0.31988189,
  49.046624 -38.329668 -0.31988189,49.041898 -38.322595 -0.31988189,
  49.040238 -38.31425 -0.31988189,49.017557 -38.259494 -0.31988189,
  48.978304 -38.130091 -0.31988189,48.951922 -37.997463 -0.31988189,
  48.938668 -37.862889 -0.31988189,48.938668 -37.80362 -0.31988189,
  62.207145 -35.477002 -0.31988189,62.207145 -35.538746 -0.31988189,
  62.195099 -35.599302 -0.31988189,62.171471 -35.656345 -0.31988189,
  62.137169 -35.707683 -0.31988189,62.09351 -35.751342 -0.31988189,
  62.042172 -35.785644 -0.31988189,61.985129 -35.809272 -0.31988189,
  61.924572 -35.821318 -0.31988189,61.893701 -35.822835 -0.31988189,
  61.57874 -35.822835 -0.31988189,61.547869 -35.821318 -0.31988189,
  61.487312 -35.809272 -0.31988189,61.430269 -35.785644 -0.31988189,
  61.378931 -35.751342 -0.31988189,61.335272 -35.707683 -0.31988189,
  61.30097 -35.656345 -0.31988189,61.277342 -35.599302 -0.31988189,
  61.265296 -35.538746 -0.31988189,61.265296 -35.477002 -0.31988189,
  61.277342 -35.416446 -0.31988189,61.30097 -35.359403 -0.31988189,
  61.335272 -35.308065 -0.31988189,61.378931 -35.264406 -0.31988189,
  61.430269 -35.230104 -0.31988189,61.487312 -35.206476 -0.31988189,
  61.547869 -35.19443 -0.31988189,61.57874 -35.192913 -0.31988189,
  61.893701 -35.192913 -0.31988189,61.924572 -35.19443 -0.31988189,
  61.985129 -35.206476 -0.31988189,62.042172 -35.230104 -0.31988189,
  62.09351 -35.264406 -0.31988189,62.137169 -35.308065 -0.31988189,
  62.171471 -35.359403 -0.31988189,62.195099 -35.416446 -0.31988189,
  49.604331 -43.992126 -0.31988189,49.596839 -44.029792 -0.31988189,
  49.575503 -44.061723 -0.31988189,49.543571 -44.083059 -0.31988189,
  49.505906 -44.090551 -0.31988189,49.072835 -44.090551 -0.31988189,
  49.035169 -44.083059 -0.31988189,49.003237 -44.061723 -0.31988189,
  48.981902 -44.029792 -0.31988189,48.974409 -43.992126 -0.31988189,
  48.974409 -43.559055 -0.31988189,48.981902 -43.521389 -0.31988189,
  49.003237 -43.489458 -0.31988189,49.035169 -43.468122 -0.31988189,
  49.072835 -43.46063 -0.31988189,49.505906 -43.46063 -0.31988189,
  49.543571 -43.468122 -0.31988189,49.575503 -43.489458 -0.31988189,
  49.596839 -43.521389 -0.31988189,49.604331 -43.559055 -0.31988189,
  49.604331 -43.744719 -0.31988189,49.602814 -44.744719 -0.31988189,
  49.602814 -44.806462 -0.31988189,49.590769 -44.867019 -0.31988189,
  49.567141 -44.924062 -0.31988189,49.532838 -44.9754 -0.31988189,
  49.489179 -45.019058 -0.31988189,49.437841 -45.053361 -0.31988189,
  49.380798 -45.076989 -0.31988189,49.320242 -45.089035 -0.31988189,
  49.258498 -45.089035 -0.31988189,49.197942 -45.076989 -0.31988189,
  49.140899 -45.053361 -0.31988189,49.089561 -45.019058 -0.31988189,
  49.045902 -44.9754 -0.31988189,49.0116 -44.924062 -0.31988189,
  48.987972 -44.867019 -0.31988189,48.975926 -44.806462 -0.31988189,
  48.975926 -44.744719 -0.31988189,48.987972 -44.684162 -0.31988189,
  49.0116 -44.627119 -0.31988189,49.045902 -44.575781 -0.31988189,
  49.089561 -44.532123 -0.31988189,49.140899 -44.49782 -0.31988189,
  49.197942 -44.474192 -0.31988189,49.258498 -44.462146 -0.31988189,
  49.320242 -44.462146 -0.31988189,49.380798 -44.474192 -0.31988189,
  49.437841 -44.49782 -0.31988189,49.489179 -44.532123 -0.31988189,
  49.532838 -44.575781 -0.31988189,49.567141 -44.627119 -0.31988189,
  49.590769 -44.684162 -0.31988189] }
 coordIndex [
  52,51,12,-1,52,12,21,-1,21,12,11,-1,21,11,71,-1,71,11,107,-1,71,107,72,-1,72,107,143,-1,72,143,73,-1,
  73,143,142,-1,73,142,74,-1,74,142,141,-1,74,141,75,-1,75,141,140,-1,75,140,76,-1,76,140,139,-1,76,139,77,-1,
  77,139,138,-1,77,138,78,-1,78,138,137,-1,78,137,79,-1,79,137,136,-1,79,136,80,-1,80,136,135,-1,80,135,81,-1,
  81,135,134,-1,81,134,82,-1,82,134,133,-1,82,133,83,-1,83,133,132,-1,83,132,84,-1,84,132,131,-1,84,131,85,-1,
  85,131,130,-1,85,130,86,-1,86,130,129,-1,86,129,87,-1,87,129,128,-1,87,128,88,-1,88,128,127,-1,88,127,53,-1,
  53,127,126,-1,53,126,209,-1,209,126,125,-1,209,125,89,-1,89,125,90,-1,90,125,160,-1,90,160,91,-1,91,160,159,-1,
  91,159,92,-1,92,159,158,-1,92,158,93,-1,93,158,157,-1,93,157,94,-1,94,157,156,-1,94,156,95,-1,95,156,155,-1,
  95,155,96,-1,96,155,154,-1,96,154,97,-1,97,154,153,-1,97,153,98,-1,98,153,152,-1,98,152,99,-1,99,152,151,-1,
  99,151,100,-1,100,151,150,-1,100,150,101,-1,101,150,149,-1,101,149,102,-1,102,149,148,-1,102,148,103,-1,103,148,147,-1,
  103,147,104,-1,104,147,146,-1,104,146,105,-1,105,146,145,-1,105,145,106,-1,106,145,144,-1,106,144,107,-1,107,144,143,-1,
  1,0,209,-1,1,209,2,-1,2,209,124,-1,2,124,3,-1,3,124,123,-1,3,123,4,-1,4,123,122,-1,4,122,5,-1,
  5,122,121,-1,5,121,6,-1,6,121,120,-1,6,120,119,-1,7,6,112,-1,112,6,113,-1,113,6,114,-1,114,6,115,-1,
  115,6,116,-1,116,6,117,-1,117,6,118,-1,118,6,119,-1,107,11,10,-1,107,10,108,-1,108,10,9,-1,108,9,109,-1,
  109,9,8,-1,109,8,110,-1,110,8,7,-1,110,7,111,-1,111,7,112,-1,209,411,177,-1,209,177,210,-1,210,177,176,-1,
  210,176,211,-1,211,176,175,-1,211,175,212,-1,212,175,174,-1,212,174,213,-1,213,174,173,-1,213,173,214,-1,214,173,172,-1,
  214,172,215,-1,215,172,171,-1,215,171,216,-1,216,171,170,-1,216,170,217,-1,217,170,169,-1,217,169,218,-1,218,169,168,-1,
  218,168,219,-1,219,168,167,-1,219,167,220,-1,220,167,166,-1,220,166,221,-1,221,166,165,-1,221,165,222,-1,222,165,164,-1,
  222,164,223,-1,223,164,163,-1,223,163,224,-1,224,163,162,-1,224,162,193,-1,193,162,161,-1,193,161,623,-1,623,161,192,-1,
  623,192,409,-1,409,192,410,-1,410,192,759,-1,410,759,375,-1,375,759,546,-1,375,546,376,-1,376,546,545,-1,376,545,377,-1,
  377,545,544,-1,377,544,378,-1,378,544,543,-1,378,543,379,-1,379,543,542,-1,379,542,380,-1,380,542,541,-1,380,541,381,-1,
  381,541,540,-1,381,540,382,-1,382,540,539,-1,382,539,383,-1,383,539,538,-1,383,538,384,-1,384,538,537,-1,384,537,385,-1,
  385,537,536,-1,385,536,386,-1,386,536,535,-1,386,535,387,-1,387,535,534,-1,387,534,388,-1,388,534,533,-1,388,533,389,-1,
  389,533,532,-1,389,532,390,-1,390,532,531,-1,390,531,391,-1,391,531,530,-1,391,530,392,-1,392,530,529,-1,392,529,623,-1,
  623,529,528,-1,623,528,494,-1,494,528,495,-1,495,528,527,-1,495,527,496,-1,496,527,526,-1,496,526,497,-1,497,526,525,-1,
  497,525,498,-1,498,525,524,-1,498,524,499,-1,499,524,523,-1,499,523,500,-1,500,523,522,-1,500,522,501,-1,501,522,521,-1,
  501,521,502,-1,502,521,520,-1,502,520,503,-1,503,520,519,-1,503,519,504,-1,504,519,518,-1,504,518,505,-1,505,518,517,-1,
  505,517,506,-1,506,517,516,-1,506,516,507,-1,507,516,515,-1,507,515,508,-1,508,515,514,-1,508,514,509,-1,509,514,513,-1,
  509,513,510,-1,510,513,512,-1,510,512,475,-1,475,512,511,-1,475,511,759,-1,759,511,546,-1,775,774,624,-1,775,624,740,-1,
  740,624,623,-1,740,623,741,-1,741,623,493,-1,741,493,742,-1,742,493,492,-1,742,492,743,-1,743,492,491,-1,743,491,744,-1,
  744,491,490,-1,744,490,745,-1,745,490,489,-1,745,489,746,-1,746,489,488,-1,746,488,747,-1,747,488,487,-1,747,487,748,-1,
  748,487,486,-1,748,486,749,-1,749,486,485,-1,749,485,750,-1,750,485,484,-1,750,484,751,-1,751,484,483,-1,751,483,752,-1,
  752,483,482,-1,752,482,753,-1,753,482,481,-1,753,481,754,-1,754,481,480,-1,754,480,755,-1,755,480,479,-1,755,479,756,-1,
  756,479,478,-1,756,478,757,-1,757,478,477,-1,757,477,758,-1,758,477,476,-1,758,476,759,-1,759,476,475,-1,611,624,649,-1,
  649,624,650,-1,650,624,651,-1,651,624,652,-1,652,624,653,-1,653,624,654,-1,654,624,655,-1,655,624,656,-1,656,624,657,-1,
  657,624,658,-1,658,624,659,-1,659,624,660,-1,660,624,661,-1,661,624,662,-1,662,624,663,-1,663,624,664,-1,664,624,665,-1,
  665,624,666,-1,666,624,667,-1,667,624,668,-1,668,624,669,-1,669,624,670,-1,670,624,671,-1,671,624,672,-1,672,624,673,-1,
  673,624,674,-1,674,624,675,-1,675,624,676,-1,676,624,677,-1,677,624,678,-1,678,624,679,-1,679,624,680,-1,680,624,681,-1,
  681,624,682,-1,682,624,683,-1,683,624,15,-1,15,624,16,-1,16,624,17,-1,17,624,18,-1,18,624,19,-1,19,624,20,-1,
  20,624,0,-1,0,624,763,-1,763,624,764,-1,764,624,765,-1,765,624,766,-1,766,624,767,-1,767,624,768,-1,768,624,769,-1,
  769,624,770,-1,770,624,771,-1,771,624,772,-1,772,624,773,-1,773,624,774,-1,760,759,424,-1,424,759,425,-1,425,759,426,-1,
  426,759,427,-1,427,759,428,-1,428,759,429,-1,429,759,430,-1,430,759,431,-1,431,759,432,-1,432,759,433,-1,433,759,189,-1,
  189,759,190,-1,190,759,191,-1,191,759,192,-1,761,760,0,-1,0,760,419,-1,419,760,420,-1,420,760,421,-1,421,760,422,-1,
  422,760,423,-1,423,760,424,-1,416,415,209,-1,416,209,417,-1,417,209,0,-1,417,0,418,-1,418,0,419,-1,763,762,0,-1,
  0,762,761,-1,13,12,39,-1,39,12,40,-1,40,12,41,-1,41,12,42,-1,42,12,43,-1,43,12,44,-1,44,12,45,-1,
  45,12,46,-1,46,12,47,-1,47,12,48,-1,48,12,49,-1,49,12,50,-1,50,12,51,-1,458,236,235,-1,458,235,459,-1,
  459,235,38,-1,459,38,460,-1,460,38,37,-1,460,37,461,-1,461,37,36,-1,461,36,462,-1,462,36,35,-1,462,35,463,-1,
  463,35,34,-1,463,34,464,-1,464,34,33,-1,464,33,465,-1,465,33,32,-1,465,32,466,-1,466,32,31,-1,466,31,467,-1,
  467,31,30,-1,467,30,468,-1,468,30,29,-1,468,29,469,-1,469,29,28,-1,469,28,470,-1,470,28,27,-1,470,27,471,-1,
  471,27,26,-1,471,26,472,-1,472,26,25,-1,472,25,473,-1,473,25,24,-1,473,24,474,-1,474,24,23,-1,474,23,443,-1,
  443,23,22,-1,443,22,206,-1,206,22,21,-1,206,21,207,-1,207,21,208,-1,234,233,13,-1,234,13,235,-1,235,13,39,-1,
  235,39,38,-1,14,13,261,-1,261,13,262,-1,262,13,227,-1,227,13,228,-1,228,13,229,-1,229,13,230,-1,230,13,231,-1,
  231,13,232,-1,232,13,233,-1,263,262,456,-1,456,262,457,-1,457,262,245,-1,245,262,225,-1,225,262,226,-1,226,262,227,-1,
  15,14,683,-1,683,14,250,-1,250,14,251,-1,251,14,252,-1,252,14,253,-1,253,14,254,-1,254,14,255,-1,255,14,256,-1,
  256,14,257,-1,257,14,258,-1,258,14,259,-1,259,14,260,-1,260,14,261,-1,263,456,293,-1,263,293,264,-1,264,293,292,-1,
  264,292,265,-1,265,292,291,-1,265,291,266,-1,266,291,290,-1,266,290,267,-1,267,290,289,-1,267,289,268,-1,268,289,288,-1,
  268,288,269,-1,269,288,287,-1,269,287,270,-1,270,287,286,-1,270,286,271,-1,271,286,285,-1,271,285,272,-1,272,285,284,-1,
  272,284,273,-1,273,284,283,-1,273,283,274,-1,274,283,282,-1,274,282,275,-1,275,282,281,-1,275,281,276,-1,276,281,280,-1,
  276,280,277,-1,277,280,279,-1,277,279,246,-1,246,279,278,-1,246,278,247,-1,247,278,310,-1,247,310,312,-1,312,310,313,-1,
  248,247,683,-1,683,247,374,-1,374,247,343,-1,343,247,311,-1,311,247,312,-1,250,249,683,-1,683,249,248,-1,647,646,648,-1,
  648,646,611,-1,611,646,644,-1,644,646,645,-1,640,639,641,-1,641,639,611,-1,611,639,637,-1,637,639,638,-1,633,632,634,-1,
  634,632,611,-1,611,632,630,-1,630,632,631,-1,626,625,627,-1,627,625,611,-1,611,625,595,-1,595,625,738,-1,738,625,739,-1,
  627,611,628,-1,628,611,629,-1,629,611,630,-1,634,611,635,-1,635,611,636,-1,636,611,637,-1,641,611,642,-1,642,611,643,-1,
  643,611,644,-1,392,623,393,-1,393,623,394,-1,394,623,395,-1,395,623,396,-1,396,623,397,-1,397,623,398,-1,398,623,399,-1,
  399,623,400,-1,400,623,401,-1,401,623,402,-1,402,623,403,-1,403,623,404,-1,404,623,405,-1,405,623,406,-1,406,623,407,-1,
  407,623,408,-1,408,623,409,-1,193,623,194,-1,194,623,195,-1,195,623,196,-1,196,623,197,-1,197,623,198,-1,198,623,199,-1,
  199,623,200,-1,200,623,201,-1,201,623,202,-1,202,623,203,-1,203,623,204,-1,204,623,443,-1,443,623,444,-1,444,623,445,-1,
  445,623,446,-1,446,623,447,-1,447,623,448,-1,448,623,449,-1,449,623,450,-1,450,623,451,-1,451,623,452,-1,452,623,453,-1,
  453,623,454,-1,454,623,358,-1,358,623,359,-1,359,623,360,-1,360,623,361,-1,361,623,362,-1,362,623,363,-1,363,623,364,-1,
  364,623,365,-1,365,623,366,-1,366,623,367,-1,367,623,368,-1,368,623,579,-1,579,623,580,-1,580,623,581,-1,581,623,582,-1,
  582,623,583,-1,583,623,584,-1,584,623,585,-1,585,623,586,-1,586,623,587,-1,587,623,588,-1,588,623,589,-1,589,623,619,-1,
  619,623,620,-1,620,623,621,-1,621,623,622,-1,411,209,412,-1,412,209,413,-1,413,209,414,-1,414,209,415,-1,53,209,54,-1,
  54,209,55,-1,55,209,56,-1,56,209,57,-1,57,209,58,-1,58,209,59,-1,59,209,60,-1,60,209,61,-1,61,209,62,-1,
  62,209,63,-1,63,209,64,-1,64,209,65,-1,65,209,66,-1,66,209,67,-1,67,209,68,-1,68,209,69,-1,69,209,70,-1,
  70,209,71,-1,71,209,21,-1,21,209,208,-1,204,443,205,-1,205,443,206,-1,236,458,237,-1,237,458,238,-1,238,458,239,-1,
  239,458,240,-1,240,458,241,-1,241,458,242,-1,242,458,457,-1,242,457,243,-1,243,457,244,-1,244,457,245,-1,456,455,293,-1,
  293,455,294,-1,294,455,295,-1,295,455,327,-1,327,455,454,-1,344,311,342,-1,344,342,345,-1,345,342,341,-1,345,341,346,-1,
  346,341,340,-1,346,340,347,-1,347,340,339,-1,347,339,348,-1,348,339,338,-1,348,338,349,-1,349,338,337,-1,349,337,350,-1,
  350,337,336,-1,350,336,351,-1,351,336,335,-1,351,335,352,-1,352,335,334,-1,352,334,353,-1,353,334,333,-1,353,333,354,-1,
  354,333,332,-1,354,332,355,-1,355,332,331,-1,355,331,356,-1,356,331,330,-1,356,330,357,-1,357,330,329,-1,357,329,358,-1,
  358,329,328,-1,358,328,454,-1,454,328,327,-1,683,374,684,-1,684,374,685,-1,685,374,686,-1,686,374,687,-1,687,374,688,-1,
  688,374,689,-1,689,374,690,-1,690,374,691,-1,691,374,692,-1,692,374,693,-1,693,374,694,-1,694,374,695,-1,695,374,696,-1,
  696,374,697,-1,697,374,698,-1,698,374,699,-1,699,374,700,-1,700,374,701,-1,701,374,702,-1,702,374,703,-1,703,374,704,-1,
  704,374,705,-1,705,374,706,-1,706,374,707,-1,707,374,708,-1,708,374,709,-1,709,374,710,-1,710,374,373,-1,710,373,711,-1,
  711,373,712,-1,712,373,713,-1,713,373,714,-1,714,373,715,-1,715,373,716,-1,716,373,717,-1,717,373,718,-1,718,373,719,-1,
  719,373,720,-1,720,373,721,-1,721,373,722,-1,722,373,795,-1,795,373,372,-1,372,371,795,-1,795,371,796,-1,796,371,776,-1,
  776,371,797,-1,797,371,370,-1,798,797,370,-1,798,370,578,-1,578,370,369,-1,578,369,547,-1,547,369,579,-1,547,579,548,-1,
  548,579,610,-1,548,610,549,-1,549,610,609,-1,549,609,550,-1,550,609,608,-1,550,608,551,-1,551,608,607,-1,551,607,552,-1,
  552,607,606,-1,552,606,553,-1,553,606,605,-1,553,605,554,-1,554,605,604,-1,554,604,555,-1,555,604,603,-1,555,603,556,-1,
  556,603,602,-1,556,602,557,-1,557,602,601,-1,557,601,558,-1,558,601,600,-1,558,600,559,-1,559,600,599,-1,559,599,560,-1,
  560,599,598,-1,560,598,561,-1,561,598,597,-1,561,597,562,-1,562,597,596,-1,562,596,814,-1,814,596,595,-1,814,595,785,-1,
  785,595,737,-1,785,737,786,-1,786,737,736,-1,786,736,787,-1,787,736,735,-1,787,735,788,-1,788,735,789,-1,595,594,611,-1,
  611,594,612,-1,612,594,613,-1,613,594,614,-1,614,594,593,-1,614,593,592,-1,614,592,615,-1,615,592,591,-1,615,591,616,-1,
  616,591,590,-1,616,590,617,-1,617,590,618,-1,619,618,589,-1,589,618,590,-1,184,183,439,-1,184,439,185,-1,185,439,438,-1,
  185,438,186,-1,186,438,437,-1,186,437,187,-1,187,437,436,-1,187,436,188,-1,188,436,435,-1,188,435,189,-1,189,435,434,-1,
  189,434,433,-1,181,180,441,-1,181,441,182,-1,182,441,440,-1,182,440,183,-1,183,440,439,-1,411,442,177,-1,177,442,178,-1,
  178,442,179,-1,179,442,180,-1,180,442,441,-1,563,814,813,-1,563,813,564,-1,564,813,812,-1,564,812,565,-1,565,812,811,-1,
  565,811,566,-1,566,811,810,-1,566,810,567,-1,567,810,809,-1,567,809,568,-1,568,809,808,-1,568,808,569,-1,569,808,807,-1,
  569,807,570,-1,570,807,806,-1,570,806,571,-1,571,806,805,-1,571,805,572,-1,572,805,804,-1,572,804,573,-1,573,804,803,-1,
  573,803,574,-1,574,803,802,-1,574,802,575,-1,575,802,801,-1,575,801,576,-1,576,801,800,-1,576,800,577,-1,577,800,799,-1,
  577,799,578,-1,578,799,798,-1,825,824,780,-1,825,780,826,-1,826,780,779,-1,826,779,827,-1,827,779,778,-1,827,778,828,-1,
  828,778,777,-1,828,777,797,-1,797,777,776,-1,781,780,818,-1,818,780,819,-1,819,780,820,-1,820,780,821,-1,821,780,822,-1,
  822,780,823,-1,823,780,824,-1,814,785,784,-1,814,784,815,-1,815,784,783,-1,815,783,816,-1,816,783,782,-1,816,782,817,-1,
  817,782,781,-1,817,781,818,-1,723,722,791,-1,791,722,792,-1,792,722,793,-1,793,722,794,-1,794,722,795,-1,723,791,724,-1,
  724,791,725,-1,725,791,726,-1,726,791,727,-1,727,791,728,-1,728,791,729,-1,729,791,730,-1,730,791,790,-1,730,790,731,-1,
  731,790,732,-1,732,790,733,-1,733,790,734,-1,734,790,789,-1,313,310,309,-1,313,309,314,-1,314,309,308,-1,314,308,315,-1,
  315,308,307,-1,315,307,316,-1,316,307,306,-1,316,306,317,-1,317,306,305,-1,317,305,318,-1,318,305,304,-1,318,304,319,-1,
  319,304,303,-1,319,303,320,-1,320,303,302,-1,320,302,321,-1,321,302,301,-1,321,301,322,-1,322,301,300,-1,322,300,323,-1,
  323,300,299,-1,323,299,324,-1,324,299,298,-1,324,298,325,-1,325,298,297,-1,325,297,326,-1,326,297,296,-1,326,296,327,-1,
  327,296,295,-1,311,344,343,-1,789,735,734,-1,562,814,563,-1,595,738,737,-1,368,579,369,-1,209,89,124,-1,623,494,493,-1,
  611,649,648,-1]
  normalPerVertex TRUE
  normal DEF NORM_88 Normal { vector [
  0 0 -1,0 0 -1,
  0 0 -1,0 0 -1,
  0 0 -1,0 0 -1,
  0 0 -1,0 0 -1,
  0 0 -1,0 0 -1,
  0 0 -1,0 0 -1,
  0 0 -1,0 0 -1,
  0 0 -1,0 0 -1,
  0 0 -1,0 0 -1,
  0 0 -1,0 0 -1,
  0 0 -1,0 0 -1,
  0 0 -1,0 0 -1,
  0 0 -1,0 0 -1,
  0 0 -1,0 0 -1,
  0 0 -1,0 0 -1,
  0 0 -1,0 0 -1,
  0 0 -1,0 0 -1,
  0 0 -1,0 0 -1,
  0 0 -1,0 0 -1,
  0 0 -1,0 0 -1,
  0 0 -1,0 0 -1,
  0 0 -1,0 0 -1,
  0 0 -1,0 0 -1,
  0 0 -1,0 0 -1,
  0 0 -1,0 0 -1,
  0 0 -1,0 0 -1,
  0 0 -1,0 0 -1,
  0 0 -1,0 0 -1,
  0 0 -1,0 0 -1,
  0 0 -1,0 0 -1,
  0 0 -1,0 0 -1,
  0 0 -1,0 0 -1,
  0 0 -1,0 0 -1,
  0 0 -1,0 0 -1,
  0 0 -1,0 0 -1,
  0 0 -1,0 0 -1,
  0 0 -1,0 0 -1,
  0 0 -1,0 0 -1,
  0 0 -1,0 0 -1,
  0 0 -1,0 0 -1,
  0 0 -1,0 0 -1,
  0 0 -1,0 0 -1,
  0 0 -1,0 0 -1,
  0 0 -1,0 0 -1,
  0 0 -1,0 0 -1,
  0 0 -1,0 0 -1,
  0 0 -1,0 0 -1,
  0 0 -1,0 0 -1,
  0 0 -1,0 0 -1,
  0 0 -1,0 0 -1,
  0 0 -1,0 0 -1,
  0 0 -1,0 0 -1,
  0 0 -1,0 0 -1,
  0 0 -1,0 0 -1,
  0 0 -1,0 0 -1,
  0 0 -1,0 0 -1,
  0 0 -1,0 0 -1,
  0 0 -1,0 0 -1,
  0 0 -1,0 0 -1,
  0 0 -1,0 0 -1,
  0 0 -1,0 0 -1,
  0 0 -1,0 0 -1,
  0 0 -1,0 0 -1,
  0 0 -1,0 0 -1,
  0 0 -1,0 0 -1,
  0 0 -1,0 0 -1,
  0 0 -1,0 0 -1,
  0 0 -1,0 0 -1,
  0 0 -1,0 0 -1,
  0 0 -1,0 0 -1,
  0 0 -1,0 0 -1,
  0 0 -1,0 0 -1,
  0 0 -1,0 0 -1,
  0 0 -1,0 0 -1,
  0 0 -1,0 0 -1,
  0 0 -1,0 0 -1,
  0 0 -1,0 0 -1,
  0 0 -1,0 0 -1,
  0 0 -1,0 0 -1,
  0 0 -1,0 0 -1,
  0 0 -1,0 0 -1,
  0 0 -1,0 0 -1,
  0 0 -1,0 0 -1,
  0 0 -1,0 0 -1,
  0 0 -1,0 0 -1,
  0 0 -1,0 0 -1,
  0 0 -1,0 0 -1,
  0 0 -1,0 0 -1,
  0 0 -1,0 0 -1,
  0 0 -1,0 0 -1,
  0 0 -1,0 0 -1,
  0 0 -1,0 0 -1,
  0 0 -1,0 0 -1,
  0 0 -1,0 0 -1,
  0 0 -1,0 0 -1,
  0 0 -1,0 0 -1,
  0 0 -1,0 0 -1,
  0 0 -1,0 0 -1,
  0 0 -1,0 0 -1,
  0 0 -1,0 0 -1,
  0 0 -1,0 0 -1,
  0 0 -1,0 0 -1,
  0 0 -1,0 0 -1,
  0 0 -1,0 0 -1,
  0 0 -1,0 0 -1,
  0 0 -1,0 0 -1,
  0 0 -1,0 0 -1,
  0 0 -1,0 0 -1,
  0 0 -1,0 0 -1,
  0 0 -1,0 0 -1,
  0 0 -1,0 0 -1,
  0 0 -1,0 0 -1,
  0 0 -1,0 0 -1,
  0 0 -1,0 0 -1,
  0 0 -1,0 0 -1,
  0 0 -1,0 0 -1,
  0 0 -1,0 0 -1,
  0 0 -1,0 0 -1,
  0 0 -1,0 0 -1,
  0 0 -1,0 0 -1,
  0 0 -1,0 0 -1,
  0 0 -1,0 0 -1,
  0 0 -1,0 0 -1,
  0 0 -1,0 0 -1,
  0 0 -1,0 0 -1,
  0 0 -1,0 0 -1,
  0 0 -1,0 0 -1,
  0 0 -1,0 0 -1,
  0 0 -1,0 0 -1,
  0 0 -1,0 0 -1,
  0 0 -1,0 0 -1,
  0 0 -1,0 0 -1,
  0 0 -1,0 0 -1,
  0 0 -1,0 0 -1,
  0 0 -1,0 0 -1,
  0 0 -1,0 0 -1,
  0 0 -1,0 0 -1,
  0 0 -1,0 0 -1,
  0 0 -1,0 0 -1,
  0 0 -1,0 0 -1,
  0 0 -1,0 0 -1,
  0 0 -1,0 0 -1,
  0 0 -1,0 0 -1,
  0 0 -1,0 0 -1,
  0 0 -1,0 0 -1,
  0 0 -1,0 0 -1,
  0 0 -1,0 0 -1,
  0 0 -1,0 0 -1,
  0 0 -1,0 0 -1,
  0 0 -1,0 0 -1,
  0 0 -1,0 0 -1,
  0 0 -1,0 0 -1,
  0 0 -1,0 0 -1,
  0 0 -1,0 0 -1,
  0 0 -1,0 0 -1,
  0 0 -1,0 0 -1,
  0 0 -1,0 0 -1,
  0 0 -1,0 0 -1,
  0 0 -1,0 0 -1,
  0 0 -1,0 0 -1,
  0 0 -1,0 0 -1,
  0 0 -1,0 0 -1,
  0 0 -1,0 0 -1,
  0 0 -1,0 0 -1,
  0 0 -1,0 0 -1,
  0 0 -1,0 0 -1,
  0 0 -1,0 0 -1,
  0 0 -1,0 0 -1,
  0 0 -1,0 0 -1,
  0 0 -1,0 0 -1,
  0 0 -1,0 0 -1,
  0 0 -1,0 0 -1,
  0 0 -1,0 0 -1,
  0 0 -1,0 0 -1,
  0 0 -1,0 0 -1,
  0 0 -1,0 0 -1,
  0 0 -1,0 0 -1,
  0 0 -1,0 0 -1,
  0 0 -1,0 0 -1,
  0 0 -1,0 0 -1,
  0 0 -1,0 0 -1,
  0 0 -1,0 0 -1,
  0 0 -1,0 0 -1,
  0 0 -1,0 0 -1,
  0 0 -1,0 0 -1,
  0 0 -1,0 0 -1,
  0 0 -1,0 0 -1,
  0 0 -1,0 0 -1,
  0 0 -1,0 0 -1,
  0 0 -1,0 0 -1,
  0 0 -1,0 0 -1,
  0 0 -1,0 0 -1,
  0 0 -1,0 0 -1,
  0 0 -1,0 0 -1,
  0 0 -1,0 0 -1,
  0 0 -1,0 0 -1,
  0 0 -1,0 0 -1,
  0 0 -1,0 0 -1,
  0 0 -1,0 0 -1,
  0 0 -1,0 0 -1,
  0 0 -1,0 0 -1,
  0 0 -1,0 0 -1,
  0 0 -1,0 0 -1,
  0 0 -1,0 0 -1,
  0 0 -1,0 0 -1,
  0 0 -1,0 0 -1,
  0 0 -1,0 0 -1,
  0 0 -1,0 0 -1,
  0 0 -1,0 0 -1,
  0 0 -1,0 0 -1,
  0 0 -1,0 0 -1,
  0 0 -1,0 0 -1,
  0 0 -1,0 0 -1,
  0 0 -1,0 0 -1,
  0 0 -1,0 0 -1,
  0 0 -1,0 0 -1,
  0 0 -1,0 0 -1,
  0 0 -1,0 0 -1,
  0 0 -1,0 0 -1,
  0 0 -1,0 0 -1,
  0 0 -1,0 0 -1,
  0 0 -1,0 0 -1,
  0 0 -1,0 0 -1,
  0 0 -1,0 0 -1,
  0 0 -1,0 0 -1,
  0 0 -1,0 0 -1,
  0 0 -1,0 0 -1,
  0 0 -1,0 0 -1,
  0 0 -1,0 0 -1,
  0 0 -1,0 0 -1,
  0 0 -1,0 0 -1,
  0 0 -1,0 0 -1,
  0 0 -1,0 0 -1,
  0 0 -1,0 0 -1,
  0 0 -1,0 0 -1,
  0 0 -1,0 0 -1,
  0 0 -1,0 0 -1,
  0 0 -1,0 0 -1,
  0 0 -1,0 0 -1,
  0 0 -1,0 0 -1,
  0 0 -1,0 0 -1,
  0 0 -1,0 0 -1,
  0 0 -1,0 0 -1,
  0 0 -1,0 0 -1,
  0 0 -1,0 0 -1,
  0 0 -1,0 0 -1,
  0 0 -1,0 0 -1,
  0 0 -1,0 0 -1,
  0 0 -1,0 0 -1,
  0 0 -1,0 0 -1,
  0 0 -1,0 0 -1,
  0 0 -1,0 0 -1,
  0 0 -1,0 0 -1,
  0 0 -1,0 0 -1,
  0 0 -1,0 0 -1,
  0 0 -1,0 0 -1,
  0 0 -1,0 0 -1,
  0 0 -1,0 0 -1,
  0 0 -1,0 0 -1,
  0 0 -1,0 0 -1,
  0 0 -1,0 0 -1,
  0 0 -1,0 0 -1,
  0 0 -1,0 0 -1,
  0 0 -1,0 0 -1,
  0 0 -1,0 0 -1,
  0 0 -1,0 0 -1,
  0 0 -1,0 0 -1,
  0 0 -1,0 0 -1,
  0 0 -1,0 0 -1,
  0 0 -1,0 0 -1,
  0 0 -1,0 0 -1,
  0 0 -1,0 0 -1,
  0 0 -1,0 0 -1,
  0 0 -1,0 0 -1,
  0 0 -1,0 0 -1,
  0 0 -1,0 0 -1,
  0 0 -1,0 0 -1,
  0 0 -1,0 0 -1,
  0 0 -1,0 0 -1,
  0 0 -1,0 0 -1,
  0 0 -1,0 0 -1,
  0 0 -1,0 0 -1,
  0 0 -1,0 0 -1,
  0 0 -1,0 0 -1,
  0 0 -1,0 0 -1,
  0 0 -1,0 0 -1,
  0 0 -1,0 0 -1,
  0 0 -1,0 0 -1,
  0 0 -1,0 0 -1,
  0 0 -1,0 0 -1,
  0 0 -1,0 0 -1,
  0 0 -1,0 0 -1,
  0 0 -1,0 0 -1,
  0 0 -1,0 0 -1,
  0 0 -1,0 0 -1,
  0 0 -1,0 0 -1,
  0 0 -1,0 0 -1,
  0 0 -1,0 0 -1,
  0 0 -1,0 0 -1,
  0 0 -1,0 0 -1,
  0 0 -1,0 0 -1,
  0 0 -1,0 0 -1,
  0 0 -1,0 0 -1,
  0 0 -1,0 0 -1,
  0 0 -1,0 0 -1,
  0 0 -1,0 0 -1,
  0 0 -1,0 0 -1,
  0 0 -1,0 0 -1,
  0 0 -1,0 0 -1,
  0 0 -1,0 0 -1,
  0 0 -1,0 0 -1,
  0 0 -1,0 0 -1,
  0 0 -1,0 0 -1,
  0 0 -1,0 0 -1,
  0 0 -1,0 0 -1,
  0 0 -1,0 0 -1,
  0 0 -1,0 0 -1,
  0 0 -1,0 0 -1,
  0 0 -1,0 0 -1,
  0 0 -1,0 0 -1,
  0 0 -1,0 0 -1,
  0 0 -1,0 0 -1,
  0 0 -1,0 0 -1,
  0 0 -1,0 0 -1,
  0 0 -1,0 0 -1,
  0 0 -1,0 0 -1,
  0 0 -1,0 0 -1,
  0 0 -1,0 0 -1,
  0 0 -1,0 0 -1,
  0 0 -1,0 0 -1,
  0 0 -1,0 0 -1,
  0 0 -1,0 0 -1,
  0 0 -1,0 0 -1,
  0 0 -1,0 0 -1,
  0 0 -1,0 0 -1,
  0 0 -1,0 0 -1,
  0 0 -1,0 0 -1,
  0 0 -1,0 0 -1,
  0 0 -1,0 0 -1,
  0 0 -1,0 0 -1,
  0 0 -1,0 0 -1,
  0 0 -1,0 0 -1,
  0 0 -1,0 0 -1,
  0 0 -1,0 0 -1,
  0 0 -1,0 0 -1,
  0 0 -1,0 0 -1,
  0 0 -1,0 0 -1,
  0 0 -1,0 0 -1,
  0 0 -1,0 0 -1,
  0 0 -1,0 0 -1,
  0 0 -1,0 0 -1,
  0 0 -1,0 0 -1,
  0 0 -1,0 0 -1,
  0 0 -1,0 0 -1,
  0 0 -1,0 0 -1,
  0 0 -1,0 0 -1,
  0 0 -1,0 0 -1,
  0 0 -1,0 0 -1,
  0 0 -1,0 0 -1,
  0 0 -1,0 0 -1,
  0 0 -1,0 0 -1,
  0 0 -1,0 0 -1,
  0 0 -1,0 0 -1,
  0 0 -1,0 0 -1,
  0 0 -1,0 0 -1,
  0 0 -1,0 0 -1,
  0 0 -1,0 0 -1,
  0 0 -1,0 0 -1,
  0 0 -1,0 0 -1,
  0 0 -1,0 0 -1,
  0 0 -1,0 0 -1,
  0 0 -1,0 0 -1,
  0 0 -1,0 0 -1,
  0 0 -1,0 0 -1,
  0 0 -1,0 0 -1,
  0 0 -1,0 0 -1,
  0 0 -1,0 0 -1,
  0 0 -1,0 0 -1,
  0 0 -1,0 0 -1,
  0 0 -1,0 0 -1,
  0 0 -1,0 0 -1,
  0 0 -1,0 0 -1,
  0 0 -1,0 0 -1,
  0 0 -1,0 0 -1,
  0 0 -1,0 0 -1,
  0 0 -1,0 0 -1,
  0 0 -1,0 0 -1,
  0 0 -1,0 0 -1,
  0 0 -1,0 0 -1,
  0 0 -1,0 0 -1,
  0 0 -1,0 0 -1,
  0 0 -1,0 0 -1,
  0 0 -1,0 0 -1,
  0 0 -1,0 0 -1,
  0 0 -1,0 0 -1,
  0 0 -1,0 0 -1,
  0 0 -1,0 0 -1,
  0 0 -1,0 0 -1,
  0 0 -1,0 0 -1,
  0 0 -1,0 0 -1,
  0 0 -1,0 0 -1,
  0 0 -1,0 0 -1,
  0 0 -1,0 0 -1,
  0 0 -1,0 0 -1,
  0 0 -1,0 0 -1,
  0 0 -1,0 0 -1,
  0 0 -1,0 0 -1,
  0 0 -1,0 0 -1,
  0 0 -1,0 0 -1,
  0 0 -1,0 0 -1,
  0 0 -1,0 0 -1,
  0 0 -1,0 0 -1,
  0 0 -1,0 0 -1,
  0 0 -1,0 0 -1,
  0 0 -1] }
}
}
] }
DEF TXFM_17 Transform {
  center 0 0 0
  rotation 0 0 1 0
  scale 1 1 1
  scaleOrientation 0 0 1 0
  translation 0 0 0
 children [
DEF SHAPE_89 Shape {
 appearance DEF APP_11 Appearance {
  material Material {
   ambientIntensity 0.72857141
   diffuseColor 0.96078432 0.96078432 0.96078432
   emissiveColor 0 0 0
   shininess 0.02
   specularColor 0.96470588 0.96470588 0.96470588
   transparency 0
} }
 geometry DEF FACE_89 IndexedFaceSet {
  coord DEF COORD_89 Coordinate { point [
  51.832677 -47.923228 0.34448819,51.841717 -47.92143 0.34448819,
  51.854501 -47.908646 0.34448819,51.856299 -47.899606 0.34448819,
  51.856299 -42.651575 0.34448819,51.854501 -42.642535 0.34448819,
  51.841717 -42.629751 0.34448819,51.832677 -42.627953 0.34448819,
  51.183071 -42.627953 0.34448819,51.177257 -42.629109 0.34448819,
  51.175771 -42.629109 0.34448819,51.175211 -42.629516 0.34448819,
  51.174031 -42.629751 0.34448819,51.171754 -42.632027 0.34448819,
  51.16396 -42.63769 0.34448819,51.162934 -42.640847 0.34448819,
  51.161247 -42.642535 0.34448819,51.161247 -42.646041 0.34448819,
  51.159449 -42.651575 0.34448819,51.159449 -42.688024 0.34448819,
  51.145227 -42.759523 0.34448819,51.11733 -42.826873 0.34448819,
  51.076829 -42.887486 0.34448819,51.025281 -42.939033 0.34448819,
  50.964668 -42.979534 0.34448819,50.897318 -43.007431 0.34448819,
  50.82582 -43.021654 0.34448819,50.75292 -43.021654 0.34448819,
  50.681422 -43.007431 0.34448819,50.614072 -42.979534 0.34448819,
  50.553459 -42.939033 0.34448819,50.501911 -42.887486 0.34448819,
  50.461411 -42.826873 0.34448819,50.433513 -42.759523 0.34448819,
  50.419291 -42.688024 0.34448819,50.419291 -42.651575 0.34448819,
  50.417493 -42.646041 0.34448819,50.417493 -42.642535 0.34448819,
  50.415806 -42.640847 0.34448819,50.41478 -42.63769 0.34448819,
  50.406985 -42.632027 0.34448819,50.404709 -42.629751 0.34448819,
  50.403529 -42.629516 0.34448819,50.402969 -42.629109 0.34448819,
  50.401483 -42.629109 0.34448819,50.395669 -42.627953 0.34448819,
  49.746063 -42.627953 0.34448819,49.737023 -42.629751 0.34448819,
  49.724239 -42.642535 0.34448819,49.722441 -42.651575 0.34448819,
  49.722441 -47.875984 0.34448819,49.722441 -47.899606 0.34448819,
  49.724239 -47.908646 0.34448819,49.737023 -47.92143 0.34448819,
  49.746063 -47.923228 0.34448819,51.809055 -42.675197 0.34448819,
  51.809055 -47.875984 0.34448819,49.769685 -47.875984 0.34448819,
  49.769685 -42.675197 0.34448819,50.374236 -42.675197 0.34448819,
  50.379153 -42.728257 0.34448819,50.400228 -42.802329 0.34448819,
  50.434555 -42.871267 0.34448819,50.480965 -42.932723 0.34448819,
  50.537877 -42.984606 0.34448819,50.603353 -43.025147 0.34448819,
  50.675164 -43.052967 0.34448819,50.750865 -43.067117 0.34448819,
  50.827876 -43.067117 0.34448819,50.903576 -43.052967 0.34448819,
  50.975387 -43.025147 0.34448819,51.040863 -42.984606 0.34448819,
  51.097775 -42.932723 0.34448819,51.144185 -42.871267 0.34448819,
  51.178512 -42.802329 0.34448819,51.199587 -42.728257 0.34448819,
  51.204504 -42.675197 0.34448819,60.598425 -47.433071 0.34448819,
  60.607465 -47.431273 0.34448819,60.620249 -47.418489 0.34448819,
  60.622047 -47.409449 0.34448819,60.622047 -45.897638 0.34448819,
  60.620249 -45.888598 0.34448819,60.607465 -45.875814 0.34448819,
  60.598425 -45.874016 0.34448819,60.259843 -45.874016 0.34448819,
  60.259843 -45.523622 0.34448819,60.258044 -45.514582 0.34448819,
  60.24526 -45.501798 0.34448819,60.227181 -45.501798 0.34448819,
  60.214396 -45.514582 0.34448819,60.212598 -45.523622 0.34448819,
  60.212598 -45.874016 0.34448819,59.874016 -45.874016 0.34448819,
  59.864976 -45.875814 0.34448819,59.852192 -45.888598 0.34448819,
  59.850394 -45.897638 0.34448819,59.850394 -47.385827 0.34448819,
  59.850394 -47.409449 0.34448819,59.852192 -47.418489 0.34448819,
  59.864976 -47.431273 0.34448819,59.874016 -47.433071 0.34448819,
  60.212598 -47.433071 0.34448819,60.212598 -47.783465 0.34448819,
  60.214396 -47.792504 0.34448819,60.227181 -47.805289 0.34448819,
  60.24526 -47.805289 0.34448819,60.258044 -47.792504 0.34448819,
  60.259843 -47.783465 0.34448819,60.259843 -47.433071 0.34448819,
  60.574803 -45.92126 0.34448819,60.574803 -47.385827 0.34448819,
  59.897638 -47.385827 0.34448819,59.897638 -45.92126 0.34448819,
  57.007874 -47.102362 0.34448819,57.016914 -47.100564 0.34448819,
  57.029698 -47.08778 0.34448819,57.031496 -47.07874 0.34448819,
  57.031496 -45.566929 0.34448819,57.029698 -45.557889 0.34448819,
  57.016914 -45.545105 0.34448819,57.007874 -45.543307 0.34448819,
  56.669291 -45.543307 0.34448819,56.669291 -45.192913 0.34448819,
  56.667493 -45.183874 0.34448819,56.654709 -45.171089 0.34448819,
  56.63663 -45.171089 0.34448819,56.623845 -45.183874 0.34448819,
  56.622047 -45.192913 0.34448819,56.622047 -45.543307 0.34448819,
  56.283465 -45.543307 0.34448819,56.274425 -45.545105 0.34448819,
  56.261641 -45.557889 0.34448819,56.259843 -45.566929 0.34448819,
  56.259843 -47.055118 0.34448819,56.259843 -47.07874 0.34448819,
  56.261641 -47.08778 0.34448819,56.274425 -47.100564 0.34448819,
  56.283465 -47.102362 0.34448819,56.622047 -47.102362 0.34448819,
  56.622047 -47.452756 0.34448819,56.623845 -47.461796 0.34448819,
  56.63663 -47.47458 0.34448819,56.654709 -47.47458 0.34448819,
  56.667493 -47.461796 0.34448819,56.669291 -47.452756 0.34448819,
  56.669291 -47.102362 0.34448819,56.984252 -45.590551 0.34448819,
  56.984252 -47.055118 0.34448819,56.307087 -47.055118 0.34448819,
  56.307087 -45.590551 0.34448819,60.801778 -46.336544 0.34448819,
  60.799298 -46.338105 0.34448819,60.798578 -46.338403 0.34448819,
  60.797769 -46.339068 0.34448819,60.796879 -46.339628 0.34448819,
  60.796367 -46.340217 0.34448819,60.794104 -46.342075 0.34448819,
  60.775356 -46.360823 0.34448819,60.773498 -46.363086 0.34448819,
  60.772909 -46.363598 0.34448819,60.772349 -46.364487 0.34448819,
  60.771684 -46.365297 0.34448819,60.771386 -46.366017 0.34448819,
  60.769825 -46.368497 0.34448819,60.751078 -46.405992 0.34448819,
  60.749009 -46.411398 0.34448819,60.748933 -46.412456 0.34448819,
  60.748528 -46.413437 0.34448819,60.74796 -46.419197 0.34448819,
  60.74796 -46.512935 0.34448819,60.748528 -46.518696 0.34448819,
  60.748933 -46.519676 0.34448819,60.749009 -46.520734 0.34448819,
  60.751078 -46.526141 0.34448819,60.769825 -46.563636 0.34448819,
  60.771386 -46.566116 0.34448819,60.771684 -46.566835 0.34448819,
  60.772349 -46.567645 0.34448819,60.772909 -46.568535 0.34448819,
  60.773498 -46.569046 0.34448819,60.775356 -46.57131 0.34448819,
  60.794104 -46.590057 0.34448819,60.798578 -46.59373 0.34448819,
  60.809222 -46.598139 0.34448819,60.820743 -46.598139 0.34448819,
  60.831387 -46.59373 0.34448819,60.839534 -46.585583 0.34448819,
  60.843943 -46.574939 0.34448819,60.843943 -46.563418 0.34448819,
  60.839534 -46.552774 0.34448819,60.835862 -46.548299 0.34448819,
  60.820503 -46.53294 0.34448819,60.807015 -46.505965 0.34448819,
  60.807015 -46.426168 0.34448819,60.820503 -46.399193 0.34448819,
  60.832474 -46.387222 0.34448819,60.859449 -46.373734 0.34448819,
  60.885182 -46.373734 0.34448819,60.930266 -46.388762 0.34448819,
  61.150309 -46.608805 0.34448819,61.154784 -46.612478 0.34448819,
  61.16231 -46.615595 0.34448819,61.165428 -46.616886 0.34448819,
  61.165428 -46.616886 0.34448819,61.176949 -46.616886 0.34448819,
  61.187593 -46.612477 0.34448819,61.19574 -46.604331 0.34448819,
  61.198857 -46.596804 0.34448819,61.200149 -46.593687 0.34448819,
  61.200716 -46.587926 0.34448819,61.200716 -46.344207 0.34448819,
  61.200149 -46.338446 0.34448819,61.19574 -46.327802 0.34448819,
  61.187593 -46.319656 0.34448819,61.176949 -46.315246 0.34448819,
  61.165428 -46.315246 0.34448819,61.154784 -46.319656 0.34448819,
  61.146637 -46.327802 0.34448819,61.142228 -46.338446 0.34448819,
  61.141661 -46.344207 0.34448819,61.141661 -46.51664 0.34448819,
  60.967096 -46.342075 0.34448819,60.962621 -46.338403 0.34448819,
  60.961641 -46.337997 0.34448819,60.960839 -46.337302 0.34448819,
  60.955554 -46.334942 0.34448819,60.899311 -46.316194 0.34448819,
  60.896455 -46.315545 0.34448819,60.895734 -46.315246 0.34448819,
  60.894689 -46.315143 0.34448819,60.893667 -46.314911 0.34448819,
  60.892889 -46.314966 0.34448819,60.889974 -46.314679 0.34448819,
  60.852478 -46.314679 0.34448819,60.846718 -46.315246 0.34448819,
  60.845738 -46.315652 0.34448819,60.844679 -46.315728 0.34448819,
  60.839273 -46.317796 0.34448819,60.959422 -46.711497 0.34448819,
  60.921926 -46.69275 0.34448819,60.91652 -46.690681 0.34448819,
  60.915462 -46.690606 0.34448819,60.914482 -46.6902 0.34448819,
  60.908721 -46.689632 0.34448819,60.852478 -46.689632 0.34448819,
  60.846718 -46.6902 0.34448819,60.845738 -46.690605 0.34448819,
  60.844679 -46.690681 0.34448819,60.839273 -46.69275 0.34448819,
  60.801778 -46.711497 0.34448819,60.799298 -46.713058 0.34448819,
  60.798578 -46.713356 0.34448819,60.797769 -46.714021 0.34448819,
  60.796879 -46.714581 0.34448819,60.796367 -46.71517 0.34448819,
  60.794104 -46.717028 0.34448819,60.775356 -46.735776 0.34448819,
  60.773498 -46.738039 0.34448819,60.772909 -46.738551 0.34448819,
  60.772349 -46.739441 0.34448819,60.771684 -46.74025 0.34448819,
  60.771386 -46.74097 0.34448819,60.769825 -46.74345 0.34448819,
  60.751078 -46.780945 0.34448819,60.749009 -46.786352 0.34448819,
  60.748933 -46.787409 0.34448819,60.748528 -46.78839 0.34448819,
  60.74796 -46.79415 0.34448819,60.74796 -46.801121 0.34448819,
  60.74796 -46.944131 0.34448819,60.748528 -46.949892 0.34448819,
  60.752937 -46.960536 0.34448819,60.761083 -46.968683 0.34448819,
  60.771727 -46.973092 0.34448819,60.777488 -46.973659 0.34448819,
  61.171189 -46.973659 0.34448819,61.176949 -46.973092 0.34448819,
  61.187593 -46.968683 0.34448819,61.19574 -46.960536 0.34448819,
  61.200149 -46.949892 0.34448819,61.200149 -46.938371 0.34448819,
  61.19574 -46.927727 0.34448819,61.187593 -46.91958 0.34448819,
  61.176949 -46.915171 0.34448819,61.171189 -46.914604 0.34448819,
  61.013239 -46.914604 0.34448819,61.013239 -46.865767 0.34448819,
  61.188122 -46.74335 0.34448819,61.192515 -46.739581 0.34448819,
  61.198707 -46.729865 0.34448819,61.200709 -46.71852 0.34448819,
  61.198217 -46.707272 0.34448819,61.19161 -46.697833 0.34448819,
  61.181894 -46.691641 0.34448819,61.170549 -46.689639 0.34448819,
  61.1593 -46.692131 0.34448819,61.154256 -46.69497 0.34448819,
  61.013196 -46.793711 0.34448819,61.012672 -46.78839 0.34448819,
  61.012266 -46.78741 0.34448819,61.012191 -46.786351 0.34448819,
  61.010122 -46.780945 0.34448819,60.991374 -46.74345 0.34448819,
  60.989813 -46.74097 0.34448819,60.989515 -46.74025 0.34448819,
  60.98885 -46.739441 0.34448819,60.988291 -46.738551 0.34448819,
  60.987701 -46.738039 0.34448819,60.985843 -46.735776 0.34448819,
  60.967096 -46.717028 0.34448819,60.964832 -46.71517 0.34448819,
  60.96432 -46.714581 0.34448819,60.963431 -46.714021 0.34448819,
  60.962621 -46.713356 0.34448819,60.961902 -46.713058 0.34448819,
  60.954184 -46.801121 0.34448819,60.954184 -46.914604 0.34448819,
  60.807015 -46.914604 0.34448819,60.807015 -46.801121 0.34448819,
  60.820503 -46.774146 0.34448819,60.832474 -46.762175 0.34448819,
  60.859449 -46.748687 0.34448819,60.901751 -46.748687 0.34448819,
  60.928726 -46.762175 0.34448819,60.940697 -46.774146 0.34448819,
  57.36887 -46.380789 0.34448819,57.331375 -46.362041 0.34448819,
  57.325969 -46.359972 0.34448819,57.324911 -46.359897 0.34448819,
  57.323931 -46.359491 0.34448819,57.31817 -46.358924 0.34448819,
  57.261927 -46.358924 0.34448819,57.256167 -46.359491 0.34448819,
  57.255187 -46.359896 0.34448819,57.254128 -46.359972 0.34448819,
  57.248722 -46.362041 0.34448819,57.211227 -46.380789 0.34448819,
  57.208746 -46.382349 0.34448819,57.208027 -46.382648 0.34448819,
  57.207217 -46.383312 0.34448819,57.206328 -46.383872 0.34448819,
  57.205816 -46.384462 0.34448819,57.203553 -46.38632 0.34448819,
  57.184805 -46.405067 0.34448819,57.182947 -46.407331 0.34448819,
  57.182357 -46.407843 0.34448819,57.181798 -46.408732 0.34448819,
  57.181133 -46.409542 0.34448819,57.180835 -46.410261 0.34448819,
  57.179274 -46.412741 0.34448819,57.160526 -46.450237 0.34448819,
  57.158457 -46.455643 0.34448819,57.158382 -46.456701 0.34448819,
  57.157976 -46.457681 0.34448819,57.157409 -46.463442 0.34448819,
  57.157409 -46.470412 0.34448819,57.157409 -46.613423 0.34448819,
  57.157976 -46.619183 0.34448819,57.162385 -46.629828 0.34448819,
  57.170532 -46.637974 0.34448819,57.181176 -46.642383 0.34448819,
  57.186937 -46.64295 0.34448819,57.580637 -46.64295 0.34448819,
  57.586398 -46.642383 0.34448819,57.597042 -46.637974 0.34448819,
  57.605189 -46.629828 0.34448819,57.609598 -46.619183 0.34448819,
  57.609598 -46.607662 0.34448819,57.605189 -46.597018 0.34448819,
  57.597042 -46.588872 0.34448819,57.586398 -46.584463 0.34448819,
  57.580637 -46.583895 0.34448819,57.422688 -46.583895 0.34448819,
  57.422688 -46.535058 0.34448819,57.59757 -46.412641 0.34448819,
  57.601964 -46.408873 0.34448819,57.608156 -46.399157 0.34448819,
  57.610158 -46.387811 0.34448819,57.607666 -46.376563 0.34448819,
  57.601059 -46.367124 0.34448819,57.591343 -46.360933 0.34448819,
  57.579998 -46.358931 0.34448819,57.568749 -46.361422 0.34448819,
  57.563705 -46.364261 0.34448819,57.422645 -46.463002 0.34448819,
  57.422121 -46.457681 0.34448819,57.421715 -46.456701 0.34448819,
  57.42164 -46.455643 0.34448819,57.419571 -46.450237 0.34448819,
  57.400823 -46.412741 0.34448819,57.399262 -46.410261 0.34448819,
  57.398964 -46.409542 0.34448819,57.398299 -46.408732 0.34448819,
  57.39774 -46.407843 0.34448819,57.39715 -46.407331 0.34448819,
  57.395292 -46.405067 0.34448819,57.376544 -46.38632 0.34448819,
  57.374281 -46.384462 0.34448819,57.373769 -46.383872 0.34448819,
  57.37288 -46.383312 0.34448819,57.37207 -46.382648 0.34448819,
  57.37135 -46.382349 0.34448819,57.363633 -46.470412 0.34448819,
  57.363633 -46.583895 0.34448819,57.216464 -46.583895 0.34448819,
  57.216464 -46.470412 0.34448819,57.229952 -46.443437 0.34448819,
  57.241923 -46.431466 0.34448819,57.268898 -46.417979 0.34448819,
  57.3112 -46.417979 0.34448819,57.338174 -46.431466 0.34448819,
  57.350146 -46.443437 0.34448819,62.279528 -34.383858 0.34448819,
  62.279528 -39.63189 0.34448819,61.145669 -39.63189 0.34448819,
  61.145669 -34.383858 0.34448819,58.169291 -34.336614 0.34448819,
  58.160252 -34.338412 0.34448819,58.147467 -34.351196 0.34448819,
  58.145669 -34.360236 0.34448819,58.145669 -39.63189 0.34448819,
  58.145669 -39.655512 0.34448819,58.147467 -39.664552 0.34448819,
  58.160252 -39.677336 0.34448819,58.169291 -39.679134 0.34448819,
  62.30315 -39.679134 0.34448819,62.312189 -39.677336 0.34448819,
  62.324974 -39.664552 0.34448819,62.326772 -39.655512 0.34448819,
  62.326772 -34.360236 0.34448819,62.324974 -34.351196 0.34448819,
  62.312189 -34.338412 0.34448819,62.30315 -34.336614 0.34448819,
  58.192913 -39.63189 0.34448819,58.192913 -34.383858 0.34448819,
  59.326772 -34.383858 0.34448819,59.326772 -39.608268 0.34448819,
  59.326772 -39.63189 0.34448819,59.866142 -34.420308 0.34448819,
  59.866142 -34.383858 0.34448819,60.606299 -34.383858 0.34448819,
  60.606299 -34.420308 0.34448819,60.592077 -34.491806 0.34448819,
  60.56418 -34.559156 0.34448819,60.523679 -34.61977 0.34448819,
  60.472132 -34.671317 0.34448819,60.411519 -34.711818 0.34448819,
  60.344169 -34.739715 0.34448819,60.27267 -34.753937 0.34448819,
  60.199771 -34.753937 0.34448819,60.128272 -34.739715 0.34448819,
  60.060922 -34.711818 0.34448819,60.000309 -34.671317 0.34448819,
  59.948762 -34.61977 0.34448819,59.908261 -34.559156 0.34448819,
  59.880364 -34.491806 0.34448819,59.847078 -34.534613 0.34448819,
  59.881406 -34.60355 0.34448819,59.927815 -34.665007 0.34448819,
  59.984727 -34.716889 0.34448819,60.050204 -34.75743 0.34448819,
  60.122015 -34.78525 0.34448819,60.197715 -34.799401 0.34448819,
  60.274726 -34.799401 0.34448819,60.350426 -34.78525 0.34448819,
  60.422237 -34.75743 0.34448819,60.487714 -34.716889 0.34448819,
  60.544626 -34.665007 0.34448819,60.591035 -34.60355 0.34448819,
  60.625363 -34.534613 0.34448819,60.646437 -34.460541 0.34448819,
  60.651354 -34.40748 0.34448819,61.098425 -34.40748 0.34448819,
  61.098425 -39.608268 0.34448819,59.374016 -39.608268 0.34448819,
  59.374016 -34.40748 0.34448819,59.821087 -34.40748 0.34448819,
  59.822275 -34.420308 0.34448819,59.826004 -34.460541 0.34448819,
  57.157976 -46.123147 0.34448819,57.157409 -46.126015 0.34448819,
  57.157976 -46.128851 0.34448819,57.157976 -46.131744 0.34448819,
  57.159095 -46.134445 0.34448819,57.159669 -46.137312 0.34448819,
  57.161278 -46.139715 0.34448819,57.162385 -46.142389 0.34448819,
  57.164452 -46.144456 0.34448819,57.166079 -46.146885 0.34448819,
  57.170511 -46.150515 0.34448819,57.170532 -46.150535 0.34448819,
  57.170541 -46.150539 0.34448819,57.170557 -46.150552 0.34448819,
  57.224368 -46.186426 0.34448819,57.256407 -46.218465 0.34448819,
  57.273012 -46.251675 0.34448819,57.276096 -46.256574 0.34448819,
  57.2848 -46.264122 0.34448819,57.295729 -46.267765 0.34448819,
  57.307221 -46.266949 0.34448819,57.317526 -46.261796 0.34448819,
  57.325075 -46.253093 0.34448819,57.328718 -46.242163 0.34448819,
  57.327902 -46.23067 0.34448819,57.325833 -46.225265 0.34448819,
  57.307085 -46.187769 0.34448819,57.305525 -46.185291 0.34448819,
  57.305226 -46.18457 0.34448819,57.30456 -46.183758 0.34448819,
  57.304002 -46.18287 0.34448819,57.303412 -46.182359 0.34448819,
  57.301554 -46.180095 0.34448819,57.27697 -46.155511 0.34448819,
  57.55111 -46.155511 0.34448819,57.55111 -46.23847 0.34448819,
  57.551677 -46.24423 0.34448819,57.556086 -46.254874 0.34448819,
  57.564233 -46.263021 0.34448819,57.574877 -46.26743 0.34448819,
  57.586398 -46.26743 0.34448819,57.597042 -46.263021 0.34448819,
  57.605189 -46.254874 0.34448819,57.609598 -46.24423 0.34448819,
  57.610165 -46.23847 0.34448819,57.610165 -46.013498 0.34448819,
  57.609598 -46.007737 0.34448819,57.605189 -45.997093 0.34448819,
  57.597042 -45.988947 0.34448819,57.586398 -45.984538 0.34448819,
  57.574877 -45.984538 0.34448819,57.564233 -45.988947 0.34448819,
  57.556086 -45.997093 0.34448819,57.551677 -46.007737 0.34448819,
  57.55111 -46.013498 0.34448819,57.55111 -46.096456 0.34448819,
  57.186937 -46.096456 0.34448819,57.186916 -46.096458 0.34448819,
  57.186906 -46.096456 0.34448819,57.186875 -46.096462 0.34448819,
  57.181176 -46.097024 0.34448819,57.178475 -46.098142 0.34448819,
  57.175609 -46.098716 0.34448819,57.173205 -46.100325 0.34448819,
  57.170532 -46.101433 0.34448819,57.168465 -46.1035 0.34448819,
  57.166036 -46.105126 0.34448819,57.164431 -46.107533 0.34448819,
  57.162385 -46.109579 0.34448819,57.161267 -46.11228 0.34448819,
  57.159645 -46.114713 0.34448819,57.159083 -46.11755 0.34448819,
  57.157976 -46.120223 0.34448819,59.102362 -43.375 0.34448819,
  59.111402 -43.373202 0.34448819,59.124186 -43.360418 0.34448819,
  59.125984 -43.351378 0.34448819,59.125984 -42.441929 0.34448819,
  59.551181 -42.441929 0.34448819,59.560221 -42.440131 0.34448819,
  59.573005 -42.427347 0.34448819,59.573005 -42.409267 0.34448819,
  59.560221 -42.396483 0.34448819,59.551181 -42.394685 0.34448819,
  59.125984 -42.394685 0.34448819,59.125984 -41.485236 0.34448819,
  59.124186 -41.476196 0.34448819,59.111402 -41.463412 0.34448819,
  59.102362 -41.461614 0.34448819,56.251969 -41.461614 0.34448819,
  56.242929 -41.463412 0.34448819,56.235265 -41.468533 0.34448819,
  55.956693 -41.747105 0.34448819,55.67812 -41.468533 0.34448819,
  55.670457 -41.463412 0.34448819,55.661417 -41.461614 0.34448819,
  55.070866 -41.461614 0.34448819,55.061826 -41.463412 0.34448819,
  55.049042 -41.476196 0.34448819,55.047244 -41.485236 0.34448819,
  55.047244 -42.394685 0.34448819,54.622047 -42.394685 0.34448819,
  54.613007 -42.396483 0.34448819,54.600223 -42.409267 0.34448819,
  54.600223 -42.427347 0.34448819,54.613007 -42.440131 0.34448819,
  54.622047 -42.441929 0.34448819,55.047244 -42.441929 0.34448819,
  55.047244 -43.327756 0.34448819,55.047244 -43.351378 0.34448819,
  55.049042 -43.360418 0.34448819,55.061826 -43.373202 0.34448819,
  55.070866 -43.375 0.34448819,55.661417 -43.375 0.34448819,
  55.670457 -43.373202 0.34448819,55.67812 -43.368081 0.34448819,
  55.956693 -43.089509 0.34448819,56.235265 -43.368081 0.34448819,
  56.242929 -43.373202 0.34448819,56.251969 -43.375 0.34448819,
  59.07874 -41.508858 0.34448819,59.07874 -43.327756 0.34448819,
  56.261753 -43.327756 0.34448819,55.973396 -43.039399 0.34448819,
  55.965733 -43.034278 0.34448819,55.947653 -43.034278 0.34448819,
  55.939989 -43.039399 0.34448819,55.651633 -43.327756 0.34448819,
  55.094488 -43.327756 0.34448819,55.094488 -41.508858 0.34448819,
  55.651633 -41.508858 0.34448819,55.939989 -41.797215 0.34448819,
  55.947653 -41.802336 0.34448819,55.965733 -41.802336 0.34448819,
  55.973396 -41.797215 0.34448819,56.261753 -41.508858 0.34448819,
  50.93353 -42.026857 0.34448819,50.897656 -42.080668 0.34448819,
  50.865617 -42.112707 0.34448819,50.832408 -42.129311 0.34448819,
  50.827509 -42.132395 0.34448819,50.819961 -42.141099 0.34448819,
  50.816317 -42.152028 0.34448819,50.817134 -42.16352 0.34448819,
  50.822286 -42.173826 0.34448819,50.83099 -42.181374 0.34448819,
  50.84192 -42.185017 0.34448819,50.853412 -42.184201 0.34448819,
  50.858818 -42.182132 0.34448819,50.896313 -42.163384 0.34448819,
  50.898793 -42.161823 0.34448819,50.899513 -42.161525 0.34448819,
  50.900322 -42.16086 0.34448819,50.901212 -42.160301 0.34448819,
  50.901724 -42.159711 0.34448819,50.903987 -42.157853 0.34448819,
  50.928571 -42.133269 0.34448819,50.928571 -42.407409 0.34448819,
  50.845613 -42.407409 0.34448819,50.839852 -42.407976 0.34448819,
  50.829208 -42.412385 0.34448819,50.821062 -42.420532 0.34448819,
  50.816653 -42.431176 0.34448819,50.816653 -42.442697 0.34448819,
  50.821062 -42.453341 0.34448819,50.829208 -42.461488 0.34448819,
  50.839852 -42.465897 0.34448819,50.845613 -42.466464 0.34448819,
  51.070585 -42.466464 0.34448819,51.076345 -42.465897 0.34448819,
  51.086989 -42.461488 0.34448819,51.095136 -42.453341 0.34448819,
  51.099545 -42.442697 0.34448819,51.099545 -42.431176 0.34448819,
  51.095136 -42.420532 0.34448819,51.086989 -42.412385 0.34448819,
  51.076345 -42.407976 0.34448819,51.070585 -42.407409 0.34448819,
  50.987626 -42.407409 0.34448819,50.987626 -42.043236 0.34448819,
  50.987624 -42.043215 0.34448819,50.987626 -42.043205 0.34448819,
  50.98762 -42.043174 0.34448819,50.987059 -42.037475 0.34448819,
  50.98594 -42.034774 0.34448819,50.985367 -42.031907 0.34448819,
  50.983757 -42.029503 0.34448819,50.98265 -42.026831 0.34448819,
  50.980583 -42.024765 0.34448819,50.978956 -42.022335 0.34448819,
  50.976548 -42.020729 0.34448819,50.974504 -42.018685 0.34448819,
  50.971803 -42.017566 0.34448819,50.96937 -42.015944 0.34448819,
  50.966532 -42.015383 0.34448819,50.963859 -42.014276 0.34448819,
  50.960935 -42.014276 0.34448819,50.958068 -42.013708 0.34448819,
  50.955231 -42.014276 0.34448819,50.952338 -42.014276 0.34448819,
  50.949637 -42.015394 0.34448819,50.946771 -42.015968 0.34448819,
  50.944367 -42.017577 0.34448819,50.941694 -42.018685 0.34448819,
  50.939627 -42.020752 0.34448819,50.937198 -42.022378 0.34448819,
  50.933568 -42.026811 0.34448819,50.933548 -42.026831 0.34448819,
  50.933544 -42.02684 0.34448819,50.762422 -42.046929 0.34448819,
  50.761606 -42.035437 0.34448819,50.756454 -42.025132 0.34448819,
  50.74775 -42.017583 0.34448819,50.73682 -42.01394 0.34448819,
  50.725328 -42.014757 0.34448819,50.715023 -42.019909 0.34448819,
  50.707474 -42.028613 0.34448819,50.705115 -42.033898 0.34448819,
  50.601893 -42.343562 0.34448819,50.498672 -42.033898 0.34448819,
  50.496312 -42.028613 0.34448819,50.488763 -42.019909 0.34448819,
  50.478459 -42.014757 0.34448819,50.466967 -42.01394 0.34448819,
  50.456037 -42.017583 0.34448819,50.447333 -42.025132 0.34448819,
  50.442181 -42.035437 0.34448819,50.441364 -42.046929 0.34448819,
  50.442648 -42.052573 0.34448819,50.573881 -42.446274 0.34448819,
  50.576241 -42.451559 0.34448819,50.577623 -42.453153 0.34448819,
  50.578567 -42.45504 0.34448819,50.581365 -42.457467 0.34448819,
  50.58379 -42.460263 0.34448819,50.585675 -42.461206 0.34448819,
  50.58727 -42.462589 0.34448819,50.590784 -42.46376 0.34448819,
  50.594094 -42.465415 0.34448819,50.596198 -42.465565 0.34448819,
  50.5982 -42.466232 0.34448819,50.601893 -42.46597 0.34448819,
  50.605586 -42.466232 0.34448819,50.607588 -42.465565 0.34448819,
  50.609693 -42.465415 0.34448819,50.613004 -42.463759 0.34448819,
  50.616516 -42.462589 0.34448819,50.618109 -42.461207 0.34448819,
  50.619997 -42.460263 0.34448819,50.622423 -42.457466 0.34448819,
  50.62522 -42.45504 0.34448819,50.626163 -42.453154 0.34448819,
  50.627546 -42.45156 0.34448819,50.629906 -42.446274 0.34448819,
  50.761139 -42.052573 0.34448819,56.793894 -40.912261 0.34448819,
  56.792036 -40.914524 0.34448819,56.791446 -40.915036 0.34448819,
  56.790887 -40.915926 0.34448819,56.790222 -40.916735 0.34448819,
  56.789924 -40.917455 0.34448819,56.788363 -40.919935 0.34448819,
  56.769615 -40.95743 0.34448819,56.769454 -40.957851 0.34448819,
  56.769327 -40.958023 0.34448819,56.768467 -40.960432 0.34448819,
  56.767546 -40.962837 0.34448819,56.767531 -40.963049 0.34448819,
  56.76738 -40.963474 0.34448819,56.748632 -41.038465 0.34448819,
  56.748484 -41.039463 0.34448819,56.748318 -41.039865 0.34448819,
  56.748104 -41.042035 0.34448819,56.747785 -41.044191 0.34448819,
  56.747849 -41.04462 0.34448819,56.74775 -41.045626 0.34448819,
  56.74775 -41.101869 0.34448819,56.747849 -41.102874 0.34448819,
  56.747785 -41.103304 0.34448819,56.748104 -41.105459 0.34448819,
  56.748318 -41.10763 0.34448819,56.748484 -41.108031 0.34448819,
  56.748632 -41.10903 0.34448819,56.76738 -41.184021 0.34448819,
  56.767531 -41.184446 0.34448819,56.767546 -41.184658 0.34448819,
  56.768463 -41.187052 0.34448819,56.769327 -41.189472 0.34448819,
  56.769454 -41.189643 0.34448819,56.769615 -41.190065 0.34448819,
  56.788363 -41.22756 0.34448819,56.789923 -41.230039 0.34448819,
  56.790222 -41.230759 0.34448819,56.790887 -41.231569 0.34448819,
  56.791446 -41.232459 0.34448819,56.792036 -41.23297 0.34448819,
  56.793894 -41.235234 0.34448819,56.831389 -41.27273 0.34448819,
  56.835864 -41.276402 0.34448819,56.836844 -41.276808 0.34448819,
  56.837645 -41.277503 0.34448819,56.842931 -41.279863 0.34448819,
  56.899174 -41.29861 0.34448819,56.90203 -41.299259 0.34448819,
  56.902751 -41.299558 0.34448819,56.903795 -41.299661 0.34448819,
  56.904818 -41.299894 0.34448819,56.905595 -41.299838 0.34448819,
  56.908511 -41.300126 0.34448819,56.946007 -41.300126 0.34448819,
  56.948922 -41.299838 0.34448819,56.9497 -41.299894 0.34448819,
  56.950722 -41.299661 0.34448819,56.951767 -41.299558 0.34448819,
  56.952488 -41.299259 0.34448819,56.955344 -41.29861 0.34448819,
  57.011587 -41.279863 0.34448819,57.016872 -41.277503 0.34448819,
  57.017674 -41.276807 0.34448819,57.018654 -41.276402 0.34448819,
  57.023129 -41.272729 0.34448819,57.041876 -41.253981 0.34448819,
  57.045549 -41.249507 0.34448819,57.049957 -41.238863 0.34448819,
  57.049957 -41.227342 0.34448819,57.045548 -41.216698 0.34448819,
  57.037402 -41.208551 0.34448819,57.026757 -41.204142 0.34448819,
  57.015237 -41.204142 0.34448819,57.004593 -41.208551 0.34448819,
  57.000118 -41.212224 0.34448819,56.986299 -41.226042 0.34448819,
  56.941215 -41.24107 0.34448819,56.913303 -41.24107 0.34448819,
  56.868219 -41.226043 0.34448819,56.839041 -41.196864 0.34448819,
  56.823885 -41.166554 0.34448819,56.806806 -41.098233 0.34448819,
  56.806806 -41.049261 0.34448819,56.823885 -40.980941 0.34448819,
  56.839041 -40.950631 0.34448819,56.868219 -40.921453 0.34448819,
  56.913303 -40.906425 0.34448819,56.941215 -40.906425 0.34448819,
  56.986299 -40.921453 0.34448819,57.000118 -40.935272 0.34448819,
  57.004593 -40.938944 0.34448819,57.015237 -40.943353 0.34448819,
  57.026757 -40.943353 0.34448819,57.037402 -40.938944 0.34448819,
  57.045548 -40.930797 0.34448819,57.049957 -40.920153 0.34448819,
  57.049957 -40.908632 0.34448819,57.045548 -40.897988 0.34448819,
  57.041876 -40.893513 0.34448819,57.023129 -40.874766 0.34448819,
  57.018654 -40.871094 0.34448819,57.017674 -40.870687 0.34448819,
  57.016872 -40.869993 0.34448819,57.011587 -40.867633 0.34448819,
  56.955344 -40.848885 0.34448819,56.952488 -40.848235 0.34448819,
  56.951767 -40.847937 0.34448819,56.950722 -40.847834 0.34448819,
  56.9497 -40.847602 0.34448819,56.948922 -40.847657 0.34448819,
  56.946007 -40.84737 0.34448819,56.908511 -40.84737 0.34448819,
  56.905595 -40.847657 0.34448819,56.904818 -40.847602 0.34448819,
  56.903795 -40.847834 0.34448819,56.902751 -40.847937 0.34448819,
  56.90203 -40.848235 0.34448819,56.899174 -40.848885 0.34448819,
  56.842931 -40.867633 0.34448819,56.837645 -40.869993 0.34448819,
  56.836844 -40.870687 0.34448819,56.835864 -40.871093 0.34448819,
  56.831389 -40.874766 0.34448819,57.258896 -40.860518 0.34448819,
  57.223022 -40.914329 0.34448819,57.190983 -40.946368 0.34448819,
  57.157774 -40.962973 0.34448819,57.152875 -40.966056 0.34448819,
  57.145326 -40.97476 0.34448819,57.141683 -40.98569 0.34448819,
  57.1425 -40.997182 0.34448819,57.147652 -41.007487 0.34448819,
  57.156356 -41.015035 0.34448819,57.167285 -41.018679 0.34448819,
  57.178778 -41.017862 0.34448819,57.184184 -41.015793 0.34448819,
  57.221679 -40.997046 0.34448819,57.224159 -40.995485 0.34448819,
  57.224879 -40.995187 0.34448819,57.225688 -40.994522 0.34448819,
  57.226578 -40.993962 0.34448819,57.227089 -40.993372 0.34448819,
  57.229353 -40.991515 0.34448819,57.253937 -40.966931 0.34448819,
  57.253937 -41.24107 0.34448819,57.170979 -41.24107 0.34448819,
  57.165218 -41.241638 0.34448819,57.154574 -41.246047 0.34448819,
  57.146428 -41.254193 0.34448819,57.142019 -41.264837 0.34448819,
  57.142019 -41.276359 0.34448819,57.146428 -41.287003 0.34448819,
  57.154574 -41.295149 0.34448819,57.165218 -41.299558 0.34448819,
  57.170979 -41.300126 0.34448819,57.39595 -41.300126 0.34448819,
  57.401711 -41.299558 0.34448819,57.412355 -41.295149 0.34448819,
  57.420502 -41.287003 0.34448819,57.424911 -41.276359 0.34448819,
  57.424911 -41.264837 0.34448819,57.420502 -41.254193 0.34448819,
  57.412355 -41.246047 0.34448819,57.401711 -41.241638 0.34448819,
  57.39595 -41.24107 0.34448819,57.312992 -41.24107 0.34448819,
  57.312992 -40.876897 0.34448819,57.31299 -40.876876 0.34448819,
  57.312992 -40.876866 0.34448819,57.312986 -40.876836 0.34448819,
  57.312425 -40.871137 0.34448819,57.311306 -40.868435 0.34448819,
  57.310733 -40.865569 0.34448819,57.309122 -40.863165 0.34448819,
  57.308016 -40.860493 0.34448819,57.305949 -40.858426 0.34448819,
  57.304322 -40.855996 0.34448819,57.301914 -40.854391 0.34448819,
  57.299869 -40.852346 0.34448819,57.297169 -40.851227 0.34448819,
  57.294736 -40.849606 0.34448819,57.291898 -40.849044 0.34448819,
  57.289225 -40.847937 0.34448819,57.286301 -40.847937 0.34448819,
  57.283433 -40.84737 0.34448819,57.280597 -40.847937 0.34448819,
  57.277704 -40.847937 0.34448819,57.275003 -40.849056 0.34448819,
  57.272137 -40.849629 0.34448819,57.269733 -40.851239 0.34448819,
  57.26706 -40.852346 0.34448819,57.264993 -40.854413 0.34448819,
  57.262564 -40.85604 0.34448819,57.258933 -40.860472 0.34448819,
  57.258913 -40.860493 0.34448819,57.258909 -40.860501 0.34448819,
  47.537572 -40.435842 0.34448819,47.524788 -40.423058 0.34448819,
  47.506708 -40.423058 0.34448819,47.493924 -40.435842 0.34448819,
  47.492126 -40.444882 0.34448819,47.492126 -40.594488 0.34448819,
  47.493924 -40.603528 0.34448819,47.506708 -40.616312 0.34448819,
  47.515748 -40.61811 0.34448819,53.114173 -40.61811 0.34448819,
  53.123213 -40.616312 0.34448819,53.135997 -40.603528 0.34448819,
  53.137795 -40.594488 0.34448819,53.137795 -38.476378 0.34448819,
  53.135997 -38.467338 0.34448819,53.123213 -38.454554 0.34448819,
  53.105133 -38.454554 0.34448819,53.092349 -38.467338 0.34448819,
  53.090551 -38.476378 0.34448819,53.090551 -40.570866 0.34448819,
  47.53937 -40.570866 0.34448819,47.53937 -40.444882 0.34448819,
  47.53937 -36.507874 0.34448819,47.537572 -36.498834 0.34448819,
  47.524788 -36.48605 0.34448819,47.506708 -36.48605 0.34448819,
  47.493924 -36.498834 0.34448819,47.492126 -36.507874 0.34448819,
  47.492126 -39.082677 0.34448819,47.493924 -39.091717 0.34448819,
  47.506708 -39.104501 0.34448819,47.524788 -39.104501 0.34448819,
  47.537572 -39.091717 0.34448819,47.53937 -39.082677 0.34448819,
  53.092349 -37.123213 0.34448819,53.105133 -37.135997 0.34448819,
  53.123213 -37.135997 0.34448819,53.135997 -37.123213 0.34448819,
  53.137795 -37.114173 0.34448819,53.137795 -34.996063 0.34448819,
  53.135997 -34.987023 0.34448819,53.123213 -34.974239 0.34448819,
  53.114173 -34.972441 0.34448819,47.515748 -34.972441 0.34448819,
  47.506708 -34.974239 0.34448819,47.493924 -34.987023 0.34448819,
  47.492126 -34.996063 0.34448819,47.492126 -35.145669 0.34448819,
  47.493924 -35.154709 0.34448819,47.506708 -35.167493 0.34448819,
  47.524788 -35.167493 0.34448819,47.537572 -35.154709 0.34448819,
  47.53937 -35.145669 0.34448819,47.53937 -35.019685 0.34448819,
  53.090551 -35.019685 0.34448819,53.090551 -37.114173 0.34448819,
  50.703037 -34.303078 0.34448819,50.459318 -34.303078 0.34448819,
  50.453557 -34.303646 0.34448819,50.442913 -34.308055 0.34448819,
  50.434767 -34.316201 0.34448819,50.430357 -34.326845 0.34448819,
  50.430357 -34.338367 0.34448819,50.434767 -34.349011 0.34448819,
  50.442913 -34.357157 0.34448819,50.453557 -34.361566 0.34448819,
  50.459318 -34.362133 0.34448819,50.637965 -34.362133 0.34448819,
  50.549582 -34.463143 0.34448819,50.547802 -34.465633 0.34448819,
  50.547252 -34.466182 0.34448819,50.547036 -34.466703 0.34448819,
  50.546215 -34.467852 0.34448819,50.544679 -34.472394 0.34448819,
  50.542843 -34.476826 0.34448819,50.542843 -34.477822 0.34448819,
  50.542524 -34.478766 0.34448819,50.542843 -34.48355 0.34448819,
  50.542843 -34.488348 0.34448819,50.543224 -34.489267 0.34448819,
  50.543291 -34.490261 0.34448819,50.545417 -34.494562 0.34448819,
  50.547252 -34.498992 0.34448819,50.547956 -34.499695 0.34448819,
  50.548398 -34.500589 0.34448819,50.552009 -34.503748 0.34448819,
  50.555399 -34.507138 0.34448819,50.556319 -34.507519 0.34448819,
  50.557069 -34.508175 0.34448819,50.561611 -34.509711 0.34448819,
  50.566043 -34.511547 0.34448819,50.567448 -34.511685 0.34448819,
  50.567982 -34.511866 0.34448819,50.568757 -34.511814 0.34448819,
  50.571804 -34.512115 0.34448819,50.621076 -34.512115 0.34448819,
  50.648051 -34.525602 0.34448819,50.660022 -34.537573 0.34448819,
  50.673509 -34.564548 0.34448819,50.673509 -34.644345 0.34448819,
  50.660022 -34.67132 0.34448819,50.64805 -34.683292 0.34448819,
  50.621076 -34.696779 0.34448819,50.522531 -34.696779 0.34448819,
  50.495556 -34.683292 0.34448819,50.480197 -34.667932 0.34448819,
  50.475722 -34.66426 0.34448819,50.465078 -34.659851 0.34448819,
  50.453557 -34.659851 0.34448819,50.442913 -34.664259 0.34448819,
  50.434767 -34.672406 0.34448819,50.430357 -34.68305 0.34448819,
  50.430357 -34.694571 0.34448819,50.434766 -34.705215 0.34448819,
  50.438438 -34.70969 0.34448819,50.457186 -34.728438 0.34448819,
  50.459449 -34.730295 0.34448819,50.459961 -34.730886 0.34448819,
  50.460851 -34.731446 0.34448819,50.461661 -34.73211 0.34448819,
  50.46238 -34.732408 0.34448819,50.46486 -34.733969 0.34448819,
  50.502356 -34.752717 0.34448819,50.507761 -34.754786 0.34448819,
  50.50882 -34.754861 0.34448819,50.5098 -34.755267 0.34448819,
  50.515561 -34.755834 0.34448819,50.628046 -34.755834 0.34448819,
  50.633807 -34.755267 0.34448819,50.634787 -34.754861 0.34448819,
  50.635845 -34.754786 0.34448819,50.641252 -34.752717 0.34448819,
  50.678747 -34.733969 0.34448819,50.681227 -34.732408 0.34448819,
  50.681946 -34.73211 0.34448819,50.682756 -34.731446 0.34448819,
  50.683646 -34.730886 0.34448819,50.684157 -34.730295 0.34448819,
  50.686421 -34.728438 0.34448819,50.705169 -34.70969 0.34448819,
  50.707026 -34.707426 0.34448819,50.707616 -34.706915 0.34448819,
  50.708176 -34.706026 0.34448819,50.708841 -34.705215 0.34448819,
  50.709139 -34.704495 0.34448819,50.7107 -34.702016 0.34448819,
  50.729447 -34.664521 0.34448819,50.731516 -34.659115 0.34448819,
  50.731591 -34.658056 0.34448819,50.731997 -34.657076 0.34448819,
  50.732565 -34.651316 0.34448819,50.732565 -34.557578 0.34448819,
  50.731997 -34.551817 0.34448819,50.731591 -34.550837 0.34448819,
  50.731516 -34.549778 0.34448819,50.729447 -34.544372 0.34448819,
  50.7107 -34.506877 0.34448819,50.709139 -34.504397 0.34448819,
  50.708841 -34.503678 0.34448819,50.708176 -34.502868 0.34448819,
  50.707616 -34.501978 0.34448819,50.707026 -34.501467 0.34448819,
  50.705169 -34.499203 0.34448819,50.686421 -34.480456 0.34448819,
  50.684157 -34.478598 0.34448819,50.683646 -34.478008 0.34448819,
  50.682756 -34.477448 0.34448819,50.681946 -34.476783 0.34448819,
  50.681227 -34.476485 0.34448819,50.678747 -34.474924 0.34448819,
  50.641252 -34.456177 0.34448819,50.63593 -34.45414 0.34448819,
  50.725259 -34.35205 0.34448819,50.727039 -34.34956 0.34448819,
  50.727588 -34.349011 0.34448819,50.727804 -34.348489 0.34448819,
  50.728625 -34.347341 0.34448819,50.730161 -34.342798 0.34448819,
  50.731997 -34.338367 0.34448819,50.731997 -34.33737 0.34448819,
  50.732316 -34.336427 0.34448819,50.731997 -34.331642 0.34448819,
  50.731997 -34.326845 0.34448819,50.731616 -34.325925 0.34448819,
  50.73155 -34.324932 0.34448819,50.729423 -34.32063 0.34448819,
  50.727588 -34.316201 0.34448819,50.726885 -34.315498 0.34448819,
  50.726443 -34.314604 0.34448819,50.722831 -34.311444 0.34448819,
  50.719442 -34.308055 0.34448819,50.718522 -34.307673 0.34448819,
  50.717772 -34.307018 0.34448819,50.71323 -34.305481 0.34448819,
  50.708798 -34.303646 0.34448819,50.707392 -34.303507 0.34448819,
  50.706858 -34.303327 0.34448819,50.706083 -34.303378 0.34448819,
  50.303794 -34.546493 0.34448819,50.306274 -34.544931 0.34448819,
  50.306993 -34.544633 0.34448819,50.307803 -34.543969 0.34448819,
  50.308693 -34.543409 0.34448819,50.309204 -34.542819 0.34448819,
  50.311468 -34.540961 0.34448819,50.330215 -34.522214 0.34448819,
  50.332073 -34.51995 0.34448819,50.332663 -34.519439 0.34448819,
  50.333222 -34.518549 0.34448819,50.333887 -34.517739 0.34448819,
  50.334185 -34.51702 0.34448819,50.335746 -34.51454 0.34448819,
  50.354494 -34.477044 0.34448819,50.356563 -34.471639 0.34448819,
  50.356638 -34.47058 0.34448819,50.357044 -34.4696 0.34448819,
  50.357611 -34.463839 0.34448819,50.357611 -34.407596 0.34448819,
  50.357044 -34.401836 0.34448819,50.356638 -34.400856 0.34448819,
  50.356563 -34.399797 0.34448819,50.354494 -34.394391 0.34448819,
  50.335746 -34.356896 0.34448819,50.334185 -34.354416 0.34448819,
  50.333887 -34.353696 0.34448819,50.333222 -34.352887 0.34448819,
  50.332663 -34.351997 0.34448819,50.332073 -34.351485 0.34448819,
  50.330215 -34.349222 0.34448819,50.311468 -34.330474 0.34448819,
  50.309204 -34.328617 0.34448819,50.308693 -34.328027 0.34448819,
  50.307803 -34.327467 0.34448819,50.306993 -34.326802 0.34448819,
  50.306274 -34.326504 0.34448819,50.303794 -34.324943 0.34448819,
  50.266298 -34.306196 0.34448819,50.260892 -34.304127 0.34448819,
  50.259834 -34.304052 0.34448819,50.258854 -34.303646 0.34448819,
  50.253093 -34.303078 0.34448819,50.103112 -34.303078 0.34448819,
  50.097352 -34.303646 0.34448819,50.086707 -34.308055 0.34448819,
  50.078561 -34.316201 0.34448819,50.074152 -34.326845 0.34448819,
  50.073585 -34.332606 0.34448819,50.073585 -34.509302 0.34448819,
  50.073585 -34.726307 0.34448819,50.074152 -34.732067 0.34448819,
  50.078561 -34.742711 0.34448819,50.086707 -34.750858 0.34448819,
  50.097352 -34.755267 0.34448819,50.108873 -34.755267 0.34448819,
  50.119517 -34.750858 0.34448819,50.127663 -34.742711 0.34448819,
  50.132072 -34.732067 0.34448819,50.13264 -34.726307 0.34448819,
  50.13264 -34.568357 0.34448819,50.181477 -34.568357 0.34448819,
  50.303894 -34.74324 0.34448819,50.307662 -34.747633 0.34448819,
  50.317378 -34.753825 0.34448819,50.328724 -34.755828 0.34448819,
  50.339972 -34.753335 0.34448819,50.349411 -34.746728 0.34448819,
  50.355602 -34.737013 0.34448819,50.357604 -34.725667 0.34448819,
  50.355113 -34.714419 0.34448819,50.352274 -34.709374 0.34448819,
  50.253532 -34.568314 0.34448819,50.258854 -34.56779 0.34448819,
  50.259834 -34.567384 0.34448819,50.260892 -34.567309 0.34448819,
  50.266298 -34.56524 0.34448819,50.298556 -34.414567 0.34448819,
  50.298556 -34.456869 0.34448819,50.285069 -34.483844 0.34448819,
  50.273098 -34.495815 0.34448819,50.246123 -34.509302 0.34448819,
  50.13264 -34.509302 0.34448819,50.13264 -34.362133 0.34448819,
  50.246123 -34.362133 0.34448819,50.273098 -34.375621 0.34448819,
  50.285069 -34.387592 0.34448819,59.965218 -33.769759 0.34448819,
  59.960809 -33.759115 0.34448819,59.952663 -33.750968 0.34448819,
  59.942019 -33.746559 0.34448819,59.930497 -33.746559 0.34448819,
  59.919853 -33.750968 0.34448819,59.911707 -33.759115 0.34448819,
  59.907298 -33.769759 0.34448819,59.90673 -33.775519 0.34448819,
  59.90673 -34.094229 0.34448819,59.907298 -34.09999 0.34448819,
  59.907704 -34.10097 0.34448819,59.907779 -34.102028 0.34448819,
  59.909848 -34.107434 0.34448819,59.928595 -34.14493 0.34448819,
  59.930156 -34.147408 0.34448819,59.930454 -34.148129 0.34448819,
  59.931119 -34.148939 0.34448819,59.931679 -34.149828 0.34448819,
  59.932269 -34.15034 0.34448819,59.934126 -34.152603 0.34448819,
  59.952874 -34.171351 0.34448819,59.955137 -34.173209 0.34448819,
  59.955649 -34.173799 0.34448819,59.956539 -34.174359 0.34448819,
  59.957348 -34.175024 0.34448819,59.958068 -34.175322 0.34448819,
  59.960548 -34.176883 0.34448819,59.998043 -34.19563 0.34448819,
  60.003449 -34.197699 0.34448819,60.004508 -34.197774 0.34448819,
  60.005488 -34.19818 0.34448819,60.011248 -34.198748 0.34448819,
  60.086239 -34.198748 0.34448819,60.092 -34.19818 0.34448819,
  60.09298 -34.197774 0.34448819,60.094038 -34.197699 0.34448819,
  60.099444 -34.19563 0.34448819,60.136939 -34.176883 0.34448819,
  60.139419 -34.175322 0.34448819,60.140139 -34.175024 0.34448819,
  60.140948 -34.174359 0.34448819,60.141838 -34.173799 0.34448819,
  60.14235 -34.173209 0.34448819,60.144614 -34.171351 0.34448819,
  60.163361 -34.152604 0.34448819,60.165219 -34.15034 0.34448819,
  60.165809 -34.149828 0.34448819,60.166368 -34.148939 0.34448819,
  60.167033 -34.148129 0.34448819,60.167331 -34.147408 0.34448819,
  60.168892 -34.14493 0.34448819,60.18764 -34.107434 0.34448819,
  60.189709 -34.102028 0.34448819,60.189784 -34.100969 0.34448819,
  60.19019 -34.09999 0.34448819,60.190757 -34.094229 0.34448819,
  60.190757 -33.775519 0.34448819,60.19019 -33.769759 0.34448819,
  60.185781 -33.759115 0.34448819,60.177634 -33.750968 0.34448819,
  60.16699 -33.746559 0.34448819,60.155469 -33.746559 0.34448819,
  60.144825 -33.750968 0.34448819,60.136678 -33.759115 0.34448819,
  60.132269 -33.769759 0.34448819,60.131702 -33.775519 0.34448819,
  60.131702 -34.087259 0.34448819,60.118214 -34.114233 0.34448819,
  60.106243 -34.126205 0.34448819,60.079269 -34.139693 0.34448819,
  60.018219 -34.139693 0.34448819,59.991244 -34.126205 0.34448819,
  59.979273 -34.114233 0.34448819,59.965785 -34.087259 0.34448819,
  59.965785 -33.775519 0.34448819,60.417876 -33.75914 0.34448819,
  60.382002 -33.812951 0.34448819,60.349963 -33.84499 0.34448819,
  60.316754 -33.861595 0.34448819,60.311855 -33.864678 0.34448819,
  60.304306 -33.873382 0.34448819,60.300663 -33.884312 0.34448819,
  60.30148 -33.895804 0.34448819,60.306632 -33.906109 0.34448819,
  60.315336 -33.913657 0.34448819,60.326265 -33.917301 0.34448819,
  60.337757 -33.916484 0.34448819,60.343164 -33.914415 0.34448819,
  60.380659 -33.895668 0.34448819,60.383139 -33.894107 0.34448819,
  60.383859 -33.893809 0.34448819,60.384668 -33.893144 0.34448819,
  60.385558 -33.892584 0.34448819,60.386069 -33.891994 0.34448819,
  60.388333 -33.890137 0.34448819,60.412917 -33.865553 0.34448819,
  60.412917 -34.139693 0.34448819,60.329959 -34.139693 0.34448819,
  60.324198 -34.14026 0.34448819,60.313554 -34.144669 0.34448819,
  60.305407 -34.152815 0.34448819,60.300998 -34.163459 0.34448819,
  60.300998 -34.174981 0.34448819,60.305407 -34.185625 0.34448819,
  60.313554 -34.193771 0.34448819,60.324198 -34.19818 0.34448819,
  60.329959 -34.198748 0.34448819,60.55493 -34.198748 0.34448819,
  60.560691 -34.19818 0.34448819,60.571335 -34.193771 0.34448819,
  60.579481 -34.185625 0.34448819,60.583891 -34.174981 0.34448819,
  60.583891 -34.163459 0.34448819,60.579481 -34.152815 0.34448819,
  60.571335 -34.144669 0.34448819,60.560691 -34.14026 0.34448819,
  60.55493 -34.139693 0.34448819,60.471972 -34.139693 0.34448819,
  60.471972 -33.775519 0.34448819,60.47197 -33.775498 0.34448819,
  60.471972 -33.775488 0.34448819,60.471966 -33.775458 0.34448819,
  60.471405 -33.769759 0.34448819,60.470286 -33.767057 0.34448819,
  60.469713 -33.764191 0.34448819,60.468102 -33.761787 0.34448819,
  60.466996 -33.759115 0.34448819,60.464929 -33.757048 0.34448819,
  60.463302 -33.754618 0.34448819,60.460894 -33.753013 0.34448819,
  60.458849 -33.750968 0.34448819,60.456148 -33.749849 0.34448819,
  60.453716 -33.748228 0.34448819,60.450878 -33.747666 0.34448819,
  60.448205 -33.746559 0.34448819,60.445281 -33.746559 0.34448819,
  60.442413 -33.745992 0.34448819,60.439577 -33.746559 0.34448819,
  60.436684 -33.746559 0.34448819,60.433983 -33.747678 0.34448819,
  60.431117 -33.748251 0.34448819,60.428713 -33.749861 0.34448819,
  60.42604 -33.750968 0.34448819,60.423972 -33.753035 0.34448819,
  60.421544 -33.754662 0.34448819,60.417913 -33.759094 0.34448819,
  60.417893 -33.759115 0.34448819,60.417889 -33.759123 0.34448819,
  54.653543 -41.528543 0.34448819,54.38189 -41.528543 0.34448819,
  54.37285 -41.530341 0.34448819,54.360066 -41.543126 0.34448819,
  54.360066 -41.561205 0.34448819,54.37285 -41.573989 0.34448819,
  54.38189 -41.575787 0.34448819,54.653543 -41.575787 0.34448819,
  54.653543 -41.847441 0.34448819,54.655341 -41.856481 0.34448819,
  54.668126 -41.869265 0.34448819,54.686205 -41.869265 0.34448819,
  54.698989 -41.856481 0.34448819,54.700787 -41.847441 0.34448819,
  54.700787 -41.575787 0.34448819,54.972441 -41.575787 0.34448819,
  54.981481 -41.573989 0.34448819,54.994265 -41.561205 0.34448819,
  54.994265 -41.543126 0.34448819,54.981481 -41.530341 0.34448819,
  54.972441 -41.528543 0.34448819,54.700787 -41.528543 0.34448819,
  54.700787 -41.25689 0.34448819,54.698989 -41.24785 0.34448819,
  54.686205 -41.235066 0.34448819,54.668126 -41.235066 0.34448819,
  54.655341 -41.24785 0.34448819,54.653543 -41.25689 0.34448819] }
 coordIndex [
  40,62,39,-1,39,62,34,-1,39,34,38,-1,38,34,36,-1,38,36,37,-1,55,0,7,-1,7,0,1,-1,7,1,6,-1,
  6,1,2,-1,6,2,5,-1,5,2,3,-1,5,3,4,-1,74,75,8,-1,8,75,76,-1,8,76,7,-1,7,76,55,-1,
  74,8,9,-1,74,9,10,-1,74,10,11,-1,74,11,12,-1,74,12,13,-1,74,13,14,-1,74,14,15,-1,74,15,16,-1,
  74,16,17,-1,74,17,18,-1,74,18,19,-1,74,19,20,-1,74,20,73,-1,26,68,25,-1,25,68,69,-1,25,69,24,-1,
  24,69,70,-1,24,70,23,-1,23,70,71,-1,23,71,22,-1,22,71,72,-1,22,72,21,-1,21,72,73,-1,21,73,20,-1,
  33,62,32,-1,32,62,63,-1,32,63,31,-1,31,63,64,-1,31,64,30,-1,30,64,65,-1,30,65,29,-1,29,65,66,-1,
  29,66,28,-1,28,66,67,-1,28,67,27,-1,27,67,68,-1,27,68,26,-1,62,40,41,-1,62,41,42,-1,62,42,43,-1,
  62,43,44,-1,62,44,61,-1,45,46,58,-1,45,58,59,-1,45,59,60,-1,45,60,61,-1,45,61,44,-1,49,52,48,-1,
  48,52,53,-1,48,53,47,-1,47,53,54,-1,47,54,46,-1,46,54,57,-1,46,57,58,-1,0,55,56,-1,0,56,57,-1,
  0,57,54,-1,50,51,52,-1,50,52,49,-1,85,86,87,-1,85,87,88,-1,85,88,89,-1,85,89,90,-1,85,90,91,-1,
  85,91,92,-1,85,92,110,-1,85,110,84,-1,110,77,84,-1,84,77,78,-1,84,78,83,-1,83,78,79,-1,83,79,82,-1,
  82,79,80,-1,82,80,81,-1,110,92,113,-1,113,92,93,-1,113,93,112,-1,112,93,101,-1,112,101,102,-1,103,104,102,-1,
  102,104,109,-1,102,109,111,-1,111,109,77,-1,111,77,110,-1,109,104,105,-1,109,105,106,-1,109,106,107,-1,109,107,108,-1,
  96,99,95,-1,95,99,100,-1,95,100,94,-1,94,100,101,-1,94,101,93,-1,97,98,99,-1,97,99,96,-1,122,123,124,-1,
  122,124,125,-1,122,125,126,-1,122,126,127,-1,122,127,128,-1,122,128,129,-1,122,129,147,-1,122,147,121,-1,147,114,121,-1,
  121,114,115,-1,121,115,120,-1,120,115,116,-1,120,116,119,-1,119,116,117,-1,119,117,118,-1,147,129,150,-1,150,129,130,-1,
  150,130,149,-1,149,130,138,-1,149,138,139,-1,140,141,139,-1,139,141,146,-1,139,146,148,-1,148,146,114,-1,148,114,147,-1,
  146,141,142,-1,146,142,143,-1,146,143,144,-1,146,144,145,-1,133,136,132,-1,132,136,137,-1,132,137,131,-1,131,137,138,-1,
  131,138,130,-1,134,135,136,-1,134,136,133,-1,212,213,207,-1,212,207,208,-1,212,208,209,-1,212,209,210,-1,212,210,211,-1,
  204,205,215,-1,215,205,206,-1,215,206,214,-1,214,206,207,-1,214,207,213,-1,216,217,202,-1,216,202,203,-1,216,204,215,-1,
  217,218,200,-1,217,200,201,-1,217,201,202,-1,200,218,219,-1,200,219,220,-1,200,220,221,-1,200,221,222,-1,200,222,223,-1,
  200,223,224,-1,200,224,225,-1,200,225,226,-1,200,226,199,-1,199,226,227,-1,199,227,228,-1,199,228,229,-1,199,229,230,-1,
  199,230,231,-1,199,231,232,-1,199,232,233,-1,199,233,198,-1,197,198,233,-1,197,233,234,-1,197,234,235,-1,197,235,236,-1,
  197,236,237,-1,197,237,238,-1,197,238,196,-1,186,191,185,-1,185,191,192,-1,185,192,184,-1,184,192,193,-1,184,193,151,-1,
  151,193,194,-1,151,194,238,-1,238,194,195,-1,238,195,196,-1,294,288,293,-1,293,288,289,-1,293,289,292,-1,292,289,290,-1,
  292,290,291,-1,288,294,295,-1,288,295,296,-1,288,296,297,-1,288,297,287,-1,286,287,298,-1,286,298,299,-1,286,299,300,-1,
  286,300,301,-1,286,301,302,-1,286,302,303,-1,286,303,304,-1,286,304,305,-1,286,305,306,-1,286,306,307,-1,286,307,308,-1,
  286,308,309,-1,286,309,310,-1,286,310,311,-1,286,311,312,-1,286,312,313,-1,286,313,314,-1,286,314,315,-1,286,315,239,-1,
  286,239,316,-1,286,316,317,-1,286,317,276,-1,286,276,285,-1,285,277,284,-1,284,277,278,-1,284,278,283,-1,283,278,279,-1,
  283,279,282,-1,282,279,280,-1,282,280,281,-1,318,319,250,-1,318,250,251,-1,318,251,252,-1,318,252,253,-1,318,253,254,-1,
  318,254,255,-1,318,255,256,-1,318,256,275,-1,318,275,276,-1,318,276,317,-1,275,256,257,-1,275,257,258,-1,275,258,259,-1,
  275,259,260,-1,275,260,274,-1,274,260,261,-1,274,261,262,-1,274,262,263,-1,274,263,273,-1,272,273,263,-1,272,263,264,-1,
  272,264,265,-1,272,265,266,-1,272,266,267,-1,272,267,271,-1,271,267,268,-1,271,268,269,-1,271,269,270,-1,190,191,187,-1,
  190,187,188,-1,190,188,189,-1,151,152,184,-1,184,152,153,-1,184,153,183,-1,183,153,154,-1,183,154,155,-1,155,156,183,-1,
  183,156,157,-1,183,157,182,-1,182,157,158,-1,182,158,181,-1,181,158,159,-1,181,159,180,-1,180,159,160,-1,180,160,179,-1,
  179,160,161,-1,179,161,178,-1,178,161,162,-1,178,162,177,-1,177,162,163,-1,177,163,176,-1,176,163,164,-1,176,164,175,-1,
  175,164,165,-1,175,165,174,-1,174,165,166,-1,174,166,173,-1,173,166,167,-1,173,167,172,-1,172,167,168,-1,172,168,171,-1,
  171,168,169,-1,171,169,170,-1,239,240,324,-1,239,324,325,-1,239,325,316,-1,324,240,241,-1,324,241,242,-1,324,242,243,-1,
  324,243,244,-1,324,244,323,-1,322,323,244,-1,322,244,245,-1,322,245,246,-1,322,246,247,-1,322,247,248,-1,322,248,249,-1,
  322,249,321,-1,249,250,319,-1,249,319,320,-1,249,320,321,-1,411,412,326,-1,326,412,403,-1,326,403,373,-1,373,403,404,-1,
  373,404,363,-1,363,404,405,-1,363,405,362,-1,362,405,343,-1,362,343,344,-1,411,326,327,-1,411,327,328,-1,411,328,329,-1,
  411,329,330,-1,411,330,331,-1,411,331,410,-1,409,410,331,-1,409,331,332,-1,409,332,333,-1,409,333,334,-1,409,334,335,-1,
  409,335,336,-1,409,336,408,-1,338,405,337,-1,337,405,406,-1,337,406,336,-1,336,406,407,-1,336,407,408,-1,413,426,433,-1,
  433,426,427,-1,433,427,432,-1,432,427,428,-1,432,428,431,-1,431,428,429,-1,431,429,430,-1,433,417,435,-1,433,435,436,-1,
  433,436,440,-1,433,440,441,-1,433,441,416,-1,433,416,413,-1,442,470,441,-1,441,470,472,-1,441,472,416,-1,416,472,473,-1,
  416,473,415,-1,415,473,474,-1,415,474,475,-1,440,436,476,-1,440,476,477,-1,440,477,478,-1,440,478,479,-1,440,479,457,-1,
  440,457,439,-1,476,436,475,-1,475,436,437,-1,475,437,426,-1,426,437,438,-1,426,438,434,-1,420,423,419,-1,419,423,424,-1,
  419,424,418,-1,418,424,425,-1,418,425,417,-1,417,425,434,-1,417,434,435,-1,426,413,414,-1,426,414,415,-1,426,415,475,-1,
  421,422,423,-1,421,423,420,-1,449,464,448,-1,448,464,465,-1,448,465,447,-1,447,465,466,-1,447,466,446,-1,446,466,467,-1,
  446,467,445,-1,445,467,468,-1,445,468,444,-1,444,468,469,-1,444,469,443,-1,443,469,470,-1,443,470,442,-1,456,458,455,-1,
  455,458,459,-1,455,459,454,-1,454,459,460,-1,454,460,453,-1,453,460,461,-1,453,461,452,-1,452,461,462,-1,452,462,451,-1,
  451,462,463,-1,451,463,450,-1,450,463,464,-1,450,464,449,-1,439,457,458,-1,439,458,456,-1,381,375,380,-1,380,375,376,-1,
  380,376,379,-1,379,376,377,-1,379,377,378,-1,375,381,382,-1,375,382,383,-1,375,383,384,-1,375,384,374,-1,373,374,385,-1,
  373,385,386,-1,373,386,387,-1,373,387,388,-1,373,388,389,-1,373,389,390,-1,373,390,391,-1,373,391,392,-1,373,392,393,-1,
  373,393,394,-1,373,394,395,-1,373,395,396,-1,373,396,397,-1,373,397,398,-1,373,398,399,-1,373,399,400,-1,373,400,401,-1,
  373,401,402,-1,373,402,326,-1,373,363,372,-1,372,363,364,-1,372,364,371,-1,371,364,365,-1,371,365,370,-1,370,365,366,-1,
  370,366,369,-1,369,366,367,-1,369,367,368,-1,405,338,339,-1,405,339,340,-1,405,340,341,-1,405,341,342,-1,405,342,343,-1,
  362,344,345,-1,362,345,346,-1,362,346,347,-1,362,347,361,-1,361,347,348,-1,361,348,349,-1,361,349,350,-1,361,350,360,-1,
  359,360,350,-1,359,350,351,-1,359,351,352,-1,359,352,353,-1,359,353,354,-1,359,354,358,-1,358,354,355,-1,358,355,356,-1,
  358,356,357,-1,551,552,484,-1,484,552,480,-1,484,480,482,-1,482,480,481,-1,513,514,535,-1,513,535,536,-1,513,536,494,-1,
  513,494,495,-1,513,495,496,-1,513,496,497,-1,513,497,498,-1,513,498,512,-1,494,536,537,-1,494,538,539,-1,494,539,540,-1,
  494,540,541,-1,494,541,542,-1,494,542,543,-1,494,543,493,-1,490,491,544,-1,544,492,543,-1,543,492,493,-1,547,488,546,-1,
  546,488,489,-1,546,489,545,-1,545,489,490,-1,545,490,544,-1,548,549,486,-1,548,486,487,-1,548,487,488,-1,548,488,547,-1,
  551,484,550,-1,550,484,485,-1,550,485,549,-1,549,485,486,-1,534,516,533,-1,533,516,517,-1,533,517,532,-1,532,517,518,-1,
  532,518,531,-1,531,518,519,-1,531,519,530,-1,530,519,520,-1,530,520,529,-1,529,520,521,-1,529,521,528,-1,528,521,522,-1,
  528,522,527,-1,527,522,523,-1,527,523,526,-1,526,523,524,-1,526,524,525,-1,516,534,535,-1,516,535,514,-1,516,514,515,-1,
  505,506,500,-1,505,500,501,-1,505,501,502,-1,505,502,503,-1,505,503,504,-1,500,506,507,-1,500,507,508,-1,500,508,509,-1,
  500,509,510,-1,500,510,511,-1,500,511,512,-1,500,512,499,-1,578,579,590,-1,590,579,580,-1,590,580,587,-1,587,580,581,-1,
  587,581,586,-1,586,581,582,-1,586,582,585,-1,585,582,583,-1,585,583,584,-1,600,553,568,-1,568,553,554,-1,568,554,567,-1,
  567,554,555,-1,567,555,566,-1,566,555,556,-1,566,556,565,-1,565,556,557,-1,565,557,564,-1,564,557,558,-1,564,558,563,-1,
  563,558,559,-1,563,559,562,-1,562,559,560,-1,562,560,561,-1,615,600,568,-1,615,568,569,-1,615,569,570,-1,615,570,571,-1,
  615,571,614,-1,611,612,572,-1,572,612,613,-1,572,613,571,-1,571,613,614,-1,611,572,573,-1,611,573,574,-1,611,574,575,-1,
  611,575,610,-1,610,575,609,-1,609,575,576,-1,609,576,608,-1,608,576,592,-1,608,592,593,-1,598,599,602,-1,602,599,553,-1,
  602,553,601,-1,601,553,600,-1,597,598,602,-1,597,602,603,-1,597,603,604,-1,597,604,596,-1,594,595,606,-1,606,595,596,-1,
  606,596,605,-1,605,596,604,-1,593,594,606,-1,593,606,607,-1,593,607,608,-1,577,578,591,-1,577,591,592,-1,577,592,576,-1,
  588,589,590,-1,588,590,587,-1,662,663,658,-1,662,658,660,-1,636,637,658,-1,658,637,648,-1,658,648,657,-1,657,648,649,-1,
  657,649,656,-1,656,649,650,-1,656,650,655,-1,655,650,651,-1,655,651,654,-1,654,651,652,-1,654,652,653,-1,658,663,664,-1,
  658,664,665,-1,658,665,666,-1,658,666,667,-1,658,667,668,-1,658,668,669,-1,658,669,670,-1,658,670,671,-1,658,671,672,-1,
  658,672,673,-1,658,673,674,-1,658,674,675,-1,658,675,676,-1,658,676,677,-1,658,677,678,-1,658,678,679,-1,658,679,680,-1,
  658,680,681,-1,658,681,682,-1,658,682,683,-1,658,683,684,-1,658,684,685,-1,658,685,686,-1,658,686,687,-1,658,688,616,-1,
  658,616,636,-1,642,644,641,-1,641,644,645,-1,641,645,640,-1,640,645,646,-1,640,646,639,-1,639,646,647,-1,639,647,638,-1,
  638,647,648,-1,638,648,637,-1,616,617,630,-1,616,630,631,-1,616,631,632,-1,616,632,633,-1,616,633,634,-1,616,634,635,-1,
  616,635,636,-1,627,628,618,-1,618,628,629,-1,618,629,617,-1,617,629,630,-1,622,623,621,-1,621,623,624,-1,621,624,620,-1,
  620,624,625,-1,620,625,619,-1,619,625,626,-1,619,626,618,-1,618,626,627,-1,734,689,690,-1,734,690,691,-1,734,691,692,-1,
  734,692,693,-1,734,693,694,-1,734,694,695,-1,734,695,696,-1,734,696,697,-1,734,697,733,-1,697,698,722,-1,697,722,723,-1,
  697,723,724,-1,697,724,725,-1,697,725,726,-1,697,726,727,-1,697,727,728,-1,697,728,729,-1,697,729,730,-1,697,730,731,-1,
  697,731,732,-1,697,732,733,-1,698,699,709,-1,698,709,710,-1,698,710,711,-1,698,711,712,-1,698,712,713,-1,698,713,714,-1,
  698,714,715,-1,698,715,716,-1,698,716,717,-1,698,717,718,-1,698,718,719,-1,698,719,720,-1,698,720,721,-1,698,721,722,-1,
  709,699,700,-1,709,700,701,-1,709,701,702,-1,709,702,703,-1,709,703,704,-1,709,704,705,-1,709,705,708,-1,706,707,708,-1,
  706,708,705,-1,828,829,834,-1,834,829,830,-1,834,830,833,-1,833,830,831,-1,833,831,832,-1,828,834,835,-1,828,835,836,-1,
  828,836,837,-1,828,837,838,-1,828,838,827,-1,839,840,824,-1,839,824,825,-1,839,825,826,-1,839,826,827,-1,839,827,838,-1,
  824,840,841,-1,824,841,842,-1,824,842,843,-1,824,843,844,-1,824,844,845,-1,824,845,846,-1,824,846,823,-1,822,823,846,-1,
  822,846,847,-1,822,847,848,-1,822,848,849,-1,822,849,850,-1,822,850,851,-1,822,851,852,-1,822,852,853,-1,822,853,821,-1,
  854,855,820,-1,854,820,821,-1,854,821,853,-1,820,855,856,-1,820,856,857,-1,820,857,858,-1,820,858,819,-1,819,858,818,-1,
  818,858,735,-1,818,735,817,-1,817,735,776,-1,817,776,777,-1,803,804,802,-1,802,804,805,-1,802,805,801,-1,801,805,806,-1,
  801,806,807,-1,807,808,797,-1,807,797,798,-1,807,798,799,-1,807,799,800,-1,807,800,801,-1,796,797,808,-1,796,808,809,-1,
  796,809,810,-1,796,810,811,-1,796,811,795,-1,811,812,789,-1,811,789,790,-1,811,790,791,-1,811,791,792,-1,811,792,793,-1,
  811,793,794,-1,811,794,795,-1,813,814,782,-1,813,782,783,-1,813,783,784,-1,813,784,785,-1,813,785,786,-1,813,786,787,-1,
  813,787,788,-1,813,788,789,-1,813,789,812,-1,779,780,815,-1,815,780,781,-1,815,781,814,-1,814,781,782,-1,815,816,777,-1,
  815,777,778,-1,815,778,779,-1,755,757,754,-1,754,757,759,-1,754,759,752,-1,752,759,760,-1,752,760,751,-1,751,760,761,-1,
  751,761,750,-1,750,761,762,-1,750,762,749,-1,749,762,763,-1,749,763,748,-1,748,763,764,-1,748,764,747,-1,747,764,765,-1,
  747,765,746,-1,746,765,766,-1,746,766,745,-1,745,766,767,-1,745,767,744,-1,744,767,768,-1,744,768,743,-1,743,768,769,-1,
  743,769,742,-1,742,769,770,-1,742,770,741,-1,741,770,771,-1,741,771,740,-1,740,771,772,-1,740,772,739,-1,739,772,773,-1,
  739,773,738,-1,738,773,774,-1,738,774,737,-1,737,774,775,-1,737,775,736,-1,736,775,776,-1,736,776,735,-1,905,906,901,-1,
  905,901,903,-1,879,880,901,-1,901,880,891,-1,901,891,900,-1,900,891,892,-1,900,892,899,-1,899,892,893,-1,899,893,898,-1,
  898,893,894,-1,898,894,897,-1,897,894,895,-1,897,895,896,-1,901,906,907,-1,901,907,908,-1,901,908,909,-1,901,909,910,-1,
  901,910,911,-1,901,911,912,-1,901,912,913,-1,901,913,914,-1,901,914,915,-1,901,915,916,-1,901,916,917,-1,901,917,918,-1,
  901,918,919,-1,901,919,920,-1,901,920,921,-1,901,921,922,-1,901,922,923,-1,901,923,924,-1,901,924,925,-1,901,925,926,-1,
  901,926,927,-1,901,927,928,-1,901,928,929,-1,901,929,930,-1,901,931,859,-1,901,859,879,-1,885,887,884,-1,884,887,888,-1,
  884,888,883,-1,883,888,889,-1,883,889,882,-1,882,889,890,-1,882,890,881,-1,881,890,891,-1,881,891,880,-1,859,860,873,-1,
  859,873,874,-1,859,874,875,-1,859,875,876,-1,859,876,877,-1,859,877,878,-1,859,878,879,-1,870,871,861,-1,861,871,872,-1,
  861,872,860,-1,860,872,873,-1,865,866,864,-1,864,866,867,-1,864,867,863,-1,863,867,868,-1,863,868,862,-1,862,868,869,-1,
  862,869,861,-1,861,869,870,-1,953,932,952,-1,952,932,933,-1,952,933,940,-1,940,933,934,-1,940,934,939,-1,939,934,935,-1,
  939,935,938,-1,938,935,936,-1,938,936,937,-1,941,942,947,-1,947,942,943,-1,947,943,946,-1,946,943,944,-1,946,944,945,-1,
  941,947,948,-1,941,948,949,-1,941,949,950,-1,941,950,951,-1,941,951,952,-1,941,952,940,-1,959,961,958,-1,958,961,962,-1,
  958,962,957,-1,957,962,963,-1,957,963,956,-1,956,963,964,-1,956,964,955,-1,955,964,965,-1,955,965,954,-1,966,967,974,-1,
  974,967,968,-1,974,968,973,-1,973,968,969,-1,973,969,972,-1,972,969,970,-1,972,970,971,-1,987,966,986,-1,986,966,974,-1,
  986,974,985,-1,985,974,975,-1,985,975,982,-1,982,975,976,-1,982,976,981,-1,981,976,977,-1,981,977,980,-1,980,977,978,-1,
  980,978,979,-1,985,982,983,-1,985,983,984,-1,1005,1006,1011,-1,1011,1006,1007,-1,1011,1007,1009,-1,1009,1007,1008,-1,999,1000,1017,-1,
  999,1017,1018,-1,999,1018,1019,-1,999,1019,1020,-1,999,1020,1021,-1,999,1021,1022,-1,999,1022,1023,-1,999,1023,1024,-1,999,1024,1025,-1,
  999,1025,1026,-1,999,1026,1027,-1,999,1027,1103,-1,999,1103,1104,-1,999,1104,988,-1,999,988,989,-1,999,989,998,-1,993,995,992,-1,
  992,995,996,-1,992,996,991,-1,991,996,997,-1,991,997,990,-1,990,997,998,-1,990,998,989,-1,1112,1113,1111,-1,1111,1113,1114,-1,
  1111,1114,1110,-1,1110,1114,1115,-1,1110,1115,1116,-1,1107,1108,1117,-1,1117,1108,1109,-1,1117,1109,1116,-1,1116,1109,1110,-1,1118,1119,1105,-1,
  1118,1105,1106,-1,1118,1106,1107,-1,1118,1107,1117,-1,1120,1121,1104,-1,1120,1104,1105,-1,1120,1105,1119,-1,1104,1121,1122,-1,1104,1122,1123,-1,
  1104,1123,1124,-1,1104,1124,1125,-1,1104,1125,1126,-1,1104,1126,1127,-1,1104,1127,1128,-1,1104,1128,1129,-1,1104,1129,988,-1,1000,1001,1015,-1,
  1000,1015,1016,-1,1000,1016,1017,-1,1002,1003,1014,-1,1002,1014,1015,-1,1002,1015,1001,-1,1011,1012,1005,-1,1005,1012,1013,-1,1005,1013,1004,-1,
  1004,1013,1014,-1,1004,1014,1003,-1,1076,1077,1088,-1,1088,1077,1078,-1,1088,1078,1087,-1,1087,1078,1079,-1,1087,1079,1086,-1,1086,1079,1080,-1,
  1086,1080,1085,-1,1085,1080,1081,-1,1085,1081,1084,-1,1084,1081,1082,-1,1084,1082,1083,-1,1089,1090,1075,-1,1089,1075,1076,-1,1089,1076,1088,-1,
  1070,1071,1094,-1,1094,1071,1072,-1,1094,1072,1093,-1,1093,1072,1073,-1,1093,1073,1092,-1,1092,1073,1074,-1,1092,1074,1091,-1,1091,1074,1075,-1,
  1091,1075,1090,-1,1095,1096,1069,-1,1095,1069,1070,-1,1095,1070,1094,-1,1030,1064,1101,-1,1101,1064,1065,-1,1101,1065,1100,-1,1100,1065,1066,-1,
  1100,1066,1099,-1,1099,1066,1067,-1,1099,1067,1098,-1,1098,1067,1068,-1,1098,1068,1097,-1,1097,1068,1069,-1,1097,1069,1096,-1,1101,1102,1028,-1,
  1101,1028,1029,-1,1101,1029,1030,-1,1103,1027,1028,-1,1103,1028,1102,-1,1064,1030,1031,-1,1064,1031,1032,-1,1064,1032,1033,-1,1064,1033,1063,-1,
  1033,1034,1059,-1,1033,1059,1060,-1,1033,1060,1061,-1,1033,1061,1062,-1,1033,1062,1063,-1,1035,1036,1054,-1,1035,1054,1055,-1,1035,1055,1056,-1,
  1035,1056,1057,-1,1035,1057,1058,-1,1035,1058,1059,-1,1035,1059,1034,-1,1054,1036,1037,-1,1054,1037,1038,-1,1054,1038,1039,-1,1054,1039,1053,-1,
  1039,1040,1047,-1,1039,1047,1048,-1,1039,1048,1049,-1,1039,1049,1050,-1,1039,1050,1051,-1,1039,1051,1052,-1,1039,1052,1053,-1,1043,1045,1042,-1,
  1042,1045,1046,-1,1042,1046,1041,-1,1041,1046,1047,-1,1041,1047,1040,-1,1207,1130,1167,-1,1167,1130,1131,-1,1167,1131,1166,-1,1166,1131,1132,-1,
  1166,1132,1165,-1,1165,1132,1133,-1,1165,1133,1164,-1,1164,1133,1134,-1,1164,1134,1163,-1,1163,1134,1135,-1,1163,1135,1162,-1,1162,1135,1136,-1,
  1162,1136,1161,-1,1161,1136,1137,-1,1161,1137,1160,-1,1160,1137,1138,-1,1160,1138,1159,-1,1159,1138,1139,-1,1159,1139,1158,-1,1158,1139,1140,-1,
  1158,1140,1157,-1,1157,1140,1141,-1,1157,1141,1156,-1,1156,1141,1142,-1,1156,1142,1155,-1,1155,1142,1143,-1,1155,1143,1154,-1,1154,1143,1144,-1,
  1154,1144,1153,-1,1153,1144,1145,-1,1153,1145,1152,-1,1152,1145,1146,-1,1152,1146,1151,-1,1151,1146,1147,-1,1151,1147,1150,-1,1150,1147,1148,-1,
  1150,1148,1149,-1,1167,1168,1215,-1,1167,1215,1216,-1,1167,1216,1207,-1,1215,1168,1169,-1,1215,1169,1170,-1,1215,1170,1171,-1,1215,1171,1172,-1,
  1215,1172,1214,-1,1214,1172,1213,-1,1213,1172,1173,-1,1213,1173,1185,-1,1185,1173,1174,-1,1185,1174,1184,-1,1184,1174,1175,-1,1184,1175,1183,-1,
  1183,1175,1176,-1,1183,1176,1182,-1,1182,1176,1177,-1,1182,1177,1181,-1,1181,1177,1178,-1,1181,1178,1179,-1,1188,1189,1213,-1,1213,1189,1190,-1,
  1213,1190,1212,-1,1212,1190,1191,-1,1212,1191,1211,-1,1211,1191,1202,-1,1211,1202,1210,-1,1210,1202,1203,-1,1210,1203,1204,-1,1213,1185,1186,-1,
  1213,1186,1187,-1,1213,1187,1188,-1,1130,1207,1208,-1,1130,1208,1209,-1,1130,1209,1210,-1,1130,1210,1206,-1,1210,1204,1205,-1,1210,1205,1206,-1,
  1196,1197,1201,-1,1201,1197,1198,-1,1201,1198,1200,-1,1200,1198,1199,-1,1201,1202,1192,-1,1201,1192,1193,-1,1201,1193,1194,-1,1201,1194,1195,-1,
  1201,1195,1196,-1,1291,1292,1217,-1,1291,1217,1218,-1,1291,1218,1244,-1,1291,1244,1245,-1,1291,1245,1290,-1,1275,1276,1269,-1,1275,1269,1270,-1,
  1275,1270,1271,-1,1275,1271,1272,-1,1275,1272,1273,-1,1275,1273,1274,-1,1277,1278,1266,-1,1277,1266,1267,-1,1277,1267,1268,-1,1277,1268,1269,-1,
  1277,1269,1276,-1,1278,1279,1262,-1,1278,1262,1263,-1,1278,1263,1264,-1,1278,1264,1265,-1,1278,1265,1266,-1,1280,1281,1255,-1,1280,1255,1256,-1,
  1280,1256,1257,-1,1280,1257,1258,-1,1280,1258,1259,-1,1280,1259,1260,-1,1280,1260,1261,-1,1280,1261,1262,-1,1280,1262,1279,-1,1255,1281,1282,-1,
  1255,1282,1283,-1,1255,1283,1284,-1,1255,1284,1285,-1,1255,1285,1286,-1,1255,1286,1254,-1,1286,1287,1250,-1,1286,1250,1251,-1,1286,1251,1252,-1,
  1286,1252,1253,-1,1286,1253,1254,-1,1288,1289,1245,-1,1288,1245,1246,-1,1288,1246,1247,-1,1288,1247,1248,-1,1288,1248,1249,-1,1288,1249,1250,-1,
  1288,1250,1287,-1,1218,1219,1238,-1,1218,1238,1239,-1,1218,1239,1240,-1,1218,1240,1241,-1,1218,1241,1242,-1,1218,1242,1243,-1,1218,1243,1244,-1,
  1220,1221,1234,-1,1220,1234,1235,-1,1220,1235,1236,-1,1220,1236,1237,-1,1220,1237,1238,-1,1220,1238,1219,-1,1221,1222,1231,-1,1221,1231,1232,-1,
  1221,1232,1233,-1,1221,1233,1234,-1,1223,1224,1228,-1,1223,1228,1229,-1,1223,1229,1230,-1,1223,1230,1231,-1,1223,1231,1222,-1,1227,1228,1224,-1,
  1227,1224,1225,-1,1227,1225,1226,-1,1339,1340,1335,-1,1339,1335,1337,-1,1313,1314,1335,-1,1335,1314,1325,-1,1335,1325,1334,-1,1334,1325,1326,-1,
  1334,1326,1333,-1,1333,1326,1327,-1,1333,1327,1332,-1,1332,1327,1328,-1,1332,1328,1331,-1,1331,1328,1329,-1,1331,1329,1330,-1,1335,1340,1341,-1,
  1335,1341,1342,-1,1335,1342,1343,-1,1335,1343,1344,-1,1335,1344,1345,-1,1335,1345,1346,-1,1335,1346,1347,-1,1335,1347,1348,-1,1335,1348,1349,-1,
  1335,1349,1350,-1,1335,1350,1351,-1,1335,1351,1352,-1,1335,1352,1353,-1,1335,1353,1354,-1,1335,1354,1355,-1,1335,1355,1356,-1,1335,1356,1357,-1,
  1335,1357,1358,-1,1335,1358,1359,-1,1335,1359,1360,-1,1335,1360,1361,-1,1335,1361,1362,-1,1335,1362,1363,-1,1335,1363,1364,-1,1335,1365,1293,-1,
  1335,1293,1313,-1,1319,1321,1318,-1,1318,1321,1322,-1,1318,1322,1317,-1,1317,1322,1323,-1,1317,1323,1316,-1,1316,1323,1324,-1,1316,1324,1315,-1,
  1315,1324,1325,-1,1315,1325,1314,-1,1293,1294,1307,-1,1293,1307,1308,-1,1293,1308,1309,-1,1293,1309,1310,-1,1293,1310,1311,-1,1293,1311,1312,-1,
  1293,1312,1313,-1,1304,1305,1295,-1,1295,1305,1306,-1,1295,1306,1294,-1,1294,1306,1307,-1,1299,1300,1298,-1,1298,1300,1301,-1,1298,1301,1297,-1,
  1297,1301,1302,-1,1297,1302,1296,-1,1296,1302,1303,-1,1296,1303,1295,-1,1295,1303,1304,-1,1392,1393,1375,-1,1375,1393,1366,-1,1375,1366,1373,-1,
  1373,1366,1367,-1,1373,1367,1372,-1,1372,1367,1368,-1,1372,1368,1371,-1,1371,1368,1369,-1,1371,1369,1370,-1,1392,1376,1391,-1,1391,1376,1377,-1,
  1391,1377,1390,-1,1390,1377,1378,-1,1390,1378,1389,-1,1389,1378,1379,-1,1389,1379,1388,-1,1388,1379,1380,-1,1388,1380,1387,-1,1387,1380,1381,-1,
  1387,1381,1386,-1,1386,1381,1382,-1,1386,1382,1385,-1,1385,1382,1383,-1,1385,1383,1384,-1,1375,1373,1374,-1,1392,1375,1376,-1,1321,1319,1320,-1,
  1336,1337,1335,-1,1290,1245,1289,-1,1202,1191,1192,-1,1181,1179,1180,-1,1045,1043,1044,-1,1011,1009,1010,-1,995,993,994,-1,961,959,960,-1,
  887,885,886,-1,902,903,901,-1,759,757,758,-1,757,755,756,-1,754,752,753,-1,817,777,816,-1,644,642,643,-1,659,660,658,-1,
  578,590,591,-1,512,498,499,-1,484,482,483,-1,385,374,384,-1,434,425,426,-1,472,470,471,-1,191,186,187,-1,285,276,277,-1,
  298,287,297,-1,149,139,148,-1,112,102,111,-1,34,62,33,-1,35,36,34,-1]
  normalPerVertex TRUE
  normal DEF NORM_89 Normal { vector [
  0 0 1,0 0 1,
  0 0 1,0 0 1,
  0 0 1,0 0 1,
  0 0 1,0 0 1,
  0 0 1,0 0 1,
  0 0 1,0 0 1,
  0 0 1,0 0 1,
  0 0 1,0 0 1,
  0 0 1,0 0 1,
  0 0 1,0 0 1,
  0 0 1,0 0 1,
  0 0 1,0 0 1,
  0 0 1,0 0 1,
  0 0 1,0 0 1,
  0 0 1,0 0 1,
  0 0 1,0 0 1,
  0 0 1,0 0 1,
  0 0 1,0 0 1,
  0 0 1,0 0 1,
  0 0 1,0 0 1,
  0 0 1,0 0 1,
  0 0 1,0 0 1,
  0 0 1,0 0 1,
  0 0 1,0 0 1,
  0 0 1,0 0 1,
  0 0 1,0 0 1,
  0 0 1,0 0 1,
  0 0 1,0 0 1,
  0 0 1,0 0 1,
  0 0 1,0 0 1,
  0 0 1,0 0 1,
  0 0 1,0 0 1,
  0 0 1,0 0 1,
  0 0 1,0 0 1,
  0 0 1,0 0 1,
  0 0 1,0 0 1,
  0 0 1,0 0 1,
  0 0 1,0 0 1,
  0 0 1,0 0 1,
  0 0 1,0 0 1,
  0 0 1,0 0 1,
  0 0 1,0 0 1,
  0 0 1,0 0 1,
  0 0 1,0 0 1,
  0 0 1,0 0 1,
  0 0 1,0 0 1,
  0 0 1,0 0 1,
  0 0 1,0 0 1,
  0 0 1,0 0 1,
  0 0 1,0 0 1,
  0 0 1,0 0 1,
  0 0 1,0 0 1,
  0 0 1,0 0 1,
  0 0 1,0 0 1,
  0 0 1,0 0 1,
  0 0 1,0 0 1,
  0 0 1,0 0 1,
  0 0 1,0 0 1,
  0 0 1,0 0 1,
  0 0 1,0 0 1,
  0 0 1,0 0 1,
  0 0 1,0 0 1,
  0 0 1,0 0 1,
  0 0 1,0 0 1,
  0 0 1,0 0 1,
  0 0 1,0 0 1,
  0 0 1,0 0 1,
  0 0 1,0 0 1,
  0 0 1,0 0 1,
  0 0 1,0 0 1,
  0 0 1,0 0 1,
  0 0 1,0 0 1,
  0 0 1,0 0 1,
  0 0 1,0 0 1,
  0 0 1,0 0 1,
  0 0 1,0 0 1,
  0 0 1,0 0 1,
  0 0 1,0 0 1,
  0 0 1,0 0 1,
  0 0 1,0 0 1,
  0 0 1,0 0 1,
  0 0 1,0 0 1,
  0 0 1,0 0 1,
  0 0 1,0 0 1,
  0 0 1,0 0 1,
  0 0 1,0 0 1,
  0 0 1,0 0 1,
  0 0 1,0 0 1,
  0 0 1,0 0 1,
  0 0 1,0 0 1,
  0 0 1,0 0 1,
  0 0 1,0 0 1,
  0 0 1,0 0 1,
  0 0 1,0 0 1,
  0 0 1,0 0 1,
  0 0 1,0 0 1,
  0 0 1,0 0 1,
  0 0 1,0 0 1,
  0 0 1,0 0 1,
  0 0 1,0 0 1,
  0 0 1,0 0 1,
  0 0 1,0 0 1,
  0 0 1,0 0 1,
  0 0 1,0 0 1,
  0 0 1,0 0 1,
  0 0 1,0 0 1,
  0 0 1,0 0 1,
  0 0 1,0 0 1,
  0 0 1,0 0 1,
  0 0 1,0 0 1,
  0 0 1,0 0 1,
  0 0 1,0 0 1,
  0 0 1,0 0 1,
  0 0 1,0 0 1,
  0 0 1,0 0 1,
  0 0 1,0 0 1,
  0 0 1,0 0 1,
  0 0 1,0 0 1,
  0 0 1,0 0 1,
  0 0 1,0 0 1,
  0 0 1,0 0 1,
  0 0 1,0 0 1,
  0 0 1,0 0 1,
  0 0 1,0 0 1,
  0 0 1,0 0 1,
  0 0 1,0 0 1,
  0 0 1,0 0 1,
  0 0 1,0 0 1,
  0 0 1,0 0 1,
  0 0 1,0 0 1,
  0 0 1,0 0 1,
  0 0 1,0 0 1,
  0 0 1,0 0 1,
  0 0 1,0 0 1,
  0 0 1,0 0 1,
  0 0 1,0 0 1,
  0 0 1,0 0 1,
  0 0 1,0 0 1,
  0 0 1,0 0 1,
  0 0 1,0 0 1,
  0 0 1,0 0 1,
  0 0 1,0 0 1,
  0 0 1,0 0 1,
  0 0 1,0 0 1,
  0 0 1,0 0 1,
  0 0 1,0 0 1,
  0 0 1,0 0 1,
  0 0 1,0 0 1,
  0 0 1,0 0 1,
  0 0 1,0 0 1,
  0 0 1,0 0 1,
  0 0 1,0 0 1,
  0 0 1,0 0 1,
  0 0 1,0 0 1,
  0 0 1,0 0 1,
  0 0 1,0 0 1,
  0 0 1,0 0 1,
  0 0 1,0 0 1,
  0 0 1,0 0 1,
  0 0 1,0 0 1,
  0 0 1,0 0 1,
  0 0 1,0 0 1,
  0 0 1,0 0 1,
  0 0 1,0 0 1,
  0 0 1,0 0 1,
  0 0 1,0 0 1,
  0 0 1,0 0 1,
  0 0 1,0 0 1,
  0 0 1,0 0 1,
  0 0 1,0 0 1,
  0 0 1,0 0 1,
  0 0 1,0 0 1,
  0 0 1,0 0 1,
  0 0 1,0 0 1,
  0 0 1,0 0 1,
  0 0 1,0 0 1,
  0 0 1,0 0 1,
  0 0 1,0 0 1,
  0 0 1,0 0 1,
  0 0 1,0 0 1,
  0 0 1,0 0 1,
  0 0 1,0 0 1,
  0 0 1,0 0 1,
  0 0 1,0 0 1,
  0 0 1,0 0 1,
  0 0 1,0 0 1,
  0 0 1,0 0 1,
  0 0 1,0 0 1,
  0 0 1,0 0 1,
  0 0 1,0 0 1,
  0 0 1,0 0 1,
  0 0 1,0 0 1,
  0 0 1,0 0 1,
  0 0 1,0 0 1,
  0 0 1,0 0 1,
  0 0 1,0 0 1,
  0 0 1,0 0 1,
  0 0 1,0 0 1,
  0 0 1,0 0 1,
  0 0 1,0 0 1,
  0 0 1,0 0 1,
  0 0 1,0 0 1,
  0 0 1,0 0 1,
  0 0 1,0 0 1,
  0 0 1,0 0 1,
  0 0 1,0 0 1,
  0 0 1,0 0 1,
  0 0 1,0 0 1,
  0 0 1,0 0 1,
  0 0 1,0 0 1,
  0 0 1,0 0 1,
  0 0 1,0 0 1,
  0 0 1,0 0 1,
  0 0 1,0 0 1,
  0 0 1,0 0 1,
  0 0 1,0 0 1,
  0 0 1,0 0 1,
  0 0 1,0 0 1,
  0 0 1,0 0 1,
  0 0 1,0 0 1,
  0 0 1,0 0 1,
  0 0 1,0 0 1,
  0 0 1,0 0 1,
  0 0 1,0 0 1,
  0 0 1,0 0 1,
  0 0 1,0 0 1,
  0 0 1,0 0 1,
  0 0 1,0 0 1,
  0 0 1,0 0 1,
  0 0 1,0 0 1,
  0 0 1,0 0 1,
  0 0 1,0 0 1,
  0 0 1,0 0 1,
  0 0 1,0 0 1,
  0 0 1,0 0 1,
  0 0 1,0 0 1,
  0 0 1,0 0 1,
  0 0 1,0 0 1,
  0 0 1,0 0 1,
  0 0 1,0 0 1,
  0 0 1,0 0 1,
  0 0 1,0 0 1,
  0 0 1,0 0 1,
  0 0 1,0 0 1,
  0 0 1,0 0 1,
  0 0 1,0 0 1,
  0 0 1,0 0 1,
  0 0 1,0 0 1,
  0 0 1,0 0 1,
  0 0 1,0 0 1,
  0 0 1,0 0 1,
  0 0 1,0 0 1,
  0 0 1,0 0 1,
  0 0 1,0 0 1,
  0 0 1,0 0 1,
  0 0 1,0 0 1,
  0 0 1,0 0 1,
  0 0 1,0 0 1,
  0 0 1,0 0 1,
  0 0 1,0 0 1,
  0 0 1,0 0 1,
  0 0 1,0 0 1,
  0 0 1,0 0 1,
  0 0 1,0 0 1,
  0 0 1,0 0 1,
  0 0 1,0 0 1,
  0 0 1,0 0 1,
  0 0 1,0 0 1,
  0 0 1,0 0 1,
  0 0 1,0 0 1,
  0 0 1,0 0 1,
  0 0 1,0 0 1,
  0 0 1,0 0 1,
  0 0 1,0 0 1,
  0 0 1,0 0 1,
  0 0 1,0 0 1,
  0 0 1,0 0 1,
  0 0 1,0 0 1,
  0 0 1,0 0 1,
  0 0 1,0 0 1,
  0 0 1,0 0 1,
  0 0 1,0 0 1,
  0 0 1,0 0 1,
  0 0 1,0 0 1,
  0 0 1,0 0 1,
  0 0 1,0 0 1,
  0 0 1,0 0 1,
  0 0 1,0 0 1,
  0 0 1,0 0 1,
  0 0 1,0 0 1,
  0 0 1,0 0 1,
  0 0 1,0 0 1,
  0 0 1,0 0 1,
  0 0 1,0 0 1,
  0 0 1,0 0 1,
  0 0 1,0 0 1,
  0 0 1,0 0 1,
  0 0 1,0 0 1,
  0 0 1,0 0 1,
  0 0 1,0 0 1,
  0 0 1,0 0 1,
  0 0 1,0 0 1,
  0 0 1,0 0 1,
  0 0 1,0 0 1,
  0 0 1,0 0 1,
  0 0 1,0 0 1,
  0 0 1,0 0 1,
  0 0 1,0 0 1,
  0 0 1,0 0 1,
  0 0 1,0 0 1,
  0 0 1,0 0 1,
  0 0 1,0 0 1,
  0 0 1,0 0 1,
  0 0 1,0 0 1,
  0 0 1,0 0 1,
  0 0 1,0 0 1,
  0 0 1,0 0 1,
  0 0 1,0 0 1,
  0 0 1,0 0 1,
  0 0 1,0 0 1,
  0 0 1,0 0 1,
  0 0 1,0 0 1,
  0 0 1,0 0 1,
  0 0 1,0 0 1,
  0 0 1,0 0 1,
  0 0 1,0 0 1,
  0 0 1,0 0 1,
  0 0 1,0 0 1,
  0 0 1,0 0 1,
  0 0 1,0 0 1,
  0 0 1,0 0 1,
  0 0 1,0 0 1,
  0 0 1,0 0 1,
  0 0 1,0 0 1,
  0 0 1,0 0 1,
  0 0 1,0 0 1,
  0 0 1,0 0 1,
  0 0 1,0 0 1,
  0 0 1,0 0 1,
  0 0 1,0 0 1,
  0 0 1,0 0 1,
  0 0 1,0 0 1,
  0 0 1,0 0 1,
  0 0 1,0 0 1,
  0 0 1,0 0 1,
  0 0 1,0 0 1,
  0 0 1,0 0 1,
  0 0 1,0 0 1,
  0 0 1,0 0 1,
  0 0 1,0 0 1,
  0 0 1,0 0 1,
  0 0 1,0 0 1,
  0 0 1,0 0 1,
  0 0 1,0 0 1,
  0 0 1,0 0 1,
  0 0 1,0 0 1,
  0 0 1,0 0 1,
  0 0 1,0 0 1,
  0 0 1,0 0 1,
  0 0 1,0 0 1,
  0 0 1,0 0 1,
  0 0 1,0 0 1,
  0 0 1,0 0 1,
  0 0 1,0 0 1,
  0 0 1,0 0 1,
  0 0 1,0 0 1,
  0 0 1,0 0 1,
  0 0 1,0 0 1,
  0 0 1,0 0 1,
  0 0 1,0 0 1,
  0 0 1,0 0 1,
  0 0 1,0 0 1,
  0 0 1,0 0 1,
  0 0 1,0 0 1,
  0 0 1,0 0 1,
  0 0 1,0 0 1,
  0 0 1,0 0 1,
  0 0 1,0 0 1,
  0 0 1,0 0 1,
  0 0 1,0 0 1,
  0 0 1,0 0 1,
  0 0 1,0 0 1,
  0 0 1,0 0 1,
  0 0 1,0 0 1,
  0 0 1,0 0 1,
  0 0 1,0 0 1,
  0 0 1,0 0 1,
  0 0 1,0 0 1,
  0 0 1,0 0 1,
  0 0 1,0 0 1,
  0 0 1,0 0 1,
  0 0 1,0 0 1,
  0 0 1,0 0 1,
  0 0 1,0 0 1,
  0 0 1,0 0 1,
  0 0 1,0 0 1,
  0 0 1,0 0 1,
  0 0 1,0 0 1,
  0 0 1,0 0 1,
  0 0 1,0 0 1,
  0 0 1,0 0 1,
  0 0 1,0 0 1,
  0 0 1,0 0 1,
  0 0 1,0 0 1,
  0 0 1,0 0 1,
  0 0 1,0 0 1,
  0 0 1,0 0 1,
  0 0 1,0 0 1,
  0 0 1,0 0 1,
  0 0 1,0 0 1,
  0 0 1,0 0 1,
  0 0 1,0 0 1,
  0 0 1,0 0 1,
  0 0 1,0 0 1,
  0 0 1,0 0 1,
  0 0 1,0 0 1,
  0 0 1,0 0 1,
  0 0 1,0 0 1,
  0 0 1,0 0 1,
  0 0 1,0 0 1,
  0 0 1,0 0 1,
  0 0 1,0 0 1,
  0 0 1,0 0 1,
  0 0 1,0 0 1,
  0 0 1,0 0 1,
  0 0 1,0 0 1,
  0 0 1,0 0 1,
  0 0 1,0 0 1,
  0 0 1,0 0 1,
  0 0 1,0 0 1,
  0 0 1,0 0 1,
  0 0 1,0 0 1,
  0 0 1,0 0 1,
  0 0 1,0 0 1,
  0 0 1,0 0 1,
  0 0 1,0 0 1,
  0 0 1,0 0 1,
  0 0 1,0 0 1,
  0 0 1,0 0 1,
  0 0 1,0 0 1,
  0 0 1,0 0 1,
  0 0 1,0 0 1,
  0 0 1,0 0 1,
  0 0 1,0 0 1,
  0 0 1,0 0 1,
  0 0 1,0 0 1,
  0 0 1,0 0 1,
  0 0 1,0 0 1,
  0 0 1,0 0 1,
  0 0 1,0 0 1,
  0 0 1,0 0 1,
  0 0 1,0 0 1,
  0 0 1,0 0 1,
  0 0 1,0 0 1,
  0 0 1,0 0 1,
  0 0 1,0 0 1,
  0 0 1,0 0 1,
  0 0 1,0 0 1,
  0 0 1,0 0 1,
  0 0 1,0 0 1,
  0 0 1,0 0 1,
  0 0 1,0 0 1,
  0 0 1,0 0 1,
  0 0 1,0 0 1,
  0 0 1,0 0 1,
  0 0 1,0 0 1,
  0 0 1,0 0 1,
  0 0 1,0 0 1,
  0 0 1,0 0 1,
  0 0 1,0 0 1,
  0 0 1,0 0 1,
  0 0 1,0 0 1,
  0 0 1,0 0 1,
  0 0 1,0 0 1,
  0 0 1,0 0 1,
  0 0 1,0 0 1,
  0 0 1,0 0 1,
  0 0 1,0 0 1,
  0 0 1,0 0 1,
  0 0 1,0 0 1,
  0 0 1,0 0 1,
  0 0 1,0 0 1,
  0 0 1,0 0 1,
  0 0 1,0 0 1,
  0 0 1,0 0 1,
  0 0 1,0 0 1,
  0 0 1,0 0 1,
  0 0 1,0 0 1,
  0 0 1,0 0 1,
  0 0 1,0 0 1,
  0 0 1,0 0 1,
  0 0 1,0 0 1,
  0 0 1,0 0 1,
  0 0 1,0 0 1,
  0 0 1,0 0 1,
  0 0 1,0 0 1,
  0 0 1,0 0 1,
  0 0 1,0 0 1,
  0 0 1,0 0 1,
  0 0 1,0 0 1,
  0 0 1,0 0 1,
  0 0 1,0 0 1,
  0 0 1,0 0 1,
  0 0 1,0 0 1,
  0 0 1,0 0 1,
  0 0 1,0 0 1,
  0 0 1,0 0 1,
  0 0 1,0 0 1,
  0 0 1,0 0 1,
  0 0 1,0 0 1,
  0 0 1,0 0 1,
  0 0 1,0 0 1,
  0 0 1,0 0 1,
  0 0 1,0 0 1,
  0 0 1,0 0 1,
  0 0 1,0 0 1,
  0 0 1,0 0 1,
  0 0 1,0 0 1,
  0 0 1,0 0 1,
  0 0 1,0 0 1,
  0 0 1,0 0 1,
  0 0 1,0 0 1,
  0 0 1,0 0 1,
  0 0 1,0 0 1,
  0 0 1,0 0 1,
  0 0 1,0 0 1,
  0 0 1,0 0 1,
  0 0 1,0 0 1,
  0 0 1,0 0 1,
  0 0 1,0 0 1,
  0 0 1,0 0 1,
  0 0 1,0 0 1,
  0 0 1,0 0 1,
  0 0 1,0 0 1,
  0 0 1,0 0 1,
  0 0 1,0 0 1,
  0 0 1,0 0 1,
  0 0 1,0 0 1,
  0 0 1,0 0 1,
  0 0 1,0 0 1,
  0 0 1,0 0 1,
  0 0 1,0 0 1,
  0 0 1,0 0 1,
  0 0 1,0 0 1,
  0 0 1,0 0 1,
  0 0 1,0 0 1,
  0 0 1,0 0 1,
  0 0 1,0 0 1,
  0 0 1,0 0 1,
  0 0 1,0 0 1,
  0 0 1,0 0 1,
  0 0 1,0 0 1,
  0 0 1,0 0 1,
  0 0 1,0 0 1,
  0 0 1,0 0 1,
  0 0 1,0 0 1,
  0 0 1,0 0 1,
  0 0 1,0 0 1,
  0 0 1,0 0 1,
  0 0 1,0 0 1,
  0 0 1,0 0 1,
  0 0 1,0 0 1,
  0 0 1,0 0 1,
  0 0 1,0 0 1,
  0 0 1,0 0 1,
  0 0 1,0 0 1,
  0 0 1,0 0 1,
  0 0 1,0 0 1,
  0 0 1,0 0 1,
  0 0 1,0 0 1,
  0 0 1,0 0 1,
  0 0 1,0 0 1,
  0 0 1,0 0 1,
  0 0 1,0 0 1,
  0 0 1,0 0 1,
  0 0 1,0 0 1,
  0 0 1,0 0 1,
  0 0 1,0 0 1,
  0 0 1,0 0 1,
  0 0 1,0 0 1,
  0 0 1,0 0 1,
  0 0 1,0 0 1,
  0 0 1,0 0 1,
  0 0 1,0 0 1,
  0 0 1,0 0 1,
  0 0 1,0 0 1,
  0 0 1,0 0 1,
  0 0 1,0 0 1,
  0 0 1,0 0 1,
  0 0 1,0 0 1,
  0 0 1,0 0 1,
  0 0 1,0 0 1,
  0 0 1,0 0 1,
  0 0 1,0 0 1,
  0 0 1,0 0 1,
  0 0 1,0 0 1,
  0 0 1,0 0 1,
  0 0 1,0 0 1,
  0 0 1,0 0 1,
  0 0 1,0 0 1,
  0 0 1,0 0 1,
  0 0 1,0 0 1,
  0 0 1,0 0 1,
  0 0 1,0 0 1,
  0 0 1,0 0 1,
  0 0 1,0 0 1,
  0 0 1,0 0 1,
  0 0 1,0 0 1,
  0 0 1,0 0 1,
  0 0 1,0 0 1,
  0 0 1,0 0 1,
  0 0 1,0 0 1,
  0 0 1,0 0 1,
  0 0 1,0 0 1,
  0 0 1,0 0 1,
  0 0 1,0 0 1,
  0 0 1,0 0 1,
  0 0 1,0 0 1,
  0 0 1,0 0 1,
  0 0 1,0 0 1,
  0 0 1,0 0 1,
  0 0 1,0 0 1,
  0 0 1,0 0 1,
  0 0 1,0 0 1,
  0 0 1,0 0 1,
  0 0 1,0 0 1,
  0 0 1,0 0 1,
  0 0 1,0 0 1,
  0 0 1,0 0 1,
  0 0 1,0 0 1,
  0 0 1,0 0 1,
  0 0 1,0 0 1,
  0 0 1,0 0 1,
  0 0 1,0 0 1,
  0 0 1,0 0 1,
  0 0 1,0 0 1,
  0 0 1,0 0 1,
  0 0 1,0 0 1,
  0 0 1,0 0 1,
  0 0 1,0 0 1,
  0 0 1,0 0 1,
  0 0 1,0 0 1,
  0 0 1,0 0 1,
  0 0 1,0 0 1,
  0 0 1,0 0 1,
  0 0 1,0 0 1,
  0 0 1,0 0 1,
  0 0 1,0 0 1,
  0 0 1,0 0 1,
  0 0 1,0 0 1,
  0 0 1,0 0 1,
  0 0 1,0 0 1,
  0 0 1,0 0 1,
  0 0 1,0 0 1,
  0 0 1,0 0 1,
  0 0 1,0 0 1,
  0 0 1,0 0 1,
  0 0 1,0 0 1,
  0 0 1,0 0 1,
  0 0 1,0 0 1,
  0 0 1,0 0 1,
  0 0 1,0 0 1,
  0 0 1,0 0 1,
  0 0 1,0 0 1,
  0 0 1,0 0 1,
  0 0 1,0 0 1,
  0 0 1,0 0 1,
  0 0 1,0 0 1,
  0 0 1,0 0 1,
  0 0 1,0 0 1,
  0 0 1,0 0 1,
  0 0 1,0 0 1,
  0 0 1,0 0 1,
  0 0 1,0 0 1,
  0 0 1,0 0 1,
  0 0 1,0 0 1,
  0 0 1,0 0 1,
  0 0 1,0 0 1,
  0 0 1,0 0 1,
  0 0 1,0 0 1,
  0 0 1,0 0 1,
  0 0 1,0 0 1,
  0 0 1,0 0 1,
  0 0 1,0 0 1,
  0 0 1,0 0 1,
  0 0 1,0 0 1,
  0 0 1,0 0 1,
  0 0 1,0 0 1,
  0 0 1,0 0 1,
  0 0 1,0 0 1,
  0 0 1,0 0 1,
  0 0 1,0 0 1,
  0 0 1,0 0 1,
  0 0 1,0 0 1,
  0 0 1,0 0 1,
  0 0 1,0 0 1,
  0 0 1,0 0 1] }
}
}
] }
] }
